asin,title,brand,price,sales,review_count,category,score,matched
B0FR42R14S,"Oddire Drones with Camera for Adults 4K, GPS Auto Return, Waypoint Flight, Orbit Fly, GPS Follow, Gesture Control, Foldable Drone with Brushless Motor, 249g Light, 48 Mins Flight Time with 2 Batteries",Oddire,,500+ bought in past month,627,攝影,4,"camera, 4k"
B0F8QTBGNP,"Drone with Camera for Adults, 2K HD FPV Drones with Upgrade Altitude Hold, One-Key Take Off/Landing, Speed Adjustment, Headless Mode, 2 Batteries, Toys Gifts for Teen Boys Girls, Beginner",Loiley,$39.98,3K+ bought in past month,1723,攝影,3,"camera, fpv"
B0FD9T2145,"GPS Drone with Camera, 2K HD Drones for Adults, Foldable FPV Drone with GPS Auto Return, Follow Me, Circle Fly, Waypoint Fly, 5G Transmission, Gestures Selfie, Brushless Motor, 2 Batteries, Charcoal",,$47.99,400+ bought in past month,433,攝影,3,"camera, fpv"
B0H3LW66X7,"GPS Drone with EIS Camera for Adults Beginners,4.5"" HD LCD RC Screen,Al Track&Orbit Mode,32G SD Card with Drone Professional Auto Return, Drones Long Range Follow Me,Gesture Control,under 249g",,$139.98,500+ bought in past month,72,攝影,2,camera
B0F4WZ3Q2J,"DJI Mini 4K Camera Drone Combo, Drone with 4K UHD Camera for Adults, Under 249 g, 3-Axis Gimbal Stabilization, 10km Video Transmission, Auto Return, 2 Batteries for 62-Min Max Flight Time, QuickShots | Drone With 4K UHD Camera for Adults, 3-Axis Gimbal, 10km Video Transmission, Auto Return, 62-Min Flight Time, QuickShots",DJI,$389.00,3K+ bought in past month,1870,攝影,9,"camera, gimbal, 4k, video, 3-axis"
B0DKHCZHCY,"Potensic ATOM 2 Drone with Camera for Adults 4K Video, 8K Photo, Under 249g, 3-Axis Gimbal, 10KM Transmission, AI Track, Vertical Shooting, AI Night Shot, QuickShots, Fly More Combo (96-Min Flight)",Potensic,$339.99,400+ bought in past month,1871,攝影,11,"camera, gimbal, 4k, 8k, video, 3-axis"
B0FYPWRFWF,"Drone with Camera, Screen on Controller Remote Control Quadcopter FPV Drone | Drone with Built-in Screen Controller for Beginners, Foldable, Gesture Control, 3D Flip, One-Key Start, and Emergency Stop",,$59.97,2K+ bought in past month,930,攝影,3,"camera, fpv"
B0CXJDDJ9X,"DJI Mini 4K, Drone With 4K UHD Camera, Under 249 g | 3-Axis Gimbal, 10km Video Transmission, Auto Return, Wind Resistance, 31-Min Flight Time, Intelligent Flight",DJI,$299.00,4K+ bought in past month,3965,攝影,9,"camera, gimbal, 4k, video, 3-axis"
B0F6XK911R,"DJI Mini 5 Pro Fly More Combo Plus with DJI RC 2, Drone with Camera, 1-Inch CMOS, 4K Drone for Beginners, Obstacle Sensing, ActiveTrack 360°, 225° Gimbal Rotation, Extended Battery Life | 4K Drone for Beginners, Obstacle Sensing, ActiveTrack 360°, 225° Gimbal Rotation, Extended Battery Life",DJI,"$1,159.00",,698,攝影,6,"camera, gimbal, 4k"
B0FB3SBPJ7,"Bwine F7GB2 Pro Drones with Camera for Adults 4K UHD Aerial 3-Axis Gimbal | 10000FT Control, 75 Mins Flight Time with 3 Batteries, GPS Follow, Waypoint, Orbit Fly, Auto Return, Beginner Mode",Bwine,$399.97,200+ bought in past month,794,攝影,8,"camera, gimbal, 4k, 3-axis"
B0GS77FXYC,DJI Mini 5 Pro Drone RC2 Fly More Combo Plus Lightweight Camera Aerial UAV Bundle | Extended Flight Smart Tracking Portable Kit with 64GB Card + Landing Pad + More,DJI,"$1,659.95",100+ bought in past month,14,攝影,2,camera
B0FN387TP3,"Dwi Dowellin GPS Drone with Camera for Adults,2K HD RC Plegable Drones with Auto Return,Follow Me and Lightweight,2 PCS Batteries for Long Flight Time,Easy Fly Quadcopter for Kids & Beginners",,$79.89,,,攝影,2,camera
B0FBR5JHJ6,"GPS Drone with Camera for Adults, 2K HD Foldable RC Quadcopter | FPV Live Video, Auto Return, Brushless Motor, Follow Me, Headless Mode, Kids Toys Gifts, Beginner Friendly",,$49.99,,,攝影,4,"camera, video, fpv"
B0D5CXY6X8,"FLYVISTA Cool Mini Drone with Camera for Kids Adults Beginners, 1080P FPV Camera Remote Control Drone for Kids with 2 Batteries, One-Click Take Off/Landing, Altitude Hold, Headless Mode, 360° Flips, 3-Gear Speeds , Emergency Stop, Toys Gifts for Adults Beginner and Kids",,$29.99,1K+ bought in past month,587,攝影,3,"camera, fpv"
B0FJ1QH15P,"DJI Neo 2 Motion Fly More Combo With RC Motion 3 & Goggles N3 | Stable Transmission With Digital Transceiver, 4K Drone for Beginners, FPV Flying, 3 Batteries",DJI,,1K+ bought in past month,858,攝影,3,"4k, fpv"
B0F6XN1J7K,"DJI Mini 5 Pro Fly More Combo With DJI RC 2, 1-Inch CMOS | 4K Drone for Beginners With Omnidirectional Obstacle Sensing, ActiveTrack 360°, 225° Gimbal Rotation, 3 Batteries",DJI,"$1,049.00",2K+ bought in past month,664,攝影,4,"gimbal, 4k"
B07FVZFFXD,"DJI Air 3S Fly More Combo (RC 2 Screen Remote Controller), 4K Drone | Drone With 1″ CMOS Wide-Angle & Medium Tele Camera for Adults, 4K/60fps, Omnidirectional Sensing, 3 Batteries",DJI,"$1,599.00",500+ bought in past month,806,攝影,4,"camera, 4k"
B0H25RH4VJ,"MSMV 4K Camera Drone for Adults Kids, Wireless RC Toys, Small Drone with Emergency Stop, One Button Return, Stable Altitude Hold, APP Control, 360° Flips, 2 Batteries & Carrying Case, Charcoal Black | OneButton Return, Emergency Stop, Headless Mode, 360° Flips, 2 Batteries & CarryingCase for Kids Adults Beginners",,$69.98,100+ bought in past month,,攝影,4,"camera, 4k"
B0FC5RTNX7,"Contixo F23 GPS Drone With Camera, 46 Min Flight Time, 4.5"" Screen Remote, Follow Me, Waypoints, 5GHz FPV Transmission, Return to Home, Hand Gestures, Orbit Mode Foldable Drones For Teens & Adults",Contixo,$149.99,100+ bought in past month,63,攝影,3,"camera, fpv"
B0H25P37NH,"MSMV 4K HD Drone With Camera, Wireless RC Toys for Boys Girls，Black | OneButton Return, Emergency Stop, Headless Mode, 360° Flips, 2 Batteries & CarryingCase for Kids Adults Beginners",,$69.98,300+ bought in past month,,攝影,4,"camera, 4k"
B09FJZMXY4,"AVIALOGIC Mini Drone with Camera for Kids, Remote Control Helicopter Toys Gifts for Boys Girls, FPV RC Quadcopter with 1080P HD Live Video Camera, Altitude Hold, Gravity Control, 2 Batteries, Black",,$39.99,1K+ bought in past month,,攝影,4,"camera, video, fpv"
B0F6MTMG7Z,"Oddire Drone with Camera - Drones for Adults, with 2 Batteries, Carrying Case, Propellers, 1080P HD Foldable Drone with Stable Hover, Trajectory Flight, Gravity Control, One Key Take Off/Land, 3D Flip",Oddire,$39.98,200+ bought in past month,1041,攝影,2,camera
B0H33HZLM9,"AE60 Ultra Drone with Camera for Adults, 3 Batteries,Carbon Fiber, | 4K Video and 8K Photo,3-Axis Mechanical Gimbal, 7.2"" Touch Screen Remote,360 Laser Obstacle Avoidance,800g Payload",,$669.99,,4,攝影,11,"camera, gimbal, 4k, 8k, video, 3-axis"
B0GWCMY198,"Foldable 1080P Drone with Camera for Kids & Beginners, Easy to Fly Toy Gift for Boys & Girls, One-Key Start, 3D Flips, Gesture Selfie, 2 Batteries",,$42.73,1K+ bought in past month,106,攝影,2,camera
B0DS2GVT2G,"DJI Mavic 4 Pro Fly More Combo With DJI RC 2, Flagship Tri-Camera Drone | 100MP 4/3 CMOS Hasselblad Camera, 30km/18.6mi Video Transmission, 51-Min Max Flight Time, Charging Hub, 3 Batteries",DJI,"$2,816.94",300+ bought in past month,194,攝影,3,"camera, video"
B0CXJCXN17,"DJI Mini 4K Fly More Combo, Drone with 4K UHD Camera for Adults, Under 249 g, 3-Axis Gimbal Stabilization, 10km Video Transmission, Auto Return, 3 Batteries for 93-Min Max Flight Time, QuickShots | Drone with 4K UHD Camera for Adults, 3-Axis Gimbal, 10km Video Transmission, Auto Return, 93-Min Flight Time, QuickShots",DJI,$445.00,2K+ bought in past month,1402,攝影,9,"camera, gimbal, 4k, video, 3-axis"
B0DS2HDF1M,"DJI Mavic 4 Pro Drone With DJI RC 2, Flagship Tri-Camera Drone | 100MP 4/3 CMOS Hasselblad Camera, Drone for Professionals, 30km/18.6mi Video Transmission, 51-Min Max Flight Time",DJI,"$2,199.00",100+ bought in past month,189,攝影,3,"camera, video"
B0BL3R3L45,"DJI Mini 3 Fly More Combo With DJI RC, 3 Batteries | Lightweight Camera Drone With 4K HDR Video, 114-Min Flight Time, Vertical Shooting, 32800ft (10km) Video Transmission",DJI,,1K+ bought in past month,3062,攝影,6,"camera, 4k, video, hdr"
B07FTPX71F,"DJI Neo, Mini Drone with 4K UHD Camera for Adults, 135g Self Flying Drone that Follows You, Palm Takeoff, Subject Tracking, QuickShots, Stabilized Video, Built-In Propeller Guard (Controller-Free) | 135g Self-Flying Drone That Follows You, Palm Takeoff, Subject Tracking, QuickShots, Stabilized Video (Controller-Free)",DJI,,500+ bought in past month,4313,攝影,5,"camera, 4k, video"
B0DT9H745X,"Drone with Camera for Adults Beginners Kids, Fun 1080P Foldable Mini Drone for Exciting Indoor Outdoor Play, RC Quadcopter with 2 Batteries, One Key Start, Easy to Fly, Altitude Hold, 3D Flips",,$39.98,1K+ bought in past month,675,攝影,2,camera
B0FCD63NMH,"GPS Drone with EIS Camera 4.5"" LCD Screen on Controller, FPV Drones Al Track&Orbit Mode with Professional with Auto Return Follow Me for Adult Beginner, GPS Brushless Drone Long Range Circle Fly,Under 249g",karuisrc,$199.99,500+ bought in past month,531,攝影,3,"camera, fpv"
B0GWCQS7QZ,"GPS Drone with Camera for Adults - 4K Drone with 4.5” FPV Screen Controller, 60 Min Flight, Brushless Motor Foldable Quadcopter, Auto Return, Follow Me, 3 Speed Modes for Beginners - Gift Under 249g",,$179.97,500+ bought in past month,122,攝影,5,"camera, 4k, fpv"
B0DS49VDHG,"DJI Mavic 4 Pro 512GB Creator Combo With DJI RC Pro 2, Tri-Camera Drone | Flagship 100MP 4/3 CMOS Hasselblad Camera, 51-Min Max Flight Time, 3 Batteries, Charging Hub, 240W Power Adapter",DJI,"$3,500.00",100+ bought in past month,207,攝影,2,camera
B07T2P9ZGH,"Q9s Drones for Kids,RC Drone with Altitude Hold and Headless Mode,Quadcopter with Blue&Green Light,Propeller Full Protect,2 Batteries and Remote Control,Easy to fly Kids Gifts Toys for Boys and Girls",,$39.98,2K+ bought in past month,6218,消費級/其他,0,propeller
B0FXGPGYFP,"2K HD FPV Drone with Camera for Adults - Altitude Hold, One-Key Takeoff/Landing, 3 Speed Modes, Headless Mode, 2 Batteries, Foldable & Portable, Best Gifts for Beginners, Teen Boys & Girls",,$49.98,600+ bought in past month,131,攝影,3,"camera, fpv"
B0FJ1STVP4,"DJI Neo 2 Fly More Combo With RC-N3 Remote Controller | Stable Transmission With Digital Transceiver, 4K Drone for Beginners, 3 Batteries",DJI,,1K+ bought in past month,695,攝影,2,4k
B0H46HX9TF,"TD12Pro Drone with 1080P Camera for Adults Kids, Mini Drone with LCD Screen Remote, Foldable Remote Control Quadcopter, One Key Start, Easy to fly, Toy for Kids Adult Beginners",,$49.99,200+ bought in past month,22,攝影,2,camera
B0BFWS4N4T,"Potensic ATOM SE GPS Drone with 4K EIS Camera, Under 249g, 62 Mins Flight, 4KM FPV Transmission, Brushless Motor, Max Speed 16m/s, Auto Return, Lightweight and Foldable Drone for Adults Beginner",Potensic,$229.99,500+ bought in past month,6705,攝影,5,"camera, 4k, fpv"
B0D3515Y26,"Swifsen Drones for Kids with Camera,Rc Drone Indoor Small Helicopter,Birthday Gifts for Boys and Girls Beginners Friendly,Mini Quadcopter Toy With 2 Batteries,Propeller Protect,Altitude Hold",,$39.99,500+ bought in past month,1306,攝影,2,camera
B0DG2DJCN9,"Drone with 1080P Camera - Foldable Remote Control RC Quadcopter FPV Drone | Camera Drone with Gesture Control, 3D Flip, One Key Start, Emergency Stop, 2 Batteries, Toy Drone for Kids Adult Beginners",,$39.95,1K+ bought in past month,1775,攝影,3,"camera, fpv"
B0F26DDHLF,"Drone with Camera 1080P HD, Mini Drone for Beginners Kids Adults, RC Quadcopter with 2 Batteries, Carrying Case, Stable Hover, Trajectory Flight, Gravity Control, One Key Take Off/Land, Black",,$39.98,400+ bought in past month,411,攝影,2,camera
B0H28DQYHL,"GPS Drone with EIS 4K Camera for Adults , RC Drones with 4.5 inch HD Screen on Controller, Auto Return, 3 Batteries for 90 min Flight Time, 3280 FT Long Control Range Transmission, Circle Fly and Follow Me Mode, Foldable Quadcopter for Beginner Gifts Toy, Under 249g",,$139.99,500+ bought in past month,26,攝影,4,"camera, 4k"
B0DGL5SX8N,"Autel Robotics EVO II PRO RTK V3 w/Real-time Centimeter-Level Positioning | S-ony 1'' 6K/30fps HDR Camera, GNSS Base Station & PPK Support, Remote ID, 38 Min, 15KM, for Mapping/Urban Planning/Searching",Autel,"$2,999.00",,16,攝影,3,"camera, hdr"
B07FTRYVT5,"DJI Neo Fly More Combo, Mini Drone With 4K UHD Camera for Adults | 135g Self-Flying Drone That Follows You, Palm Takeoff, Subject Tracking, QuickShots, With RC-N3 and 3 Batteries",DJI,$245.00,500+ bought in past month,3079,攝影,4,"camera, 4k"
B0H1C9S5B2,"1080P Drones with Camera for Adults, FPV App Control Quadcopter with Carrying Case, Foldable Drone with 2 Batteries, Optical Flow Hover, One Key Start, 3 Speed Modes and 360° Flip",,$43.99,400+ bought in past month,15,攝影,3,"camera, fpv"
B0H2ZBKGQZ,"Drone with Camera 1080P HD, Mini Drone for Beginners Kids Adults, Foldable RC Quadcopter with Stable Hover, Trajectory Flight, One Key Take Off/Land, 2 Batteries, Toys for Boys and Girls (Black)",,$39.98,500+ bought in past month,79,攝影,2,camera
B0DG9VCNG7,"Drones with Camera for Adults 4K, Foldable Beginner Drone with Brushless Motor, Auto Follow, Tap Fly, Circle Fly, One Key Start, Under 249g",,$98.99,,1116,攝影,4,"camera, 4k"
B0BL3NZT5D,"DJI Mini 3 With DJI RC, 3-Axis Mechanical Gimbal Mini Camera Drone | 4K HDR Video, 38-Min Flight Time, up to 32800ft (10km) Video Transmission, Vertical Shooting, GPS Auto Return",DJI,,500+ bought in past month,2547,攝影,10,"camera, gimbal, 4k, video, 3-axis, hdr"
B0H28MY4K6,"GPS Drone with EIS 4K Camera, RC Drones with 4.5 inch HD Screen on Controller, Auto Return, 3 Batteries for 90 min Flight Time, 3280 FT Long Control Range Transmission, Circle Fly and Follow Me Mode, Foldable Quadcopter for Beginner, Under 249g",,$139.99,200+ bought in past month,114,攝影,4,"camera, 4k"
B07FTJ8RXY,"DJI Flip With RC 2 Screen Remote Controller, Follow Me Drone With 4K UHD Camera for Adults, Under 249 g, 3-Axis Gimbal Stabilization, 44000ft/13km Video Transmission, Palm Takeoff, 31-Min Flight Time | Follow Me Drone, 4K UHD Camera for Adults, 3-Axis Gimbal, 13km Video Transmission, Palm Takeoff, 31-Min Flight Time",DJI,$639.00,100+ bought in past month,317,攝影,9,"camera, gimbal, 4k, video, 3-axis"
B0CS6GJJJG,"DJI Avata 2 Fly More Combo (1 Battery), FPV Drone With Camera 4K | Includes Goggles 3 & RC Motion 3, Immersive Flight Experience, Built-in Propeller Guard, Easy Flip/Roll",DJI,,100+ bought in past month,515,攝影,5,"camera, 4k, fpv"
B08VNW67MF,"Holy Stone HS175D GPS Drone with 4K Camera for Adults, Under 249g, Foldable RC Quadcopter with Auto Return, 46 Mins Long Flight, Follow Me, Brushless Motor, Circle Fly, Waypoint Fly, Altitude Hold",Holy Stone,$149.99,400+ bought in past month,7472,攝影,4,"camera, 4k"
B085J1BKVF,"Autel Robotics EVO 2 Pro V3 w/Son-y 1"" CMOS Sensor & 6K HDR Video | Moonlight Algorithm 2.0, Max ISO 44000,12-Bit DNG, 6.4"" Smart Controller SE, 360° Obstacle Avoidance, 15KM & 40 Min, Orange",Autel,"$2,099.00",,230,攝影,2,"video, hdr"
B0H1V5PNTW,"1080P Drones with Camera for Adults, FPV App Control Quadcopter with Carrying Case, Foldable Drone with 2 Batteries, Optical Flow Hover, One Key Start, 3 Speed Modes and 360° Flip (White)",,$71.99,,,攝影,3,"camera, fpv"
B0FXC152H4,"DJI Mini 5 Pro Drone Fly More Combo Plus with RC 2, 1"" CMOS Sensor, 4K Video, Omnidirectional Obstacle Sensing, 3 Battery Bundle with Deco Gear CPS Exclusive 26Month Protection Pack BEACH-CPS-26M1500",DJI,"$1,399.00",,10,攝影,3,"4k, video"
B0FM6D6G4G,"DJI Mavic 4 Pro Triple Camera Flagship Drone Creator Combo (DJI RC Pro 2), 512GB Onboard Storage, 100MP Hasselblad Camera, 6K HDR Video, 0.1-Lux Nightscape, Obstacle Sensing Bundle with Deco Gear Kit",DJI,"$4,099.00",,11,攝影,4,"camera, video, hdr"
B0FCSN8R7S,"SKYROVER X1 Drone with Camera Combo for Adults, 4K/60fps Video, 8K Photo, 360° Obstacle Avoidance, Under 249g, 9.32-Mi Transmission, Vertical Shooting, AI Night Shot, 96-Min Flight Time with 3 Batteries",,$499.00,400+ bought in past month,413,攝影,7,"camera, 4k, 8k, video"
B0GWCWZLCQ,"F417PRO FPV Drone with 1080P Camera Screen Remote for Adults Beginners Kids | RGB LED Light FPV Brushless Motor Drone, Headless Mode Altitude Hold Optical Flow Positioning,One Key Start/Landing Type C",,$62.99,,185,攝影,3,"camera, fpv"
B0DPKMTFXC,"G11PRO 6K Drone with Camera for Adults, 4K/30fps Video | 3-Axis Brushless Gimbal, 70mins Flight Time with 2 Batteries, 10000ft Long Range,Auto Return, FAA compliance",,$386.99,300+ bought in past month,260,攝影,9,"camera, gimbal, 4k, video, 3-axis"
B0H3T9M45L,"V918 GPS Drone with 8K Camera for Adults, RC Drones with 5 inch HD Screen | 90 Mins Flight Time, 3KM Control Range, 360° Obstacle Avoidance, Auto Return Follow Me, Foldable Quadcopter for Beginner Gift",,$199.99,,,攝影,4,"camera, 8k"
B0H97TGXD7,"Drones with Camera for Adults 4K, 5.7"" FPV Touchscreen, Auto Return, Follow | Beginner Mode, 100-Min Flight, Long Range Transmission, Follow, Foldable RC Quadcopter 2 Batteries, Ideal for Adults",,$199.99,,,攝影,5,"camera, 4k, fpv"
B0FGPLQ7L5,"LED RC Drone for Kids 6+, Christmas Birthday Gift for Boys & Girls with Remote Batteries, 360° Flips, 3 Speed Modes, 45 Min Flight Indoor and Outdoor Flying Toy - Blue Yellow",,$37.96,500+ bought in past month,,消費級/其他,0,
B0FJ2R344S,"DJI Mavic 4 Pro Drone Fly More Combo 6K60 HDR, 100MP, 51-Min Max Flight Time, 18.6-Mile Range, ActiveTrack 360 Subject/Vehicle Tracking, Omnidirectional Avoidance Bundle with 128GB Memory, 2 Year CPS Warranty, Backpack, Bundle It Better Lens Cloth + More",DJI,"$3,299.00",,24,攝影,1,hdr
B0HBW3BXZY,"PLEGBLE Drones with Camera for Adults 4K, Beginner FPV Drone | Brushless Motor, 30 Mins Flight Time, Foldable Design, One-Key Takeoff/Landing, Emergency Stop, Under 249g, Gift for Kids",,$49.99,,40,攝影,5,"camera, 4k, fpv"
B0HBQFFPBN,"Safe Beginner Drone with 1080P Camera, Optical Flow Hover FPV Quadcopter with Propeller Guards, 2 Batteries, Carrying Case, Headless Mode, Foldable Mini Drone for Adults & Teens",,$19.99,,,攝影,3,"camera, fpv"
B0FSL3XKX3,"Potensic Atom 2 Fly More Combo with RC PTD 1, Drones with Camera for Adults 4K Video, 8K Photo, 10KM Transmission, 96 Mins Flight, 3-Axis Gimbal, AI Track, Vertical Shooting, AI Night Shot, Under 249g",Potensic,$493.99,300+ bought in past month,1872,攝影,11,"camera, gimbal, 4k, 8k, video, 3-axis"
B0DJQDPTC1,"GPS Drones with 4K Camera for Adults with Brushless Motor and Follow Me Mode,Long Flight Time and Distance,5G FPV Transmission and Auto Return,G9 Foldable RC Quadcopter for Beginner,Under249g (Dark gray)",,$99.99,200+ bought in past month,,攝影,5,"camera, 4k, fpv"
B0CLD14VL3,"Contixo F21 Pro Drone with Dual Camera, 30 Min Flight Time With 2 Batteries, 4.3"" Screen Remote, Obstacle Avoidance, Optical Flow Hover, 2.4GHz FPV, Altitude Hold, 3D Flip Drones For Adult Teenager",Contixo,$79.99,,,攝影,3,"camera, fpv"
B0FM3ZM713,"GPS Drone with Camera for Adults, 2K HD GPS Drones with Auto Return, Follow Me, Circle Fly, Waypoint Fly, Optical Flow, Brushless Motor, Foldable 5G Transmission FPV Quadcopter",,$59.96,,1530,攝影,3,"camera, fpv"
B0G1BY9H6G,"Ruko U11MINI 4K (RC3) Camera Drone for Adults with 5.5"" Touchscreen Remote | 8K Photo 4K Video Quadcopter, 3-Axis Gimbal, 20000ft FPV, Under 249g FAA Exempt, Beginner Friendly (64-Min Flight)",Ruko,$499.99,,65,攝影,12,"camera, gimbal, 4k, 8k, video, fpv, 3-axis"
B0H4L87CHG,"Drone with Camera for Adults 4K,Brushless Motor,5G FPV,Optical Positioning | Under249G,5G FPV Video Transmission,Long Range,120°FOV Camera,90°Adjustable Lens,2Batteries,Carrying Case,Easy for Beginner",,$89.99,100+ bought in past month,24,攝影,6,"camera, 4k, video, fpv"
B0BBVZ849G,"Drone with 1080P Camera for Beginners and Adults, Foldable Remote Control Quadcopter with Voice Control, Gestures Selfie, Altitude Hold, One Key Start, 3D Flips, 2 Batteries, Toy for Beginners",,$44.99,300+ bought in past month,4220,攝影,2,camera
B0F9Y4BCM5,"4DRC RC Planes Remote Control Airplanes for Kids, Foam Remote Control Planes for Kids Adults Beginners, Remote Control Helicopter Fighter Jet Drones for Kids Adults, 360° Flip Easy to Fly",4DRC,$29.58,5K+ bought in past month,,消費級/其他,0,
B0GYP8Q49F,"Drone with 1080P Camera, Remote Control Quadcopter with Gesture Selfie, Altitude Hold, One Key Start, 3D Flips, 2 Batteries, Black",,$57.99,100+ bought in past month,,攝影,2,camera
B0G2LMBZDK,"Ruko U11MINI 4K GPS Drone with Camera for Adults (96-Min Flight) | 8K Photo 4K Video Mini Quadcopter, 3-Axis Gimbal, Auto Return, Under 249g FAA Exempt, Beginner Friendly",Ruko,$399.99,100+ bought in past month,12,攝影,11,"camera, gimbal, 4k, 8k, video, 3-axis"
B0H19K3R7N,"2026 Professional Tablet Remote Pro Drones with Camera for Adults 4k Videos, 360 Obstacle Avoidance, Payload Release, 3-Axis Gimbal, Night Mode, 90 Minutes Long Batteries, 6 Miles Safe Long Range, High Wind Resistance, Rainproof, Beginner Mode,DarkGrey",,$999.00,100+ bought in past month,21,攝影,9,"camera, gimbal, 4k, video, 3-axis"
B0HBPY86F6,"1080P FPV Camera Drone with Optical Flow Hover, Foldable Starter Quadcopter with 2 Batteries, Carrying Case, Propeller Guards, Headless Mode, 3 Speeds, Easy Flight Drone for Beginners",,,,,攝影,3,"camera, fpv"
B0H725L466,"Drone with Camera LCD Screen RC FPV Drone with Brushless Motor Professional Live Video UHD, Drones for Adults Foldable Mini Quadcopter for Beginners, 360° Flips Support 32G SD Card MAX Under 250G Gifts",,$69.99,50+ bought in past month,121,攝影,4,"camera, video, fpv"
B0FZB1B93C,"2K Drone with Camera for Adults, FPV Mini Drone | Brushless Motor, 36 Min Flight Time, 2 Batteries, One-Key Takeoff/Landing, Gesture Selfie, Foldable, for Adults & Beginners",,$43.99,400+ bought in past month,165,攝影,3,"camera, fpv"
B0GDDTF7CF,"Drone With Camera For Beginner,Build-in Screen,No Phone Needed,2 Batteries | With SD Card,Brushless Motor,Auto Hover,One Key Take Off/Land,360° Flips,Headless Mode",,$49.99,100+ bought in past month,,攝影,2,camera
B0HBC65SQP,"Drone with Camera, 1080P FPV Foldable Drone with Gestures Selfie, Waypoint Fly, 3D Flips for Adults Beginners Blue 1",,$19.99,,,攝影,3,"camera, fpv"
B0HBC6WR74,"Drone with Camera, 1080P FPV Foldable Drone with Gestures Selfie, Waypoint Fly, 3D Flips for Adults Beginners Blue 2",,$19.99,,,攝影,3,"camera, fpv"
B0GXWRKNK3,"DJI Matrice 4TD Quadcopter with RC Plus 2 Enterprise, Thermal, Wide & Tele Lenses, Laser Range Finder, Low-Noise Anti-Ice Propellers, IP55",DJI,,,2,多用途,0,propeller
B0FD43JQT3,"Specta Mini Drone with Camera 4K for Adults, 32800ft FPV Transmission, Easy to Fly, 3 Aixs Gimbal, 31-Min Flight, 4K/30fps, Under 249g Portable Drone for Beginners",,$199.00,200+ bought in past month,197,攝影,7,"camera, gimbal, 4k, fpv"
B0H8VTKLYR,"VR FPV Drone with HD Camera and VR Goggles Kit, High-Performance Brushless Motor RC Quadcopter with Remote Controller, Optical Flow Positioning for Stable Hover, Full Propeller Guard Collision-Resistant Structure, Easy to Fly Indoor Outdoor Video Drone Hobby for Adults, Beginners and Starters",,$109.99,,2,攝影,4,"camera, video, fpv"
B0HBC8T2D9,"Drone with Camera, 1080P FPV Foldable Drone with Gestures Selfie, Waypoint Fly, 3D Flips for Adults Beginners Blue 4",,$19.99,,,攝影,3,"camera, fpv"
B0HBBYCY97,"Drone with Camera, 1080P FPV Foldable Drone with Gestures Selfie, Waypoint Fly, 3D Flips for Adults Beginners Blue 7",,$19.99,,,攝影,3,"camera, fpv"
B0C1N7Z2ND,"Holy Stone GPS Drone with 4K UHD Camera for Adults Beginner; HS360S 249g Foldable FPV RC Quadcopter with 10000 Feet Control Range, Brushless Motor, Follow Me, Smart Return Home, 5G Transmission",Holy Stone,$152.98,200+ bought in past month,2780,攝影,5,"camera, 4k, fpv"
B07PBD6J2W,"Holy Stone Mini Drone for Kids and Beginners RC Nano Quadcopter Indoor Small Helicopter Plane with Auto Hovering, 3D Flips, Headless Mode and 3 Batteries, Great Gift Toy for Boys and Girls, HS210 Blue",Holy Stone,$39.99,500+ bought in past month,16084,消費級/其他,0,
B0GR5WY335,"GPS Drone with Camera for Adults, 2K FPV Drone with 4.5"" Screen Remote Controller, Brushless Motor, Auto Return, Follow Me, Tap Fly & Circle Fly, Long Flight Time Foldable Quadcopter for Beginners",,$105.99,100+ bought in past month,1250,攝影,3,"camera, fpv"
B0HBBYBXYP,"Drone with Camera, 1080P FPV Foldable Drone with Gestures Selfie, Waypoint Fly, 3D Flips for Adults Beginners Blue 5",,$19.99,,,攝影,3,"camera, fpv"
B0GYYLLHSD,"2650 ft Control Range 4K Drone with Camera for Beginners–84 min Flight Time 3 Batteries, WiFi Quadcopter Brushless Motor, Auto Hover, Follow Me",,$89.99,,,攝影,4,"camera, 4k"
B0GV311HT8,"4K UHD GPS Drone with Camera for Adults N11 Pro, 90 Min 3 Battery Long Flight Time, Auto Return, Follow Me, Long Control Range, Brushless Motor, 5G FPV RC Quadcopter for Beginners",,$109.99,300+ bought in past month,74,攝影,5,"camera, 4k, fpv"
B0GD5S36CR,"Autel Robotics EVO Lite 640T Enterprise Bundle, 866g Lightweight | 640x512 T~hermal&1/2'' CMOS 48MP V~isible C-a-mera, 1-16x Digital Zoom, AI Target Recognition, 40Min, 12KM Transmission",Autel,"$3,579.00",,5,多用途,0,no-aircraft-word
B0H6D2V2RN,"V168 Pro MAX GPS Drones with Camera for Adults 4K, RC Drone with 4.5"" HD Screen on Controller, 60 Mins Flight, Long Range Transmission, 360° Obstacle Avoidance, Follow Me, Auto Return, Brushless Motor, QuickShots, Lightweight and Foldable Quadcopter for Beginner Toy Gifts",,$159.99,50+ bought in past month,16,攝影,4,"camera, 4k"
B0H14VVD7B,"PRO Drone with Camera for Adults 4K, Brushless Motors Drone for Kids Beginners, 40mins Flight Time with 2 Batteries, FPV Foldable RC Quadcopter, Toys Gifts for Teen Boys Girls, Beginner (Grey)",,$49.98,500+ bought in past month,123,攝影,5,"camera, 4k, fpv"
B0FX9RW37B,"FPV Drone with Camera 4K for Adults,Big Screen on Remote Controller,2 pcs Batteries and Carrying Case,Gift for Men,Easy Fly Quadcopter for Beginners with Optical Flow Positioning",,$119.99,50+ bought in past month,137,攝影,5,"camera, 4k, fpv"
B0GGB37V49,"Ruko F11PRO 2 Plus Drone with 48MP Camera, 8K Photo, Tech Gift for Adult | Clear Night Shots, 74 Mins Flight Time (2 Batteries), 3-Axis Gimbal Stabilizer, 20,000ft Transmission, Beginner-Friendly",Ruko,$619.99,100+ bought in past month,1063,攝影,8,"camera, gimbal, 8k, 3-axis"
B0H4LP4Q9X,"4K UHD GPS Drone (Equipped with dual cameras), Foldable Drone, small-scale Drone Control Quadcopter With Height Setting Function, Six-pass Gyroscope, Gesture Photo, Video Recording, Headless Mode, Emergency Stop, Trajectory Gravity Sensing, and Auto-photography for Adults and Teenager(60 minutes flight time)",,$99.97,50+ bought in past month,14,攝影,7,"camera, 4k, photography, video"
B0F18C5HMC,"SYMA X100 Indoor Drone for Kids 8-12, Obstacle Avoidance, Full Guard | 20-Min Flight with 2 Batteries, One-key 360° Flips, Altitude Hold and Full Propeller Guard for Safe Indoor Flying",Syma,$44.99,200+ bought in past month,918,消費級/其他,0,propeller guard
B0DWMGJFLL,"Autel Robotics EVO II Dual 640T Enterprise V3 w/Strobe/Spotlight/Loudspeak | 640*512 30Hz T~hermal&8"" RYYB CMOS Sensor,10 Color Schemes, 4X lossless Zoom, 42 Min,15KM, Support Remote ID",Autel,"$4,599.00",,11,多用途,0,no-aircraft-signal
B0CBLQDJ98,"Potensic ATOM SE GPS Drone with 4K EIS Camera, Under 249g, 93 Mins Flight, 4KM FPV Transmission, Brushless Motor, Max Speed 16m/s, 60W Fast Parallel Charging Hub, Fly More Combo",Potensic,$279.99,100+ bought in past month,6705,攝影,5,"camera, 4k, fpv"
B0GXX5J2YX,"DJI Inspire 3 Professional Cinema Drone Combo with Zenmuse X9-8K Air Gimbal Camera, RC Plus Controller, 6x TB51 Intelligent Batteries, 1TB PROSSD, and Trolley Case",DJI,,,,攝影,6,"camera, gimbal, 8k"
B0F13PRVR8,"Ruko Drone with Camera for Adults 4K Video & 8K Photo, 96 Mins Flight Time | 20000FT Transmission, 3-Axis Brushless Gimbal, 249g FAA-Exempt, GPS with Beeper, Auto Return, GPS Follow, Beginner Friendly",Ruko,$299.98,100+ bought in past month,286,攝影,11,"camera, gimbal, 4k, 8k, video, 3-axis"
B07FCSMWKL,FAA Part 107 Drone Exam AudioLearn: Complete Audio Review for the Remote Pilot Certification Exam,,$0.00,,38,非無人機商品,0,book
B0G48TTQHQ,"Drone for Kids with Camera, Foldable RC Quadcopter with 4.5"" Remote Screen, Brushless Motor, Optical Flow Hover, Adjustable Camera, 360° Flip, Gesture Photo/Video, One Key Start/Land, Birthday Gift Toy",,$87.99,100+ bought in past month,28,攝影,3,"camera, video"
B0G4SK8FY7,DJI DJI Matrice 4TD (No Care),DJI,"$7,640.00",,,多用途,0,no-aircraft-signal
B0GV432RCL,"2650 ft Control Range 4K Drone with Camera for Beginners–84 min Flight Time, WiFi Quadcopter Brushless Motor, Auto Hover, Follow Me (3 Batteries)",,$89.99,100+ bought in past month,,攝影,4,"camera, 4k"
B09JYQ83BN,"Autel Robotics EVO MAX 4N V2, Starlight Night-Vision/Wide/T~hermal/L~aser | 4 Cameras in One, 5KM Night Vision Observation, A-Mesh, 720° Obstacle Avoidance, Triple Anti-Jamming, 42 Min, Autel SDK",Autel,"$8,699.00",,3,攝影,2,camera
B09HH8B79P,"DJI Mavic 3, Drone with 4/3 CMOS Hasselblad Camera, 5.1K Video, Omnidirectional Obstacle Sensing, 46 Mins Flight, Advanced Auto Return, 15km Video Transmission, FAA Remote ID Compliant, Gray",DJI,"$2,499.00",,298,攝影,3,"camera, video"
B0FVG3688J,"Drone Engineering: A Complete Roadmap for Designing, Building and Flying UAVs",,$33.99,,5,非無人機商品,0,book
B0FHT5BSGD,"DJI P4 Multispectral Agriculture Drone, 3-Axis Stabilized Camera, RGB + 5 Multispectral Sensors, RTK Module, 27-Min Flight Time, 4.4-Mile Range",DJI,"$6,999.00",,,攝影,4,"camera, 3-axis"
B0DQ6XY8NN,"Mini Drone with Camera, Remote Control Drone for Ages 8-12 & Beginner | 1080P FPV Camera RC Quadcopter for Exciting Indoor Outdoor Play, with 2 Batteries, Toy Gifts for Adults BeginnerS and Kids",,$39.99,,,攝影,3,"camera, fpv"
B0GWV47WYM,"4K Dual-Camera Drone with GPS for Adults & Teens - Foldable RC Quadcopter with Auto Focus, 30 Mins Flight Time, Follow Me, Waypoint Flight, Headless Mode, 6-Axis Gyro, One-Key Emergency Stop - Black",,$109.90,,,攝影,4,"camera, 4k"
B09KPVN2DH,"DRONEEYE 4DV13 Drone with 1080P HD Camera for Kids Adults,Remote Control Helicopter Quadcopter for Beginners boy Toys Gift,Waypoint Functions,Altitude Hold, Gesture Selfie,3D Flips,2 Batteries,Black",,$32.99,50+ bought in past month,,攝影,2,camera
B0GWCCLDBZ,"Veeniix Drone for Kids 360° RGB Rotation RC Quadcopter Altitude Hold | 3 Speed One key take off landing, side fly support, trim function, indoor outdoor flight, Gift for boys and girls",,$49.99,,,消費級/其他,0,
B0FDKPQBB5,"Mini Drone with 1080P Camera for Adults and Beginner,RGB LED Light FPV Drone Quadcopter for Beginners,One Key Take Off/Land Altitude Hold,Optical Flow Positioning Gravity Gesture Control",,$39.99,50+ bought in past month,,攝影,3,"camera, fpv"
B0FHQDS8L9,"PLEGBLE Drones with Camera for Adults 4K, GPS Drone with Controller Screen | EIS 4K Camera, 5.0"" Screen on Controller, 70 Mins Flight, Long Range Transmission, AI Track & Orbit, Follow Me, Auto Return",,$199.99,200+ bought in past month,,攝影,4,"camera, 4k"
B0DZXHCV12,"Veeniix 6K Photo 3 Axis Gimbal Camera Drone Brushless Quadcopter | Outdoor aerial photography, adults beginners, 4K video, 70min flight, 10000ft FPV, FAA RID",,$159.89,50+ bought in past month,361,攝影,12,"camera, gimbal, 4k, photography, aerial photo, video, fpv"
B0BL6VJSPD,"Contixo F19 Drone With 1080p HD FPV Camera, 20 Min Flight 360° Flips Brushless Motor RC Quadcopter With Altitude Hold, Obstacle Avoidance, Follow Me For Novice Beginner's Kids And Adults, 2 Batteries",Contixo,$44.99,50+ bought in past month,,攝影,3,"camera, fpv"
B0GWHS9DHG,"K600GPS Brushless Drones with EIS Camera for Adults Beginners Kids, Drone with 4.5'' Screen on Controller, FPV Drone with Auto Return Follow Me Mode, Drone with GPS for Adult Holiday Gifts, Under 249g",,$139.98,200+ bought in past month,,攝影,3,"camera, fpv"
B0DFY9KKHY,"BEZGAR Drone with LED Lights for Adults and Kids Beginners, White | 1080P HD Drone with Camera, Foldable Drones for Kids RC Quadcopter with One Key Take Off 3D Flips, 2 Batteries, Toys for Boys",,$36.99,,,攝影,2,camera
B0FMJRRHKB,"JoyRapt Drones for Kids Foam RC Plane, Remote Control Airplane | Toys and Gifts for 6 8 10 Years Old Boys, Jet Helicopter Drones with LED Lights 360° Flip, 2 Rechargeable Batteries",,$25.49,2K+ bought in past month,,消費級/其他,0,
B08D2968XC,"SHARPER IMAGE 2.4GHz RC Glow Up Stunt Drone with LED Lights, Mini Remote Controlled Quadcopter with Assisted Landing, Small Plane for Kids and Beginners, Wireless and Rechargeable",,$24.99,300+ bought in past month,258,消費級/其他,0,
B0GHDTJPHM,"Wing One GPS Camera Drone, 3-Axis Gimbal & Obstacle Avoidance | 3-axis gimbal, GPS return, touchscreen control and night vision help capture stable aerial footage with ease.",,$299.99,,,攝影,6,"camera, gimbal, 3-axis"
B0F93J8KRX,"GPS Drone with 4K HD Camera for Adults,4.5 inch HD Screen on Remote Controller,FPV RC Drones with Auto Return, Follow Me and Lightweight,2 PCS Batteries for Long Flight Time,Easy Fly Quadcopter for Beginners,Under 250g",,$149.99,100+ bought in past month,,攝影,5,"camera, 4k, fpv"
B0FXGB5WW8,"X15 Drone with 1080P HD Camera for Adults Beginners, Drone with Brushless Motor, One Key Takeoff/Landing, Trajectory Flight, Gesture Control, 3 Speed Modes, Modular Battery, Gift for Adults",,$69.99,50+ bought in past month,,攝影,2,camera
B0GQH9SPKT,"Drone with 4K Camera for Adults - B16 GPS Under 250g, Brushless Motor, Lightweight and Foldable RC Quadcopter for Beginners Toys Birthday Present, 50 Mins Long Flight",,$139.99,200+ bought in past month,,攝影,4,"camera, 4k"
B07D5R2JKL,"Parrot PF728000 ANAFI Drone, Foldable Quadcopter Drone with 4K HDR Camera, Compact, Silent & Autonomous, Realize your shots with a 180° vertical swivel camera, Dark Grey",Parrot,,,1133,攝影,5,"camera, 4k, hdr"
B0DFXXKGDX,"BEZGAR LED Lights Drone with Camera for Adults and Kids Beginners, Black | Drone with Camera 1080P HD, Foldable Drones for Kids RC Quadcopter with One Key Take Off 3D Flips, 2 Batteries, Toys for Boys",,$39.99,50+ bought in past month,,攝影,2,camera
B0CF8NXJ57,"Potensic ATOM 4K GPS Drone, 3-Axis Gimbal, 96 Mins Flight, 6KM Transmission | 4K/30FPS QuickShots, Visual Tracking, Under 249g, Lightweight for Adults and Beginners, Travel Photographers, Fly More Combo",Potensic,$319.99,100+ bought in past month,4126,攝影,6,"gimbal, 4k, 3-axis"
B0C6MDP4CJ,"Holy Stone HS600 2-Axis Gimbal Drones with Camera for Adults 4K EIS, Integrated Remote ID, 20000 FT Range Transmission, GPS Drone with Brushless Motors, 4K/30FPS, Follow Me, Level 6 Wind Resistance",Holy Stone,$249.99,,,攝影,6,"camera, gimbal, 4k"
B0FDFSQHCM,"GPS Drone with EIS 4K Camera for Adults Kids, RC Drones with 4.5 inch HD Screen on Controller,Auto Return,2 Batteries for 45 min Flight Time,Long Range Transmission,Circle Fly and Follow Me Mode,Foldable Quadcopter for Beginner Kids Gifts Toy,Under 249g",,$145.99,200+ bought in past month,,攝影,4,"camera, 4k"
B0H796199L,"1080P Drone with Camera for Kids & Adults Beginners, Foldable FPV Quadcopter with One Key Takeoff/Landing, Gesture Control, 360° Flips, 2 Batteries, Toy Gift for Teen Boys and Girls",,$44.99,200+ bought in past month,,攝影,3,"camera, fpv"
B01M25O8E0,Holy Stone HS190 Foldable Mini Nano RC Drone for Kids Gift Portable Pocket Quadcopter with Altitude Hold 3D Flips and Headless Mode Easy to Fly for Beginners,Holy Stone,$29.69,200+ bought in past month,,消費級/其他,0,
B0F66ZJYF5,"Bwine F7MINI 4K Video 8K Photo Drones with Camera for Adults, 3-Axis Gimbal EIS, 96Mins, 249g FAA-exempt, Over 6KM Transmission, Al GPS Smart Return, Follow, Waypoint, Orbit Fly, Better for Beginner",Bwine,$399.99,,,攝影,11,"camera, gimbal, 4k, 8k, video, 3-axis"
B0FNY58362,Drones: What Everyone Needs to Know®: What Everyone Needs To Know?,,$0.00,,,非無人機商品,0,book
B0H2LX34C9,"LEFEET Civilian Drone, Waterproof Aerial & Underwater Hybrid Drone with HD Camera, GPS Navigation for Marine Exploration",,"$19,999.00",,,非無人機商品,0,underwater
B0GG8P2651,"HAWK’S WORK F450 DIY Drone Kit, Open Source DIY 450mm Quadcopter Set (A) | Pixhawk-based open source DIY kit, wide component compatibility, fast assembly, for UAV education & research",,$399.99,,,多用途,0,
B0DSL2KPRQ,"Autel Robotics EVO Lite 6K Enterprise Plus Combo, AI Target Recognition | 1'' CMOS 6K Camera, F2.8~F11 Aperture,16x Digital Zoom, 40 Minutes, 12KM Transmission, 3-Way Obstacle Sensing, 3 Batteries",Autel,"$1,899.00",,,攝影,2,camera
B0H32JDJB5,"Drone with Camera 1080P for Kids, Adults & Beginners, Foldable Mini Drone, RC Quadcopter with 2 Batteries, One Key Takeoff and Landing, 360° Flip, Gesture Control, Toy Gift for Boys, Girls",,$44.99,100+ bought in past month,,攝影,2,camera
B0F62JTH3N,"Holy Stone HS790 6K Photo Drone with Camera for Adults, 3 Axis Brushless Gimbal 4K Video, 30000ft Transmission, 60Min Flight with Fast Charging Hub, AI Night Shot, GPS Smart Flight, Beginner Mode",Holy Stone,$369.99,,,攝影,7,"camera, gimbal, 4k, video"
B07YYBVR6D,"Drones: How to Make Money: Drones Series, Book 5",,$0.00,,,非無人機商品,0,book
B0GZ5KFV3B,"Beta-H07 Hybrid Tactical Drone, Fixed-Wing Quadcopter, Carbon Fiber and Aluminum Alloy, 7-Inch Propellers, VTOL RC Multirotor",,"$3,599.00",,,多用途,0,propeller
B0GZWNZH8V,"DJI Mavic 4 Pro 512GB Creator Combo with RC Pro 2 - Flagship Tri-Camera Drone, 100MP Hasselblad Camera, 4-Battery Bundle, Charging Hub, 128GB SD Card",DJI,"$4,899.00",,,攝影,2,camera
B0GX598JFP,"S119 GPS 4K Drone with Camera and 5G Screen Remote | Obstacle Avoidance, Under 249g, 3 batteries up to 75 min, 2000m range, GPS auto return, Brushless motors, Beginner friendly",,$179.99,50+ bought in past month,,攝影,4,"camera, 4k"
B0GV7KGYGG,"Heavy-Lift Drone up to 110 lb (50kg) Payload, Waterproof, 5 mile (8 Km) Long Range UAV, Take-Off Weight 200 lb (90 kg), Delivery Quadcopter",,"$16,500.00",,,多用途,0,
B0GJCSG61X,"【2026 New】QYSEA FIFISH V6 Expert M200A Underwater Drone with Robotic Arm, AI Vision Lock, Underwater Robot with Industrial Case, 6 Hours Working Time, 4K Camera, 660ft Dive",,"$4,298.00",,,非無人機商品,0,underwater
B0FJ87YTPV,"Mini Drones with HD Camera for Adults 4K,Drone for Beginners | RC Drone with Screen On Remote Controller,Foldable Quadcopter,2 Batteries,Auto Return,Carrying Case,Toys Gifts for Kids Teens",,$75.99,50+ bought in past month,,攝影,4,"camera, 4k"
B0GXFPPLG8,"Drones with Camera for Adults 4K, 3 batteries,Dark Gray | Under 249g, 8k Camera Drone with large screen controler and GPS Auto Return, Follow Me, Easy for Beginners,",,$279.99,50+ bought in past month,,攝影,6,"camera, 4k, 8k"
B09SVKGW92,FIFISH PRO W6 Underwater ROV Kit with Remote Controller and Robotic Arm,,"$36,999.00",,,非無人機商品,0,underwater
B0H665RLL2,Drones: Beyond the Hobby: Exploring Commercial Applications and Future Trends in Drone Technology,,$0.00,,,非無人機商品,0,
B0GWLC7PH7,"Heavy Lift Drone up to 200 lb, up to 5 mile Range UAV, Waterproof, Delivery Quadcopter (50 kg) 110 lb",,"$15,500.00",,,多用途,0,
B0H2J32B1K,"LEFEET Autonomous Underwater Vehicle for Seabed Inspections, High-Precision Marine Survey Drone with Sonar & Camera, Waterproof",,"$19,999.99",,,非無人機商品,0,underwater
B0DDCLFNMF,"Veeniix V11PRO Drone for Adults 3-Axis Gimbal Quadcopter 8K Camera | 48 Million Pixels, 4K/30fps Footage, 2 Batteries 80Min Flight Time, 6KM Video Transmission, Professional Aerial Photography",,$279.99,,361,攝影,15,"camera, gimbal, 4k, 8k, photography, aerial photo, video, 3-axis"
B0FS5YJ4L9,"Skyrover S1 Mini Drone Combo with Camera 4K/60fps Video, 48MP Photo with 8K Image Quality, 3-Axis Gimbal Stabilization, 39,000ft Video Transmission, Under 249g, Auto Track, 120-Min Flight Time with 3 Batteries",,$319.00,300+ bought in past month,327,攝影,11,"camera, gimbal, 4k, 8k, video, 3-axis"
B0H36PJY9D,"Skyrover S1 Mini Drone Camera Combo with Screen Controller, 4K/60fps Video, 8K Photo, 7.45-Mi Video Transmission, Under 249g, Auto Track, Vertical Shooting, 120-Min Flight Time with 3 Batteries",,$519.00,100+ bought in past month,325,攝影,7,"camera, 4k, 8k, video"
B0GYSYJZN3,4K Drone with 3-Axis Gimbal Camera for Adults GPS Return | Under 249g | 3-axis gimbal | 4K camera | GPS return | Obstacle sensing | 70 mins flight time | Brushless motor | 2 batteries,,$499.99,,4,攝影,8,"camera, gimbal, 4k, 3-axis"
B0FCXRB5N5,"SKYROVER X1 Drone with Camera 4K, Mini Drone for Adults, 8K Photo, Under 249g, 9.32-Mi Transmission, 360 Degree Obstacle Sensing, 32-Min Flight Time",,$459.00,,413,攝影,6,"camera, 4k, 8k"
B0DKHHSX7H,"Potensic ATOM 2 Drone with Camera for Adults 4K HDR Video, 8K Photo, Under 249g, 3-Axis Gimbal, 10KM Transmission, AI Track, Vertical Shooting, AI Night Shot, QuickShots, Standard Kit (32-Min Flight)",Potensic,$279.99,100+ bought in past month,1870,攝影,12,"camera, gimbal, 4k, 8k, video, 3-axis, hdr"
B0H2V7WWYZ,"SKYROVER X1 Drone with Camera Combo with Screen Controller, 4K/60fps Video, 8K Photo, 360° Obstacle Avoidance, Under 249g, 9.32-Mi Transmission, AI Night Shot, 96-Min Flight Time with 3 Batteries",,$719.00,400+ bought in past month,413,攝影,7,"camera, 4k, 8k, video"
B0FS6BWML9,"Skyrover S1 Mini Drone with Camera, 4K/60fps Video, 8K/48MP Photos | 40-Min Flight Time, 7.45-Mile Transmission, Forward Obstacle Avoidance, Auto Track, 3-Axis Gimbal Stabilization, Under 249g",,$236.00,300+ bought in past month,327,攝影,11,"camera, gimbal, 4k, 8k, video, 3-axis"
B0H14KVJPY,"Potensic ATOM 3 Fly More Combo(RC PTD 2), Drones with Camera for Adults 4K 60fps, 8K Photo, 5.5’’ Display, 120-Min Flight, 16KM Transmission, 1/1.3’’ CMOS, AI Track 2.0, QuickShots, Under 249g",Potensic,$679.99,,124,攝影,6,"camera, 4k, 8k"
B0HBQGB2M4,"1080P FPV App Control Drone with Camera, Foldable Quadcopter with Optical Flow Hover, Trajectory Flight, Gesture Photo, 2 Batteries & Case, Smart Beginner Drone for Adults and Teens",,$19.99,,,攝影,3,"camera, fpv"
B0FF4M8CLW,"GPS Drone 4K Camera for Adults 5"" Screen FPV Quadcopter Auto Return | Brushless Motor 60 Min Flight Time GPS Follow Circle Fly Under 249g Lightweight Foldable Drone for Beginners",,$199.99,200+ bought in past month,355,攝影,5,"camera, 4k, fpv"
B0G1H35HTF,"GPS Drone with 4K Camera, 4.5"" LCD Display Screen Controller- 3,280ft RC Range, Auto return, Follow Me, Go Home, Gesture Control, One Key Takeoff/Landing, Altitude Hold,led Light, Professional Quadcopter for Aerial Photography Control and Video Recording, Adult Beginner-Friendly FPV RC Quadcopter (Black)",,$169.99,,18,攝影,10,"camera, 4k, photography, aerial photo, video, fpv"
B0FMK68W1S,"F417PRO Drone with Camera 1080P for Adults Kids, Mini Drone with HD Screen | Adult Drone, Dual 90° Lens, LED Lights, Optical Flow, Modular Battery, Beginner Drone, One Key Start, Headless, 3D Flip, Case",,$99.99,1K+ bought in past month,187,攝影,2,camera
B0CD1YVBB3,"Drone Remote Control Intelligent Mechanical Claw, Fishing Baiting Line, Air Drop claw Release device",GiereR,$61.00,,11,消防投彈,2,release device
B0756BXDTX,"Occer 12x25 Compact Binoculars for Adults and Kids | High Powered, Easy Focus, Large Eyepiece for Bird Watching, Cruise Ship, Outdoor Hunting, Travel, Sightseeing",,$35.99,10K+ bought in past month,33535,非無人機商品,0,no-aircraft-signal
B0FMR14MSD,"GPS Drone with 4K Camera for Adults, 4.5"" Remote Control Screen, Auto Return, Auto Obstacle Avoidance, 22 Min Flight, Foldable FPV RC Quadcopter with Follow Me, Waypoint Fly, Gift for Beginners",govogorc,$109.99,,115,攝影,5,"camera, 4k, fpv"
B0G41JZTFC,"CADDXFPV Protos FPV Drone RTF Kit – Walksnail Ascent VTX with FPV Goggles | 1080P/60FPS HD Video, 3 Flight Modes, Smart Hover, 4.5"" FPV Goggles, 3-Battery Charging Hub, Beginner-Friendly FPV Kit",,$359.99,,63,攝影,2,"video, fpv"
B08J4FNTND,"Contixo F16 Camera Drone For Kids, 360° Flip Brushless Motor 2.4G RC Quadcopter Foldable Gesture Control FPV Flying Drones with 17 Mins Intelligent Flight Time For Beginners children Indoor Outdoor",Contixo,$39.99,,140,攝影,3,"camera, fpv"
B078XV32CJ,DJI Tello Drone with 720P Camera EZ Shots - 13 Minutes Flight time - 8D Stunts - pre-Order,DJI,,,2723,攝影,2,camera
B0BL3Q4M8S,"DJI Mini 3 Fly More Combo, Lightweight 3x Mechanical Gimbal Mini Camera Drone with 4K HDR Video, 3 Batteries for 114-min Flight Time, up to 32800ft (10km) Video Transmission, True Vertical Shooting",DJI,,,515,攝影,8,"camera, gimbal, 4k, video, hdr"
B0CS6L6D6J,"DJI Goggles 3, FPV Goggles with Stunning Micro-OLED Screens, Immersive Flight Experience, O4 HD Video Transmission, Adjustable Diopters, Wireless Streaming, Drone Goggles with Real View PiP | FPV, Stunning Micro-OLED Screens, Immersive Flight Experience, O4 HD Video Transmission, Adjustable Diopters",DJI,$590.00,50+ bought in past month,620,配件/零件,0,goggles
B09B9QM6L2,"Loolinn | Drone for Kids 8+ Gift with Camera - Mini Drone, Remote Control Quadcopter Drone with 90° Adjustable Camera, Safe for Kids, Photos and Videos, Easy to Fly (Gift for Boys and Girls)",Loolinn,$69.99,,283,攝影,3,"camera, video"
B0FP9R7KSQ,"E55 Air Drone with Screen Controller with SD Card, 2 Batteries.",elecci,$49.99,,19,消費級/其他,0,
B0CCDLDM16,Drone remote control intelligent mechanical claw/hook air releaser pick-up device fishing cast bait fixed-point drop device for DJI drone （We don't sell drones）,Sunliang,$58.00,,13,消防投彈,0,
B0D2B25YQQ,"Drones with Camera for Adults 4K, Beginner RC Drone with Anti-Lost Alarm | 2 Batteries 1500mAh, 130° Lens, WiFi FPV, Voice & Gesture Control, Propeller Guards, Foldable Design, Gift for Beginners",PLEGBLE,$40.84,200+ bought in past month,666,攝影,5,"camera, 4k, fpv"
B0BJVP3XW7,"BETAFPV Cetus X FPV Kit Betaflight FC DVR Recording Function Ready to Fly | Support FPV Simulator, with LiteRadio 3 VR03 FPV Goggles, BT2.0 550mAh 1S Battery, 2S Power Advanced RTF for Outdoor",BetaFPV,$254.99,50+ bought in past month,169,攝影,1,fpv
B0BQ2SKG18,"DJI Mini 2 SE Fly More Combo, Mini Drone with 10km Video Transmission, 3 Batteries for 93 Mins Max Flight Time, Under 249 g, QHD Video, Auto Return to Home, QuickShots, Drone with Camera for Beginners | 10km Video Transmission, 3 Batteries for 93 Mins Max Flight Time, Under 249 g, QHD Video, Auto Return to Home",DJI,,,2080,攝影,3,"camera, video"
B0FP9QMYQF,"E55 Air Drone with Screen Controller with SD Card, 2 Batteries.",,$49.99,,19,消費級/其他,0,
B0C7R39KJH,"SYMA X550 RC Plane, 4CH Tiltrotor for Kids & Beginners, Stunt Flight | 6 Stunt Moves with 360° Flips, Spins, Climbing Spins, Circles and Jumps, Plus One-key Takeoff/Landing and 2 Speeds",Syma,$59.99,100+ bought in past month,213,消費級/其他,0,no-aircraft-word
B09KV8L7WN,"MOCVOO Drones with Camera for Adults Kids, Foldable RC Quadcopter, Helicopter Toys, 1080P FPV Video Drone for Beginners, 2 Batteries, Carrying Case, One Key Start, Altitude Hold,Headless Mode,3D Flips",MOCVOO,$26.99,100+ bought in past month,1210,攝影,4,"camera, video, fpv"
B0DQYJK16H,FPV DRONE ESSENTIALS: The ultimate mastery guide to starting FPV DRONE,,$85.00,,1,非無人機商品,1,fpv
B098XMSQ3P,"DJI Mini Neo, Drone Quadcopter with 3-Axis Gimbal, Less Than 249g, Improved Scale 5 Wind Resistance, Return to Home, for Drone Beginners, Gray",DJI,,,3890,攝影,4,"gimbal, 3-axis"
B0DT43FHC2,"Quadrotor Drone DIY Kit: A Unique STEM Project with Brushless Motor, Optical Flow Hovering, One-Click Takeoff and Landing, and 360° Flip for DIY Enthusiasts to Learn Drone Basics",EIELEDIY,$69.99,50+ bought in past month,82,無人機馬達,2,brushless motor
B0C6FFZPJS,DroneMask 2 | FPV Goggles for All Camera Drones | Unibody Lens | HD FPV Goggles | Compatible Versatile Skyview FPV Drone Goggles | Clear Immersive View | All GPS Camera Drone,,$179.00,50+ bought in past month,221,配件/零件,0,goggles
B09WDBDGBZ,"DJI Mini 3 Pro (DJI RC), Mini Drone with 4K Video, 48MP Photo, 34 Mins Flight Time, Less than 249 g, Obstacle Sensing, Return to Home, FAA Remote ID Compliant, Drone with Camera for Adults",DJI,,,9724,攝影,5,"camera, 4k, video"
B07LBSBX5L,"【5-Years Data Recovery】 GIGASTONE 128GB Micro SD Card, 4K Video Recording for GoPro, Action Camera, DJI, Drone, Nintendo-Switch, R/W up to 100/50 MB/s MicroSDXC Memory Card UHS-I U3 A2 V30 C10",Gigastone,$49.99,6K+ bought in past month,8639,攝影,5,"camera, 4k, video"
B0D9H1R11M,"Drones for Kids, RC Drone with Cool Led Lights Mini Remote Control Beginner Drone Indoor Outdoor RC Quadcopter with 3D Flip and 2 Rechargeable Battery Flying Toys Gift for Boys Girls, White",,$28.49,50+ bought in past month,48,消費級/其他,0,
B07FRWQPGV,"DJI RC 2, Remote Controller with Next-Gen Processor, 20km O4 Transmission, 5.5-inch FHD Screen, 2T4R Antennas, Smart Controller for Drones, Light and Compact | 20km O4 Transmission, 5.5-inch FHD Screen, 2T4R Antennas, Light, Compact, Next-Gen Processor",DJI,,300+ bought in past month,841,配件/零件,0,remote controller
B08Z333QRK,DJI FPV Drone Replacement Aircraft only(Includes Gimbal Camera) for Crash or Lost - NEW,DJI,$395.00,,93,攝影,5,"camera, gimbal, fpv"
B0C8B76PVX,Swellpro Fisherman MAX Heavy Lift Fishing Drone with 4K Camera 3.5kg Bait Release FD2 Waterproof Drone IP67 Fish Finder (FD2 Advanced Version),,,,17,攝影,4,"camera, 4k"
B0GRC75MLJ,"Antigravity A1 Infinity Bundle 8K 360 Drone | Vision Goggles + Grip Motion Controller, 3 High-Capacity Batteries, Obstacle Avoidance (DE001-03) + 64GB Card + Landing Pad + More (29pc Bundle)",Antigravity,,,1,攝影,2,8k
B09J42HK5N,New SwellPro Fisherman Drone FD1+ Fishing Drone with Dual Bait Release (No camera) Standard Bundle,,,,13,攝影,2,camera
B07FTGVX27,"DJI O4 Air Unit Pro for FPV Drone, Digital Transmission System, 15ms Low Latency, 15km Max Range, 4K/120fps Video Recording, 1080p/100fps Live View, 155° FOV, 1/1.3-inch CMOS Sensor",DJI,,100+ bought in past month,328,攝影,4,"4k, video, fpv"
B09SZ74YFK,"HAWK’S WORK F450 DIY Drone Kit, Open Source DIY 450mm Quadcopter Set (B) | Pixhawk-based open source DIY kit, wide component compatibility, fast assembly, for UAV education & research",,$356.99,,19,多用途,0,
B0F2FGNMJ8,"CADDXFPV Walksnail Avatar HD FPV Goggles X - 1080P/100FPS, 50° FOV, OLED | 22ms Low Latency, Head Tracking Support, HDMI/AV Input, Compatible FPV Drone Goggles for All Walksnail Avatar VTX Kit",,$459.99,100+ bought in past month,100,配件/零件,1,fpv
B07DB2NQ3N,"Holy Stone Mini Drone for Kids and Beginners RC Nano Quadcopter Indoor Small Helicopter Plane with Auto Hovering, 3D Flips, Headless Mode and 3 Batteries, Great Gift Toy for Boys and Girls, HS210 Red",Holy Stone,,200+ bought in past month,16086,消費級/其他,0,
B0CS6JCX2W,DJI FPV Remote Controller 3,DJI,$159.00,1K+ bought in past month,2166,配件/零件,0,remote controller
B0G5PHMKWD,Antigravity A1 8K 360 Drone Explorer Bundle,Antigravity,,,1,攝影,2,8k
B07GD9XY6J,"DJI Mavic 2 Zoom - Drone Quadcopter UAV with Optical Zoom Camera 3-Axis Gimbal 4K Video 12MP 1/2.3"" CMOS Sensor, up to 48mph, Gray",DJI,,,306,攝影,9,"camera, gimbal, 4k, video, 3-axis"
B0FVFMQN9V,"Upgraded Flying Sword RC Drone with Colorful LED Lights, ABS Metal Remote Control Airplane with Hand Gesture & Smart Watch Control, 3 Speed Modes & Stunt Drone for Kids Adults, Upgraded Gold",,$41.99,100+ bought in past month,26,消費級/其他,0,
B0H7SSQFTQ,"Drone Thermography for Beginners 2026: The Practical Field Guide to Thermal Drone Inspections, Solar Panels, Roofs, Image Interpretation, Field Workflows, ... Reports (Ashwick Exam Prep Series™)",,$0.99,,22,非無人機商品,0,book
B07WHDGR2R,Parrot Anafi - FPV Drone Set - Lightweight and Foldable Quadcopter - FPV Cockpitglasses 3 for Immersive Flights - Full HD Live Streaming - Comprehensive and Compact Set with Backpack,Parrot,,,136,攝影,1,fpv
B0BV23H4R1,"DJI Mavic 3 Pro Cine with DJI RC Pro (High-Bright Screen), Flagship Triple-Camera Drone, Tri-Camera Apple ProRes Support with 1TB of Storage, 3 Intelligent Flight Batteries, FAA Remote ID Compliant",DJI,,,52,攝影,2,camera
B0H3CPYXDF,"Antigravity A1 Creator Bundle 1TB- 8K 360 Drone for Immersive Flight, Point-to-Fly Motion Control, Obstacle Avoidance, Deep Track, Auto Return, 10km Transmission(Standard Bundle/Propeller Guards/Landing Pad/High Capacity Battery)",Antigravity,,,,攝影,2,8k
B07W9FG474,"Force1 Scoot Duo Hand Operated Drone for Kids or Adults - 2pk Hands Free Motion Sensor Mini Drones, Easy Indoor Flying Ball Small UFO Toys for Boys and Girls (Red and Blue)",,$34.99,200+ bought in past month,3304,消費級/其他,0,
B0CNWPDKX9,SwellPro Fisherman MAX Heavy Lift Fishing waterproof Drone FD2 advanced with 4K Camera and Bait Release,,,,2,攝影,4,"camera, 4k"
B09WDC1S17,"DJI Mini 3 Pro, Mini Drone with 4K Video, 48MP Photo, 34 Mins Flight Time, Less than 249 g, Tri-Directional Obstacle Sensing, Return to Home, FAA Remote ID Compliant, Drone with Camera for Adults",DJI,,,1529,攝影,5,"camera, 4k, video"
B0H8SZMHK3,"Drone Inspection Workflow Guide : Use Drones for Roofs, Solar Panels, Farms, Construction Sites, and Property Surveys",,$2.99,,,非無人機商品,0,book
B0B7GJZZ48,"DJI Avata Pro-View Combo (DJI Goggles 2) - First-Person View Drone UAV Quadcopter with 4K Stabilized Video, Super-Wide 155° FOV, Built-in Propeller Guard, HD Low-Latency Transmission",DJI,,,310,配件/零件,0,goggles
B0GNN1MGC7,"LiteWing - ESP32 based Programmable Drone Development Board without Battery for Makers, Developers and Educators (Ready to Fly)",,$70.00,,1,多用途,0,
B097PY7WCN,"DJI Air 2S Fly More Combo with Smart Controller - Drone with 4K Camera, 5.4K Video, 1-Inch CMOS Sensor, 4 Directions of Obstacle Sensing, 31-Min Flight Time, Max 7.5-Mile Video Transmission, Gray",DJI,,,308,攝影,5,"camera, 4k, video"
B0D7WB923J,"Universal Drone Airdrop System, Release Device, Payload Clip, Airdropper | Fish Bait Delivery Device , Drone Accessories,Compatible with DJI Mini 5/4 Pro, Mini 3/2, Air 2/2S/3, Mavic 3/2 & Spark",DJI,$37.78,100+ bought in past month,54,消防投彈,2,release device
B0GGQGGL7K,"JoyRapt Foam RC Plane Drones for Kids, Remote Control Airplane, Aircrafts for Boys and Girls, Jet Helicopter Drones with LED Lights 360° Flip, 4 Rechargeable Batteries (Two Pack)",,$47.99,100+ bought in past month,223,消費級/其他,0,
B09ZP3GZSN,"DJI RC, Remote Controller with Lightweight Body, FHD Screen, 4hr Battery, Precision Control Sticks, O3+ Transmission | 4hr Battery, O3 + Transmission, Lightweight Body, FHD Screen, Precision Control Sticks",DJI,$250.00,100+ bought in past month,1748,配件/零件,0,remote controller
B0GKV2ZLZV,12.5L Hexacopter Heavy-Lift Granular Spreader Drone Kit 1380mm Wheelbase 6215 Power System 30mm Carbon Frame for Industrial UAV 1Set(White Cover Frame),,"$3,147.84",,,植保,0,
B0CG9XRDJX,Drone XC 2K LTE/Wi-Fi/GPS Dash Camera with aftermarket Remote Start & Security Alarm System Integration,,$379.99,,17,攝影,2,camera
B0FWYQGXT6,Drone,,,,3,消費級/其他,0,
B0GZLQG9LF,"SANDISK 2TB Extreme microSD UHS-I Card - Up to 245MB/s Read Speed and 150MB/s Write Speed, 5.3K Video, 4K UHD Video, high-Performance for Action cams, Drones, Android Devices - SDSQXH9-2T00-GN6MA",,$539.99,100+ bought in past month,520,攝影,3,"4k, video"
B081RJ8DW1,"Gskyer Telescope, 70mm Aperture 400mm AZ Mount Astronomical Refracting Telescope for Kids Beginners - Travel Telescope with Carry Bag, Phone Adapter and Wireless Remote.",,$96.99,1K+ bought in past month,22039,非無人機商品,0,no-aircraft-signal
B0DRYR7H7G,"LEAMBE Brushless 4 Channel RC Plane, Ready to Fly Aerobatic Aircraft, Easy Control for Beginners, P51 Mustang RC Airplane for Adults Green",,$162.42,,972,消費級/其他,0,
B0DBH21B56,"Propeller Guard+16PCS Propeller Blade +Propeller Holder Starp for DJI Mini 2 Mini 4K/Specta Drone,Light Weight Props Guard Bumper for Mavic Mini SE Drone Protective Accessory",DJI,$16.99,50+ bought in past month,136,配件/零件,0,"propeller guard, propeller"
B09WD4LRQT,"MEIJIA All Weather IP67 Waterproof Hard Camera Case,Hard Protective Case,Hard Case with Customizable Foam,Fit Use of Drones,Camera,Equipments,Pistols(Orange,19.78x15.77x7.41inches)",,$129.99,,2611,攝影,2,camera
B0H7XP64D3,"Drone Thermography for Beginners 2026: The Practical Field Guide to Thermal Drone Inspections, Solar Panels, Roofs, Image Interpretation, Field ... Reports (Ashwick Exam Prep Series™)",by James R. Holloway(Author)Format: Paperback,$29.95,,22,非無人機商品,0,book
B08JGYF5W1,"DJI Mini 2 – Ultralight and Foldable Drone Quadcopter, 3-Axis Gimbal with 4K Camera, 12MP Photo, 31 Mins Flight Time, OcuSync 2.0 10km HD Video Transmission, QuickShots Gray",DJI,,,8478,攝影,9,"camera, gimbal, 4k, video, 3-axis"
B0GS5SG1LB,"BETAFPV Air65 II Brushless Whoop Quadcopter, for Champion FPV Drone | 1S FPV Drone, Ultra-Lightweight, Matrix 1S 5IN1 II 12A FC, 0702 36000KV Motor 1207 3-B Prop, C03 Camera, Air II Canopy&Frame",BetaFPV,$119.99,,17,攝影,3,"camera, fpv"
B0G3XMG4JY,"STARTRC Propeller Guard for DJI Neo 2, Black | Anti-Collision Protector, Height Increasing, Shockproof Crash Guard, Propeller Protective Cover, Neo 2 Drone Protection",DJI,$19.99,100+ bought in past month,79,配件/零件,0,"propeller guard, propeller, for dji"
B0G13FFSSB,"Hard Case for DJI Mini 4 Pro/Mini 3/Pro- Waterproof,Shockproof | For DJI Mini 4 Pro/Mini 3/Pro and RC2/RC/RC-N2/N1 & Controllers , Lightweight for Travel & Commute,6-Battery Storage",DJI,$35.99,,16,配件/零件,0,"hard case, for dji"
1763535339,Drone Operations: Recreational and Commercial Piloting,,$25.78,,3,非無人機商品,0,
B0H6THP5JK,P50M FPV Drone Kit 9KV 11KV Motor 80A ESC Carbon Non-Folding Props Long Range Accessories Fit for Drone,,"$12,893.32",,,攝影,1,fpv
B01MY2YDW9,DJI Inspire 2 Drone,DJI,,,19,攝影,0,
B0GWLF86QT,"Heavy Lift Drone, 10 kg (22 lb) | Up to 200 lb Capacity, Up to 5 Mile Range UAV, Waterproof, Delivery Quadcopter",,,,,多用途,0,
B0B91W4Y4P,"MOCVOO Drone With 1080P Camera for Adults Beginners Kids, Foldable RC Quadcopter, Toy Drones Gifts, FPV Drone Video, 2 Batteries, Carrying Case, One Key Start, Headless Mode, Waypoints fly, 360° Flips",MOCVOO,$26.99,100+ bought in past month,592,攝影,4,"camera, video, fpv"
B0GW3VFMYX,MATLAB Drone Coding for Beginners: From Hover Thrust to PID Altitude Control,,$21.99,,6,非無人機商品,1,thrust
B0CZZ2SRYV,"Air 3 Aircraft Only, Replacement Unit for Crash Lost DJI Air 3 Drone Kit(Excludes Remote Controller, Flight Battery, Propellers, and Accessories)",DJI,,,24,配件/零件,0,remote controller
B0FRN9Q3QJ,"Flying Orb Ball for Kids, Hand Controlled Mini Drone, LED UFO Toy Ages 6-12 | indoor Mini Drone with Obstacle Avoidance, 360° Flip（Blue）",,$22.99,400+ bought in past month,170,消費級/其他,0,
B0DLCL8FQZ,Drone X2 LTE Vehicle Telematics & GPS Tracker – Mobile Connectivity with 4G LTE and Smartphone Control,,$89.99,,21,非無人機商品,0,
B0H6P68J8R,"Drone Obstacle Course Kit, 3 FPV Racing Gates with 20/23/27 Inch Hoops, Landing Pad, Ground Stakes, Training Flags & Carry Bag, RC Drone Training Set for Indoor Outdoor Practice",,$58.99,,2,配件/零件,1,fpv
B0H85T7YKC,Foldable Plant Folding Machine Pressure Wash Dr-one Rack Accessory Set Including Rack Folding Fit For 10Kg,,"$9,789.42",,,配件/零件,0,no-aircraft-word
B0BVZR1VSH,"DJI Avata Explorer Combo, First-Person View Drone with Camera 4K, Super-Wide 155° FOV, Includes New RC Motion 2 and Goggles Integra Black, FAA Remote ID Compliant",DJI,,,203,攝影,4,"camera, 4k"
B0GL7LJ85V,"BETAFPV Aquila20 FPV Kit FPV Drone with DVR Function Advanced RTF | With LiteRadio 4 SE Radio Transmitter VR04 FPV Goggles, Support 3 Modes 2S Power System FPV Drone Advanced RTF Indoor Outdoor",BetaFPV,$299.99,,2,攝影,1,fpv
B0F2H3G2ZS,How To Start A Drone Photography Business: A Step-by-Step Guide to Launching and Growing Your Aerial Photography Venture,,$0.00,,4,非無人機商品,0,book
B0H6QB418G,"Antigravity A1 Infinity Bundle with high-capacity battery - 8K 360 Drone for Immersive Flight, Point-to-Fly Motion Control, Obstacle Avoidance, Deep Track, Auto Return, 10km Transmission, Auto Edit",Antigravity,,,,攝影,2,8k
B0H6QF16TW,"Antigravity A1 Infinity Bundle with propellers - 8K 360 Drone for Immersive Flight, Point-to-Fly Motion Control, Obstacle Avoidance, Deep Track, Auto Return, 10km Transmission, Auto Edit",Antigravity,,,,攝影,2,8k
B0719R13PX,"DJI Spark, Fly More Combo, Lava Red",DJI,,,1258,攝影,0,no-aircraft-word
B08Z3DYBMC,"DJI Air 2S, Drone with 3-Axis Gimbal Camera, 5.4K Video, 1-Inch CMOS Sensor, 4 Directions of Obstacle Sensing, 31 Mins Flight Time, 12km Video Transmission, FAA Remote ID Compliant, Gray",DJI,,,631,攝影,9,"camera, gimbal, 4k, video, 3-axis"
B0FY5TW7Z6,DJI DJI Dock 3,DJI,,,,配件/零件,0,no-aircraft-signal
B0FZJP7R1L,"TSM005 Hand Operated Mini UFO Drone for Kids, Boys Girls Toys Gifts(Blue) | Hand Free Motion Mini Drone, Flying Orb Ball Easy to Fly Indoor & Outdoor, Cool Flying Toys with LED Light, 360°Flip Stunt",,$18.69,50+ bought in past month,65,消費級/其他,0,
B086P8ZV97,REC S500 DIY UAS Drone Development Kit (Value Pack),,$259.99,,5,多用途,0,
B0C3B773ML,Drone - A Sci-Fi Superhero Thriller (The Gift Book 2),,$0.00,,975,非無人機商品,0,book
B01DKL3SEK,"Hoodman 5 Foot Weighted UAV Drone Landing Pad fits Inspire 3, Inspire 2, Inspire 1, No Stakes Required, collapses to 1/3 of deployed size",,$139.99,50+ bought in past month,869,配件/零件,0,landing pad
B0B3JH5BCT,FIFISH M100A Industrial Case Mini Rov Underwater Drone with 4K Camera Submarine Diving 14400mAH VR Underwater Robot Arm for Pipeline Inspection Fishery,,,,,非無人機商品,0,underwater
B01JYRII4Y,"Parrot Disco FPV – Easy to fly fixed wing drone, up to 45 minutes of flight time, 50 mph top speed, FPV goggles",Parrot,,,198,攝影,1,fpv
B08R3DNK3X,REC S550 DIY Hexacopter Drone Development kit (Value Pack),,$299.99,,9,多用途,0,
B0DFK23ZHT,QYsea Fifish V-EVO ARM ROV Kit w/Removable SD Card Omni View 4K 60FPS Underwater Drone,,,,,非無人機商品,0,underwater
B082SPT5D9,225mm FPV Racing Drone Frame Carbon Fiber 5 inch Quadcopter Freestyle Frame Kit with Lipo Battery Strap,,$34.99,50+ bought in past month,121,配件/零件,1,fpv
B0C37SQPGQ,Poor Man's Air Force: A guide to how small drones might be used in domestic unrest or low intensity conflicts,,$0.00,,46,非無人機商品,0,book
B07GGMM8LW,"(24""x24"") Drone Ground Control Point GCP - UAV Aerial Target for Mapping & Surveying (6 Pack) | Center Eyelet (Black/White Markers) | Pix4D & DroneDeploy Compatible",,$59.99,50+ bought in past month,51,配件/零件,0,ground control point
B0DH2X4LHD,Murder Drones,,,,,非無人機商品,0,
B00C5R83LO,Drone (Troy Pearce Book 1),,$7.99,,1251,非無人機商品,0,book
B0G3PR766C,HGLRC 415mm 10 inch FPV Racing Drone Frame Carbon Fiber for FPV Long Range Freestyle Training Quadcopter with Lipo Battery Strap,,$45.99,,9,配件/零件,1,fpv
B0FC69FCKH,"Contixo F28A Premium Drone With 4K Camera, Two-axis Gimbal, 23 Mins Flight Time, 110° Wide-angle, Follow Me, Auto Return, 1000m Control Range, GPS Professional Drones For Adults, Beginner, Teenager",Contixo,$279.99,,2,攝影,6,"camera, gimbal, 4k"
B0FR42M9TC,"Contixo F33 Professional Drone - 4K/30FPS Camera, GPS & Optical Flow, 2-Axis Gimbal + EIS, 5.5"" Touchscreen Remote, Obstacle Avoidance, 4-Mile FPV, 42-Min Flight, Hunting & Outdoor Tracking",Contixo,$799.99,,14,攝影,7,"camera, gimbal, 4k, fpv"
B0CWKWBZJT,"Holy Stone HS440G Drones with Camera for Adults 4k, Under 250g, FPV RC Quadcopter with Brushless Motors, 5GHz Transmission, Auto Return, Follow Me, Waypoints, Foldable Camera Drone for Beginners",Holy Stone,$139.99,,138,攝影,5,"camera, 4k, fpv"
B0DKJJK4XK,"Potensic ATOM 2 Drone, Pack of 1 Drone, No Battery and Accessory",Potensic,$249.99,,23,攝影,0,accessory
B0BL3T49JF,"DJI Mini 3, 3-Axis Mechanical Gimbal Mini Camera Drone | 4K HDR Video, 38-Min Flight Time, up to 32800ft (10km) Video Transmission, True Vertical Shooting, GPS Auto Return",DJI,,500+ bought in past month,1919,攝影,10,"camera, gimbal, 4k, video, 3-axis, hdr"
B0FPQ9NKJ6,"Drone with Camera 1080P HD, FPV Foldable Mini Drone for Beginners Kids Boys Girls, with 2 recharging Batteries, Carrying Case, One Key Start, Stable Hover, Trajectory Flight, Toys Gifts (Black)",WEPETCO,$49.99,,265,攝影,3,"camera, fpv"
B0C5T7SZQZ,"Contixo F28 GPS Drone with Camera for Adults Beginners, Foldable FPV Drone with Auto Follow, One Key Return, Waypoint Flight, Selfie Mode, 23 Min Flight Time, Carrying Case, No FAA Registration",Contixo,$129.99,,39,攝影,3,"camera, fpv"
B0F6Y9PB64,"F179 Drone with 1080P Camera, Brushless Motors, Obstacle Avoidance & WIFI Control,Trajectory Flight, 3D Flip, Optical Flow Positioning, Electric 90° Lens, Quadcopter for Adults/Kids/Beginners",govogorc,$59.99,,115,攝影,2,camera
B086VB89L8,"DEERC D20 Mini Drone for Kids with 1080P HD FPV Camera Remote Control Toys Gifts for Boys Girls with Altitude Hold, Headless Mode, One Key Start Speed Adjustment, 3D Flips 2 Batteries, Silver",DEERC,$49.99,50+ bought in past month,19425,攝影,3,"camera, fpv"
B0H4B9LH8F,"TD12Pro Drone with 1080P Camera for Adults Kids, RC Drones with LCD Screen Remote, Foldable Quadcopter, Mini Drone for Beginners, Easy to fly, Toy for Kids Adult Beginners",Toladrone,$89.99,,22,攝影,2,camera
B0DT157PML,"Drone with 1080P Camera for Beginners and Adults, Foldable Remote Control Quadcopter with Voice Control, Gestures Selfie, Altitude Hold, One Key Start, 3D Flips, 2 Batteries, Not water-proof, Toy for Beginners",Hiturbo,$44.95,,4219,攝影,2,camera
B0CDCFGF1V,"HOVERAir X1 Drone with Camera, Follow-me Drone with Self-Flying Mode | Foldable Mini Drone with HDR Video Capture, Palm Takeoff, Intelligent Flight Paths, Hands-Free Control Black (Combo)",HOVERAir,$299.00,400+ bought in past month,1151,攝影,4,"camera, video, hdr"
B0GD51JNMZ,"CADDXFPV Protos FPV Drone Only – Ascent Lite HD VTX Micro Quadcopter | Replacement for Protos Kit, 78mm Micro FPV Drone, 1080P/60FPS Video, 147° FOV, 3km Digital Transmission, ELRS 2.4GHz Receiver",CADDXFPV,$129.99,,3,攝影,2,"video, fpv"
B0FY7DFQNF,DJI Mini 3 Drone with DJI RC Remote Foldable Lightweight 4K Camera Quadcopter Bundle (CP.MA.00000587.01) + 64GB Card + BackPack + Landing Pad + Card Reader + More,DJI,,100+ bought in past month,15,攝影,4,"camera, 4k"
B0CFF4RYDM,"DJI Mini 4 Pro Fly More Combo with DJI RC 2, Drones with Camera for Adults 4K, Under 0.549 lbs/249 g, 3 Batteries for up to 102 Mins Flight Time, Smart Return to Home, Drone for Beginners | RC 2, Camera 4K, Under 249 g, 3 Batteries for up to 102 Mins Flight Time, Smart Return to Home",DJI,,100+ bought in past month,3865,攝影,4,"camera, 4k"
B0FS11M69S,"DJI Avata 2 Fly Smart Combo (Single Battery), FPV Drone With Camera 4K | Includes Goggles N3 & RC Motion 3, Immersive Flight Experience, Built-in Propeller Guard, Easy Flip/Roll",DJI,,100+ bought in past month,117,攝影,5,"camera, 4k, fpv"
B0DDS1368S,"DJI Neo Three-Battery Combo, Mini Drone With 4K UHD Camera for Adults | 135g Self-Flying Drone That Follows You, Palm Takeoff, Subject Tracking, QuickShots, Stabilized Video (Controller-Free)",DJI,,300+ bought in past month,857,攝影,5,"camera, 4k, video"
B0CFF1SJ3P,"DJI Mini 4 Pro (DJI RC 2), Drones with Camera for Adults 4K, Under 0.549 lbs/249 g, 34 Mins Flight Time, 20km Max Video Transmission Distance, Omnidirectional Vision Sensing, Mini Drone for Beginners | Camera 4K, Under 249 g, 34 Mins Flight Time, 20km Max Video Transmission Distance, Omnidirectional Vision Sensing",DJI,,,939,攝影,5,"camera, 4k, video"
B0GC5NFDHR,"Specta Mini Drone Combo with 2 Batteries, 4K/30fps Video, 32800ft FPV Transmission, Easy to Fly, 3 Aixs Gimbal, 62-Min Flight, Under 249g Portable Drone for Beginners",SPECTA,,,22,攝影,6,"gimbal, 4k, video, fpv"
B0DJ1H6KCP,"DJI Flip (RC-N3), Drone With 4K UHD Camera for Adults, Under 249 g, 3-Axis Gimbal Stabilization, 44000ft/13km Video Transmission, Palm Takeoff, Auto Return, Intelligent, 31-Min Flight Time | 3-Axis Gimbal, 13km Video Transmission, Palm Takeoff, Auto Return, 1 Battery, 31-Min Flight Time, Intelligent Flight",DJI,,200+ bought in past month,950,攝影,9,"camera, gimbal, 4k, video, 3-axis"
B0DFCJL5M8,"SIMREX Mini Drone with 720P Camera for Kids & Beginners - Foldable RC Quadcopter, Optical Flow Positioning, Altitude Hold, 3D Flip, 2 Batteries 20Min Flight, Safe & Easy Indoor Outdoor Flying Toy Gift, Red",Simrex,$29.99,,435,攝影,2,camera
B0H2C4RDN6,DJI Neo 2 Drone Fly More Combo 4K Camera Bundle with Tech Smart USA Drone Essentials Plus Software Bundle + Deco Gear Drone Landing Pad + Deco Essentials CPS 2 Year Protection Pack + Sling Backpack,DJI,,50+ bought in past month,16,攝影,4,"camera, 4k"
B0GLT66F9H,DJI Mini 5 Pro Drone RC2 Fly More Combo Lightweight Camera Aerial UAV Beginner Bundle | Extended Flight Smart Tracking Portable Photography Kit with 64GB Card + Landing Pad + More,DJI,,,15,攝影,4,"camera, photography"
B07FVYPT22,"DJI Neo Motion Fly More Combo, Mini Drone With 4K UHD Camera for Adults | 135g Self-Flying Drone That Follows You, Palm Takeoff, Subject Tracking, QuickShots, With RC Motion 3 and 3 Batteries",DJI,,,796,攝影,4,"camera, 4k"
B0FHKRK8XB,"Drone with 1080P Camera, Foldable Drone for Beginners with Light, Upgrade Altitude Hold, Gesture Selfie, Waypoint Fly, 3D Flip, 3 Speed Mode, Circle Fly, One Key Start",,,,1116,攝影,2,camera
B07FVZFX73,"DJI Air 3S (RC-N3), 4K Dual-Camera Drone | Drone With Camera 4K, 1″ CMOS Wide-Angle Camera, 60fps HDR Video & 14 Stops of Dynamic Range, 45-Min Max Flight Time",DJI,,100+ bought in past month,220,攝影,6,"camera, 4k, video, hdr"
B0GX2TWYJB,"DJI Avata 2 Drone with Goggles 3 and 3-Battery Fly More Combo, Portable FPV Drone for Adventure, Travel, and Content Creation (CP.FP.00000151.02) + 64GB Card + Sling Backpack + More (22pc Bundle)",DJI,,50+ bought in past month,9,攝影,0,goggles
B0DTHFZFY8,GEPRC Vapor-D5 HD O4 Pro FPV Drone (ELRS 2.4G with GPS),GEPRC,$569.99,,18,攝影,1,fpv
B0GKR2YJ65,"DJI Mini 5 Pro Fly More Combo with DJI RC 2, Drone with 4K Video, 36 Mins Flight Time, 3 Batteries Bundle with 12 DJI NY Pouch, 1 year NYC Care Plan and more",DJI,,,9,攝影,3,"4k, video"
B0G6WRQNQL,"Antigravity A1-360 Drone with Camera 8K, Immersive goggles, Point-to-Fly Motion Control for Adults & Beginners, Obstacle Avoidance, 249g & Foldable, Deep Track, Auto Return, Auto Edit | Camera 8K, Immersive goggles, Point-to-Fly Motion Control, Beginners, Obstacle Avoidance",Antigravity,"$1,599.00",,107,攝影,4,"camera, 8k"
B0H85F39X9,DJI Mini 3 Fly More Combo with RC Remote 4K HDR Portable Drone Bundle with Sandisk Ultra microSDXC 64GB Memory Card + Deco Gear Drone Landing Pad + Deco Essentials 12 Month Protection Pack,DJI,,,,攝影,3,"4k, hdr"
B08JGX61H7,"DJI Mini 2 Fly More Combo – Ultralight Foldable Drone, 3-Axis Gimbal with 4K Camera, 12MP Photos, 31 Mins Flight Time, OcuSync 2.0 10km HD Video Transmission, QuickShots, Gray (CP.MA.00000306.01)",DJI,,,14815,攝影,9,"camera, gimbal, 4k, video, 3-axis"
B0CT8RZ6PF,"ORDRO 4K Video Camera Camcorder 10X Optical Zoom 30MP 24FPS Vlogging Camera 3.0"" IPS Touch Screen Digital Camera with 32G Memory Card",,$159.99,,20,非無人機商品,0,no-aircraft-signal
B08LGLJBNK,"GardePro E5 Trail Camera (Non-Cellular, Non-WiFi), 48MP Photo & 1296P HD Video, 0.1s Trigger, 100ft No-Glow Night Vision, Motion Activated Wildlife Camera",,$45.99,200+ bought in past month,1112,非無人機商品,0,no-aircraft-signal
B07XG2X54Z,"GIGASTONE 128GB Micro SD Card 2-Pack, A1 V30 4K Video Recording, Compatible with Security Camera, Dash cam, Drone, 95MB/s MicroSDXC Memory Card UHS-I Class 10, with 2 SD Adapter",,$64.98,8K+ bought in past month,8830,攝影,5,"camera, 4k, video"
B0GR598SBS,"【5-Years Data Recovery】 GIGASTONE 128GB Micro SD Card, 4K Video Recording for GoPro, Action Camera, DJI, Drone, Nintendo-Switch, R/W up to 100/50 MB/s MicroSDXC Memory Card UHS-I U3 A2 V30",DJI,$54.99,,149,攝影,5,"camera, 4k, video"
B09KXV7FSJ,"【5-Years Data Recovery】 GIGASTONE 1TB Micro SD Card, 4K Camera Pro, R/W up to 150/130 MB/s, 4K Video Recording for GoPro, DJI, Drone, MicroSDXC Memory Card UHS-I U3 A2 V30, with Adapter",DJI,$269.99,200+ bought in past month,519,攝影,5,"camera, 4k, video"
B0GX271Z3Y,"2 Pack 128GB Micro SD Card with Adapter High Speed Memory Card,C10 A1 TF Card for Camera/Dash Cam/Smartphone/Tablet/Drone（128GB*2",,$45.98,,146,攝影,2,camera
B0DZCBT632,"Hand Operated Flying Toy Drone for Kids, 360° Hands Free Motion Sensors Mini Drone with Cool LED Lights, Easy Indoor Small UFO Toy Flying Ball Drone for 6 7 8 9 10+ Year Old Boys and Girls (Pink)",,$22.40,200+ bought in past month,560,消費級/其他,0,
B0C5T9GZQY,"Contixo Mini GPS Drone With 4K Camera, 25 Mins Flight Brushless Motor, Way Point Orbit Mode, Follow Me RC Drones FPV Foldable Quadcopter For Beginner Adults Teenagers Kids",Contixo,$199.99,,28,攝影,5,"camera, 4k, fpv"
B0FBRH814N,"Contixo F28A GPS Drone for Adults Foldable, 2K Camera, Brushless Motors, 26 Min Flight Time, FPV Remote Control Drone with Altitude Hold, Return Home, Orbit & Selfie Modes, Carry Case Included",Contixo,$159.99,,14,攝影,3,"camera, fpv"
B07CPT5TSL,Drone 8520 Motors Coreless CW CCW Motor for DJI Ryze Tello | 2 Pairs Coreless CW CCW Replacement Motor Compatible with DJI Ryze Tello 720P FPV RC Quadcopter,DJI,$13.99,,321,無人機馬達,1,fpv
1636244580,How Drones Fight: How Small Drones are Revolutionizing Warfare,,$20.07,,26,非無人機商品,0,
B0G3F4WSP7,"DYS 4pcs X2807 1300KV 1700KV FPV Brushless Motor,6S Drone Motor for 7,8Inch FPV Drone Frame Racing Quadcopter Motor Multirotor Drone Motors (X2807 1700KV 4PCS)",Cozyego,$56.98,,5,無人機馬達,2,brushless motor
B0G3DZHBKP,"DYS 4pcs X2807 1300KV 1700KV FPV Brushless Motor,6S Drone Motor for 7,8Inch FPV Drone Frame Racing Quadcopter Motor Multirotor Drone Motors (X2807 1300KV 4PCS)",Cozyego,$56.98,,4,無人機馬達,2,brushless motor
B0G3F2GZSR,"DYS 4pcs X2812 900KV Drone Brushless Motor,6S FPV Motor for 7,8Inch FPV Drone Frame Racing Power Motor,FPV Drone Motor, Quadcopter Motor,Multirotor Drone Motors",Cozyego,$55.98,,1,無人機馬達,2,brushless motor
B0G3FBRBP4,"DYS 4pcs X3115 900KV Drone Brushless Motor,6S FPV Motor for 8,9,10inch Freestyle Long Range FPV Drone,FPV Racing Quadcopter Motor,Multirotor Drone Motors",Cozyego,$74.99,,4,無人機馬達,2,brushless motor
B082W2HS3R,MAD Crimson XC5500 6-8S 505KV 635KV Brushless Motor for X-Class FPV Multirotor RC DIY Hobby Quadcopter hexacopter (635KV),MAD COMPONENTS,$92.99,,,無人機馬達,2,brushless motor
B0DF7CJL6D,"Drone with Camera for Kids Adults, Brushless RC Drone with Anti-Lost Alarm | One Key Takeoff/Landing, Propeller Guards, Voice Control, Foldable Design, Beginner Friendly Gift for Kids and Boys",PLEGBLE,$42.99,,490,攝影,2,camera
B086JS5ZS9,MAD 8112 IPE 100KV V1.0 Silver MAD COMPONENTS Drone brushless Motor Multirotor Quadcopter Hexrcopter RC DIY Hobby,MAD COMPONENTS,$227.99,,,無人機馬達,2,brushless motor
B0FBGFMNNY,"JeeFly 5010 750KV Brushless Motor for Drone, High Torque with 330mm Cables, Compatible with 3-6S LiPo for 11-13 Inch propellers, Long Range Freestyle & Heavy Lift Multirotor (Quad/Hex/Octo)",JeeFly,$24.99,,1,無人機馬達,2,brushless motor
B0GS5VTBF4,"BETAFPV Air65 II Brushless Whoop Quadcopter Ultralight for FPV Freestyle | Ultralight Weight 1S FPV Drone with Matrix 1S 5IN1 II FC, 0702 25000KV Motor, 1219S 3-B Prop, C03 Camera, Air II Canopy&Frame",BETAFPV,$115.99,,4,攝影,3,"camera, fpv"
B0DP8SXJHD,4pcs BAT S Series 2810 1180KV Brushless Motor for QAV FPV Racing Freestyle Flying Drone Quadcopter Motor (S2806.5),FriHobby,$65.92,,,無人機馬達,2,brushless motor
B0BW5H7Y8Q,Brushless Motor Kit with 3.5mm Connector 2212 920KV CW 30A Brushless ESC Propeller for F450 F550 S550 F550 Helicopter Quadcopter,havcybin,$55.99,50+ bought in past month,25,無人機馬達,6,"brushless motor, esc, motor kit"
B075DD16LK,2212 920KV Brushless Motors CW CCW for F330 F450 F550 S500 S550 X525 DJI Phantom Quadcopter(4PCS),Readytosky,$39.99,50+ bought in past month,251,無人機馬達,2,brushless motor
B0DCHTTM7N,MAD 8112 IPE 100KV Brushless Electric Motor for RC Multicopter Drone (Black),MAD COMPONENTS,$227.99,,,無人機馬達,0,
B0DQSLQH87,"AERO SELFIE 30A 4 in1 Brushless ESC for Drones, with PWM, DSHOT, ONESHOT Support, 6V-18V Input, Lightweight as 5.4g with Stalling Protection, High-Efficiency for UAVs",,$28.90,,9,無人機馬達,2,esc
B09L4XFNL2,"50mm EDF 4900KV 3S Maximum thrust770g,Brushless Motor, Applicable to RC Jet Aircraft",,$32.70,,59,無人機馬達,3,"brushless motor, thrust"
B07ZCL45RR,"MT2204 2300KV Brushless Motor 2-3S, 4PCS | For RC QAV210 250 280 FPV Racing Drone Quadcopters",,$30.99,,94,無人機馬達,2,brushless motor
B0FVGKWC4R,"Pro Max 10010-95KV Brushless Multi-rotor UAV Electric 10-14s Motor For 34-36inch Props and Heavy Lift with 19kg(42.2 lbs) Thrust For FPV Large Drone,RC Plane,Airplane,Quadcopter,Hexcopters,Octocopters",,$269.99,,,無人機馬達,1,thrust
B0D4QRDQCW,"High Performance 1000KV 270W Brushless N2830 Motor for RC Drone Quadcopter | Metal Construction, ESC 20A | 9x4.5 10x6 10x5 Props, Fits 2-4S Li-po Battery",,$21.99,,,無人機馬達,2,esc
B08GQ6JB6D,"MAD 5015 IPE V3.0 320KV Brushless Motor, 6-12S Lipo Battery, 17-22 inch Propeller Drone Motor for Multirotor Quadcopter Drones RC Plane",,$107.99,,,無人機馬達,2,brushless motor
B0DYGGX1S6,"RC Plane Motor, Drone Motors Brushless Motor RC Electric Motor 4PCS 1503 Airplane Brushless Motor for 4 Axes Remote Control Airplanes",,$15.69,,7,無人機馬達,2,brushless motor
B0GS5PKXY8,"BETAFPV Air75 II Brushless Whoop Quadcopter Ultralight for FPV Drone Racing | 1S Ultra-Lightweight Drone, with Matrix 5IN1 II FC, 0802 25000KV Brushless Motor, 1614-3B Prop, C03 Camera Air II Canopy",BetaFPV,$115.99,,,攝影,3,"camera, fpv"
B07FN64599,BETAFPV 4pcs 1103 11000KV Brushless Motors FPV 2S Motor RC for 2S Lipo Battery 2S Frame Beta75X Whoop Drone,BetaFPV,$43.99,50+ bought in past month,168,無人機馬達,2,brushless motor
B0DRG52RP3,iFlight 4pcs XING2 1404 FPV Brushless Motor 4600KV 3S 4S for FPV Toothpick Racing Drone,iFlight,$72.99,,10,無人機馬達,2,brushless motor
B0H2VXBNZN,"RC Drones with Camera for Adults,RC airplane Anti-Turtle Mode,8K Camera & 4.5"" Screen Remote,Optical Flow Hover,360° Rotation,Brushless Motor,for Beginners Support 32G SD Card(White,Three Batteries)",,,,,攝影,4,"camera, 8k"
B0FF4RWS6W,"RC ERA C127AI RC Helicopter for Adults, Black Hornet 4CH Brushless Motors Remote Control Helicopter, RTF Military Drone with 1080p Camera, Optical Flow & Altitude Hold",,$158.88,,4,無人機馬達,2,brushless motor
B0CMD9GPWX,HGLRC Specter 1303.5 5500KV 2-4S Brushless Motor for 2-2.5Inch Tiny Drone and 2-3Inch Toothpick Drone,,$15.99,,31,無人機馬達,2,brushless motor
B0DY11LRRY,DYS 4PCS SUNFUN 2207 1750KV 6S Drone Motor for FPV Racing Drone Quadcopter 5inch Freestyle Remote Drone (SF2207 1750KV 4PCS),,$54.99,,11,無人機馬達,1,fpv
B0GDPXJZHN,"3115 900KV Drone Motors - 3-6S Li-ion Battery, 9-11 inch Propeller, Max Power 1300W Brushless Motor for Multirotor Drones,RC Plane (4)",,$79.99,,18,無人機馬達,2,brushless motor
B0GKQFBYX5,"Supreme Trimmer TORQ Trimmer ST741 with a Brushless Drone Motor | 210 Min Run Time, 8000 RPM Barber Hair Trimmer | Low Noise, Professional Beard Trimmer, Detachable Blade",,$89.99,,2,非無人機商品,0,
B0FD3J6GFG,"3115 900KV Drone Motors - 3-6S Li-ion Battery, 9-11 inch Propeller, Max Power 1300W Brushless Motor for Multirotor Drones,RC Plane (1)",,$23.99,,18,無人機馬達,2,brushless motor
B0FRS4F7G9,iFlight 4pcs XING2 1404 FPV Brushless Motor 3800KV 3S 4S 1.5mm Shaft for FPV Toothpick Racing Drone,iFlight,$72.99,,3,無人機馬達,2,brushless motor
B0GKNBT8WB,"BETAFPV Meteor75 Pro P1 1S Brushless Whoop with 1080P HD VTX for Cinematic | 170° FOV CMOS sensor, Compatible with Matrix 1S 3IN1 HD FC, 1102 22000KV Motor, 45mm 3-Blade Prop, Fly Time Up to 5.5Min",BetaFPV,$149.99,50+ bought in past month,12,攝影,3,"cinematic, fpv"
B08LN1MJ7X,D4215 brushless Motor 650KV 2.3kg Thrust 3-6s mutirotor Motor for RC multirotor multicopter FPV,,$30.99,,49,無人機馬達,3,"brushless motor, thrust"
B0GKQT9VGB,"Supreme Trimmer TORQ Clipper STC781 with Brushless Drone Motor | 150 Min Run Time, 8000 RPM Hair Clipper | Low Noise Professional Barber Clipper Detachable Taper Blade | STC781",,$99.99,,1,非無人機商品,0,
B0CHN18RXH,HGLRC Specter 1202.5 11000KV 1-2S Brushless Motor with 80mm Wire Without Plug for Micro Whoop Toothpick Drone,,$15.49,,23,無人機馬達,2,brushless motor
B0GS5NGVSR,"BETAFPV Air75 II Brushless Whoop Quadcopter Ultralight for FPV Freestyle | 1S Ultra-Lightweight FPV Drone, with Matrix 5IN1 II FC, 0802 22000KV Brushless Motor, 1614-3B Prop, Air II Canopy & Frame",BetaFPV,$115.99,,2,無人機馬達,2,brushless motor
B0GDY891ZD,"2205 2300KV Brushless Motor, 4 Pack 2CW+2CCW FPV Drone Motors, 3-4S RC Motor Drone Parts with Pre Soldered 2.0mm Banana Plugs, High Thrust for FPV Racing Drone Quadcopter",,$33.37,,,無人機馬達,3,"brushless motor, thrust"
B0GJNX17YX,"4Pcs Pro 3115-900kv Brushless Motor 4,6,8s for 8-10in Long Range Drone Parts,FPV Multicopter Drone,Racing Power,RC Airplane 4-8s Electric Motor,10.6 lbs Thrust for Quadcopter, Hexcopters,Octocopters",,$109.99,,4,無人機馬達,3,"brushless motor, thrust"
B0D3X8GVQ9,4PCS 2807 2806.5 Brushless Motor 1300KV RC Electric Motors 6S Drone Motor for APEX Mark4 Mark5 XL5 7/8/10inch FPV Drone Frame Racing Quadcopter,,$65.50,,9,無人機馬達,2,brushless motor
B0DQL6BY2B,"RC Airplane Motor, 2212 KV2200 Brushless Motor 40A XT60T SG90 Servo 6035 Propeller Accessory Kit for RC Aircraft RC Plane Quadcopter Fixed Wing Plane Helicopter Aircraft (Black)",,$21.99,100+ bought in past month,91,無人機馬達,2,brushless motor
B0FF4PLWKZ,"Pro 3115-900kv Brushless Motor 4,6,8s for 8-10in Long Range Drone Parts,FPV Multicopter Drone,Racing Power,RC Airplane 4-8s Electric Motor,10.6 lbs Thrust for Quadcopter, Hexcopters,Octocopters",,$29.99,,8,無人機馬達,3,"brushless motor, thrust"
B078NL9KQQ,YoungRC 8520 Coreless Motor 8.5 x 20mm Brushed Motors + 55mm CW CCW Propeller for DIY Micro QX95 QX110 Quadcopter RC Drone,,$10.99,,88,無人機馬達,0,propeller
B0FSZ7XWG2,"2804 Hollow Shaft Outrunner Brushless DC Motor BLDC with AS5600 Encoder Kit Support FOC, for Gimbal, Drones, Robots, and DIY",,$24.99,,10,無人機馬達,2,bldc
B0FXC3SK51,"EVB Wi-Fi Vibration & Motion Sensor up to 6.66kHz | 6-Axis IMU (Accelerometer + Gyroscope) | Wi-Fi and AP Mode | API Software Portal | Sensor for Engineering Applications, EVs, & R&D Labs",,$182.00,,13,非無人機商品,0,no-aircraft-signal
B0FXKN9YMJ,2804 Brushless Outrunner Hollow Shaft DC Motor Kit with AS5600 Magnetic Encoder & SimpleFOC Mini Driver Board for Gimbal Drones,,$34.88,,15,無人機馬達,2,motor kit
B0FHB3T432,JeeFly 3508-700KV Brushless Motor for Drones CW CCW High Torque 700KV Outrunner Drone Motor Lightweight for FPV Fixed-Wing Helicopters Multirotor Quadcopter RC Models (4pcs),,$99.99,,1,無人機馬達,2,brushless motor
B0FG8FF6NH,RCINPOWER AOS Supernova 2207 2207.5 Brushless Motor 1980KV 6S LIPO for RC FPV Freestyle 5 Inch Drones DIY Parts,RCinPower,$39.99,,4,無人機馬達,2,brushless motor
B0D1GCP4PZ,"A2212 1400KV Brushless Motor 10T High Power for RC Multicopter(4PCS) | pre-soldered 3.5mm plugs save soldering work, high-power 1400KV for 4/6-axis quads,12A/60s capacity, 2-3S Lipo",,$31.79,,20,無人機馬達,2,brushless motor
B0DZPBVDD8,"16pcs GEMFAN 3016 3-Blade 3inch Propeller Props 1.5mm Hole for 1108-1308 Brushless Motors, FPV Racing Drone, Toothpick Quadcopters",,$12.98,,16,無人機馬達,2,brushless motor
B0FJM1T7WY,Obstacle Avoidance RC Quadcopter Spare Parts Brushless Motor Propeller Maple Leaf Blade Kit for S119 Max Drone(4pcs Arm kit),,,,,無人機馬達,2,brushless motor
B0GBTQ4D72,"260KV Brushless Motor, 1.3A 15W Drone Motor, Low Noise Drones Brushless Motor Replacement for 808 Camera Gimbal Remote Control of Unmanned Aerial Vehicles, 2204",,$14.50,,2,攝影,4,"camera, gimbal"
B0DG38TK2X,"4Pcs 1503 4200KV Brushless RC Electric Motor, 7.4V 0.3A Quadcopter Power Motor Aluminum Copper Mini Drone Engine for 4-Axis Remote Control Aircraft",,$13.49,,,無人機馬達,0,
B0FLKD662C,"Handheld Brushless Turbo Fan with 19000 RPM High-Speed Drone Motor, Portable Super Strong Wind Cooling Fan, Requires 2x 21700 Battery (Not Included), for DIY/Drone/Camping/Outdoor",,$35.09,,,非無人機商品,0,
B08B1FMYCF,D3542 Brushless Outrunner Motor 1000KV RC Electric Motor for Mini Multicopter RC Plane Fixed-Wing UAV Robotic Arm,,$22.99,,37,無人機馬達,0,ground-or-fixed-wing-motor
B0DT7FG4B1,"RC Brushless Motors for Drone Planes, 4PCS 1503 Airplane Motor RC Electric Motors for 4 Axes Remote Control Airplanes",,$13.56,,,無人機馬達,2,brushless motor
B0BW9LZHJ1,"Camera Stabilizer, High Technology Drone Camera Gimbal Metal Brushless Gimbal Board BGC 2.2 for 3/3+ / 4 Camera RC Drone Quadcopter Part (Black) Gimbal Drone",,$77.00,,,攝影,4,"camera, gimbal"
B0FH9YW733,"JeeFly 3115 900KV Brushless Motor CW Thread High Torque Drone Motor for Fixed Wing RC Plane, FPV Drones, Fishing & Aerial Photography Long Range (4)",,$95.66,,,攝影,5,"photography, aerial photo, fpv"
B0B3X6DD9Q,YoungRC A2212 1000KV Brushless Motor + 30A ESC Electric Speed Controller + 1045 Propeller CW CCW Kit for RC Multicopter Quadcopter,,$21.99,,58,無人機馬達,4,"brushless motor, esc"
B0CXDR6986,"4 PCS 1503 Brushless Motor Set, Excellent Metal Material, Compact and Lightweight, Exquisite Workmanship, Easy to Install, Wide Application, for 4 Axes Remote Control Airplanes",,$14.99,,3,非無人機商品,0,ground-or-fixed-wing-motor
B0FP4MBDLG,Surpass Hobby S2808 Brushless Motor 1900KV Shaft 5mm for RC FPV Racing RC Drone Racing Quadcopter Spare Parts RC Parts -1Pcs,Surpass Hobby,$20.67,,9,無人機馬達,2,brushless motor
B0C5Q7M663,HGLRC Specter 1002 21000KV 1S Brushless Motor for Toothpick FPV Racing Drone(1PCS),,$14.99,,10,無人機馬達,2,brushless motor
B0GTCFPXXQ,F1408 2800KV/ 3950KV 3-6S Brushless Motor Fit For 3-4inch RC FPV Racing Drone(1pcs 2800KV),,,,,無人機馬達,2,brushless motor
B0DRNP6R6D,1503 Electric Brushless Motor 7.4v brushless Motor 4pcs 4PCS RC Airplane Compact Brushless Motor Set Easy to Install Brushless Rc Motor for 4 Axes Remote Control Airplanes Complete Motors,,$14.59,,,非無人機商品,0,ground-or-fixed-wing-motor
B0GS5Q9X1R,"BETAFPV Air65 II Brushless Whoop Quadcopter Ultralight for 1S FPV Racing | 65mm FPV Drone, Compatible with Matrix 1S 5IN1 II FC, 0702 30000KV Motor, 1207 3-Blade Prop, C03 Camera, Air II Canopy&Frame",BetaFPV,$115.99,,3,攝影,3,"camera, fpv"
B0GTCHXD37,F1408 2800KV/ 3950KV 3-6S Brushless Motor Fit For 3-4inch RC FPV Racing Drone(1pcs 3950KV),,,,,無人機馬達,2,brushless motor
B09DT3YHYS,"Brushless Motor, High-Speed 2300KV Replacement with Adapter, BE1806 RC Motor for Drone Enthusiasts, RC Quadcopter and Multicopter Modeling Projects",,$22.47,,2,無人機馬達,2,brushless motor
B0C5QCJSN5,HGLRC Specter 2806.5 1350KV 4-6S Brushless Motor for 7 inch Long Range 7 inch X8 Cinelifter FPV Racing Drones(1PCS),,$32.99,,15,無人機馬達,2,brushless motor
B0C4YWG7PC,HGLRC Specter 1804-2450KV 4-6S Brushless Motor for 3-3.5Inch FPV Freestyle Racing Drones,,$17.99,,16,無人機馬達,2,brushless motor
B09PNFKH23,"Flycolor 60A ESC 3-6S Electric Speed Controller 5v /6V/7.4V 5A BEC with XT60 & 3.5mm Bullet Plugs for RC Drone Airplane Brushless Motors | 5V/6V/7.4V 5A BEC, XT60 & 3.5mm Bullet Plugs, RC Drone Airplane, Brushless Motors",,$33.85,,52,無人機馬達,4,"brushless motor, esc"
B0F4Y4CDQL,8PCS RC Airplane Brushless Motor Mounting Screws Propeller Fixing Screws for RC Plane Helicopter DIY Model Aircraft Propeller Repair Parts (6.4mm),,$6.99,,5,無人機馬達,2,brushless motor
B0F6NB4TQP,"2804 Hollow Shaft BLDC Motor – AS5600 Encoder FOC Control Kit | 2804 Outer Rotor Hollow Shaft BlDC Motor , Fully Compatible with Foc Vector Control for Robot Gimbal Diy Projects",,$22.99,,1,無人機馬達,2,motor-spec-only
B0DDXWZD4J,2 Pairs XT30 to XT60 Plug RC Male Female Connector Adapter for RC FPV Drone Car Lipo NiMH Battery Charger ESC,,$6.99,400+ bought in past month,124,無人機馬達,2,esc
B0F1XZ8KP3,"AM32 80A 2-6S Brushless ESC, XT60 Electric Speed Controller 5.20-8.2V Adjustable with USB Programming for RC Car Crawler Drone Airplane Brushless Upgrade Parts",,$42.99,,14,無人機馬達,2,esc
B09B23L4WG,LE2204 1800KV Brushless Motor 2-3S | For RC Airplane Fixed-Wing Airplane Aeroplane KT F3P,,$17.89,,70,非無人機商品,0,ground-or-fixed-wing-motor
B0D6GMFRW9,"Alomejor Brushless Motor, Lightweight Compact RC Motor Aluminum Copper Construction 18x7mm 4 Pack for hobbyists Drone Enthusiasts Model Aircraft Builders FPV quadcopters",,$15.09,,1,無人機馬達,2,brushless motor
B08B4PC4FR,"GoolRC EMAX Tinyhawk II Freestyle BNF FPV Racing Drone with 120km/h High Speed, 5A ESC, 7000KV Brushless Motor, RunCam Nano2 700TVL, 37CH, 25/100/200mW VTX Power",RunCam,$153.49,,47,無人機馬達,4,"brushless motor, esc"
B06WW9KTH4,Goolsky 4pcs A2212 1000KV Outrunner Motor + 4pcs HP 30A ESC + 4pairs 1045 Prop (B) Quad-Rotor,,,,28,無人機馬達,2,esc
B0F997DWYF,"2PCS 40A Electric Brushless Motor Controller,ESC Speed Controller with XT60 and 3.5mm Bullet Plug for RC Drone RC Airplane Helicopter",,$22.99,,14,無人機馬達,4,"brushless motor, esc"
B0CGVFWDGR,Radiolink SZ-Speed 2204-1600KV Brushless Motor Indoor and Outdoor Small Fixed-Wing Model Aircraft A560 Original Replacement,Radiolink,$14.99,,3,無人機馬達,2,brushless motor
B08DY19WF1,A2212 1400KV RC Brushless Motor 30A ESC Motor SG90 Micro Servo 8060 Propeller Set for RC Plane Quadcopter Fixed Wing Plane Helicopter Aircraft,,$24.99,50+ bought in past month,337,無人機馬達,4,"brushless motor, esc"
B0D565LYBD,"Amoril 2852-3100 KV Brushless Motor for RZ001GA, Part Number RE028",,$45.99,,,無人機馬達,2,motor-spec-only
B09XBBNNVR,"8Pack 8520 8.5x20mm 3.7V 53000RPM Coreless Mini DC Brushed Motors | 8520 coreless brushed DC motors, 3.7V high 53000RPM, lightweight compact, great for tiny drones, model aircraft",,$17.99,,13,無人機馬達,0,
B08VG4JHTJ,"16pcs 3-Blade Props high-Speed Propellers Popo, 5inch 128mm CW CCW for Racing Frame FPV Drone 2205 2206 2306 2307 Brushless Motors,GEMFAN 51499（4 Colors）",,$19.99,,46,配件/零件,0,props
B0BFJ6D2W4,"HYPER GO B284B P003 2845 Brushless Motor with Heatsink and Cooling Fans RC Car Accessories, Spare Parts RC Vehicle Electric Motor for H16BM 16208 16209 16210",,$32.99,,34,非無人機商品,0,ground-or-fixed-wing-motor
B076M7G24G,8520 Coreless Brushed Motor Set 53000rpm 8.5x20mm + 75mm CW CCW Propeller,,$10.98,,151,無人機馬達,0,no-aircraft-signal
B0CL6NYFFQ,"Happymodel Mobula8 85mm Wheelbase Drone Frame Accessories, 2PCS Black Micro FPV Whoop Frame for 2 inch Props 702/703/802/1002/1102/1103 Brushless Motors 1-2S Carbon Fiber Racing Quadcopter Frames",Happymodel,$17.99,,48,無人機馬達,2,brushless motor
B01N9ETA9Z,Crazepony 4pcs 6x15mm Motor (Speed: Insane) 19000KV for Blade Inductrix Tiny Whoop Micro JST 1.25 Plug,,$11.99,,446,無人機馬達,0,no-aircraft-signal
B0G4QSPTV2,30A Brushless Motor Electronic Speed Controller + 3CH Digital Multi Servo Tester RC Speed Controller Checker ESC Consistency CCPM Master for RC Plane Helicopter,,$13.99,,,無人機馬達,4,"brushless motor, esc"
B082W5KB8V,MAD 5008 EEE 170KV 240KV 300KV 340KV 400KV Brushless Motor RC Airplane Wing FPV Drone for The multirotor Quadcopter Drone RC Hobby rig (300KV),,$75.99,,1,無人機馬達,2,brushless motor
B087N961W2,Keenso RC Brushless Motor 2206 1450KV 20A A560 Outrunner Motor Metal Brushless Motor for RC Fixedwing Airplane (Black),,$20.95,,25,非無人機商品,0,ground-or-fixed-wing-motor
B09P44F1ZY,"S500 500mm Carbon Fiber Quadcopter Kit with 2212 920KV Brushless Motors, 30A Simonk ESC, 1045 Propellers - Adult Hobbyist Drone Frame",,$121.88,,1,無人機馬達,4,"brushless motor, esc"
B0F2LZPV1Y,"Spektrum Accessories Firma 3652 3300Kv BL Motor: 22S, SPMXSM4800",,$49.99,,1,非無人機商品,0,accessories
B0DPB5H9K7,12Pairs Gemfan Hurricane 2023 3-Blade Props Propellers with 3 Holes for FPV Racing Toothpick Drones 12CW 12CCW,,$12.99,,11,配件/零件,1,fpv
B0F1KC8D4S,MT3510 Brushless Motor Outrunner RC Electric Motor fro RC Plane Racing Drone FPV & X Class Drone (700KV),,$33.99,,2,無人機馬達,2,brushless motor
B0GTVGTVJN,Agricultural Crop Sprayer Drone 8 Gallon 37 Acres/Hr 150 Lbs Lift Daily Output 296 Acres 27 MPH speed Plant Protection UAV Heavy Duty Scale Crop Spraying Granule Spreading Seed Sowing Fertilizing,Generic,"$13,950.00",,,植保,10,"agricultur, spray, sprayer, crop, fertiliz"
B0F3BWZZSY,"CADDXFPV Walksnail Avatar Pro VTX Kit – Low-Light FPV Air Unit | 1080P/60FPS Video, 160° FOV, 1/1.8"" Starvis II Sensor, 22ms Latency, 4km HD Transmission for FPV Drones, RC Cars & Fixed-Wing",CADDXFPV,$169.99,100+ bought in past month,75,攝影,4,"4k, video, fpv"
B0H12Y6W6J,"BY-200 Compact Fogger with VectorClean™ – Powerful, Portable Garden and Backyard Fogger for Outdoor Gardens",Vectorfog,$190.00,,10,非無人機商品,0,no-aircraft-signal
B0GHSQWGL5,"22L 5.8Gallon Electric Garden Sprayer, Wheeled Sprayer Powerful Electric Sprayer with 5 Mist Nozzles, Retractable Wand, Water Pump Sprayers with Adjustable Shoulder Strap for Lawn, Garden, Cleaning",CeaGoal,$114.99,,,非無人機商品,0,no-aircraft-signal
B0H24WB5KT,2024 Ultralight Agricultural Spraydrone 1402mm 6-Axis 10KG Frame Precision Farming and Crop FIT for E610M Drone(E610M 1pcs),EcDwk,"$1,300.78",,,植保,8,"agricultur, spray, crop, farm"
B09P42S8D9,Agricultural Plant Protection Drone Spray Water Pump Flow Rate Adjustable Remote Control Switch Large Current Small Volume can b,Midzooparts,$24.98,,,植保,4,"agricultur, spray"
B0FL12L6H7,X1100 6L Agricultural Spraying Drone Frame – Quad Folding 6kg Capacity DIY UAV For Crop Fumigation & Spraying,CxzHtv,"$1,236.14",,,植保,6,"agricultur, spray, crop"
B0H27Z18RG,40L Water Tank Fit For DJI Agras T50 Agricultural Spray Drone UAV,moxjsemy,$282.92,,,配件/零件,0,"water tank, fit for, for dji"
B09P46GKR7,Agricultural Plant Protection Machine Drone Folding Rod Aluminum Alloy Spray bar Electric Sprayer Spray Boom Nozzle Parts Access,Midzooparts,$107.30,,,植保,6,"agricultur, spray, sprayer"
B0FG6RVCWH,Drone Spraying Accessories Compatible With T40/T20P farming-related Drones,,,,,配件/零件,0,accessories
B0FR4K1N33,"Maygrove 2 Gallon Electric Garden Sprayer, Rechargeable Telescopic Wand | Battery Powered Sprayer with 3 Nozzles, One-button Spraying for Yard, Lawn, Weed Control",,$29.99,100+ bought in past month,121,非無人機商品,0,no-aircraft-signal
B0FFM291J8,"2L/0.5Gallon Electric Water Sprayer - Rechargeable Battery Powered Mister for Plants, Weeds, Cleaning & pet Cooling, Handheld Sprayer with Nozzle and Extension Wand",,$22.99,,51,非無人機商品,0,no-aircraft-signal
B000HHO8IG,SOLO 430-2G 2-Gallon Handheld Sprayer with Viton® Seals in Key Locations,,,400+ bought in past month,1811,非無人機商品,0,no-aircraft-signal
B07PDL5CR6,"Battery Operated Versatile and Multi-Purpose Foldable Power Sprayer with Holster Easily attaching to Most Available Gallon Jugs Having 38-SP400 Neck for Gardening,Cleaning and Disinfecting",,$19.99,100+ bought in past month,1191,植保,4,"spray, sprayer"
B0FNX671PF,41135 Carbon Propeller Fit For X11 UAV EA-30X (Convex And Contra-rotating Propellers)(2pcs CW),,,,,配件/零件,0,"propeller, fit for"
B0978WSKXV,Hose Connector Wide-Angle Fan-Shaped Atomization Nozzle Agricultural Drone Spray System Accessories Knapsack Sprayer 200 Pcs (Color : Yellow),,$63.09,,,配件/零件,0,hose connector
B0H9YSWTBT,Garden Sprinkler 200 Pcs Wide-Angle Fan-Shaped Atomization Nozzle Agricultural Drone Spray System Accessories Knapsack Sprayer,,$122.46,,,植保,6,"agricultur, spray, sprayer"
B0H9YZLJQL,Garden Sprinkler 200 Pcs Wide-Angle Fan-Shaped Atomization Nozzle Agricultural Drone Spray System Accessories Knapsack Sprayer,,$122.46,,,植保,6,"agricultur, spray, sprayer"
B0CPS41PB7,"Heavy Duty Stainless Steel Sprayer, 1.5 Gallon Pump Sprayer, 6L Stainless Hand Pump Sprayer for Lawn, Garden Watering, Floor Cleaning (16 Wand & 3.3FT, Silver)",,$77.99,,78,非無人機商品,0,no-aircraft-signal
B0GX5DTFCH,"2 Gallon Electric Sprayer – Garden Sprayer for Weeds, Lawn Care & Pesticides – 23.62” Retractable Wand, 6 Nozzles & Easy Carry Handle – Durable & Lightweight, Blue",,$27.99,100+ bought in past month,25,非無人機商品,0,no-aircraft-signal
B0H9LZ8NT4,Garden Sprinkler 200 Pcs Wide-Angle Fan-Shaped Atomization Nozzle Agricultural Drone Spray System Accessories Knapsack Sprayer,,$122.46,,,植保,6,"agricultur, spray, sprayer"
B0H9YV39WP,Garden Sprinkler 200 Pcs Wide-Angle Fan-Shaped Atomization Nozzle Agricultural Drone Spray System Accessories Knapsack Sprayer,,$122.46,,,植保,6,"agricultur, spray, sprayer"
B0H9QZFGHF,Garden Sprinkler 200 Pcs Wide-Angle Fan-Shaped Atomization Nozzle Agricultural Drone Spray System Accessories Knapsack Sprayer,,$122.46,,,植保,6,"agricultur, spray, sprayer"
B0H85S62PZ,Agricultural Dr-one Has A Six-axis 10L Frame And A Classic Six-axis Foldable Body Easy Transfer And Transpo FIT FOR E610P,,"$7,668.54",,,植保,2,agricultur
B0FLPQKDQY,G610 Six-axis 1460mm Wheelbase External Water Tank Frame Kit Fit For 10L Folding Agricultural Spraying Drone(G610 white frame),,"$2,210.21",,,植保,4,"agricultur, spray"
B0FLP4C3HR,X6-16 16L 6-Axis Suspension Foldable Frame Kit For Agricultural Spraying Use,,"$1,605.24",,,植保,4,"agricultur, spray"
B0H1PB4CWP,4-axis 10L Agricultural Machine Frame with an Enclosed Folding Agricultural Sprayer Without Power Supply Fit for E410P Drone(40x320 XT90),,"$1,904.82",,,植保,6,"agricultur, spray, sprayer"
B0FFY3H3W4,Sunshade Sunhood for DJI RC Plus 2 Remote Anti-Glare Sun Hood Joystick Screen Protector Cover for DJI FlyCart 100/Matrice 4T/4E/4TD/4D/400/T60/T25P/T70/T70P/T100 Drones Controller (Sunhood),DJI,$31.99,,3,配件/零件,0,"sunhood, sunshade, for dji, sunhood"
B0H4165FBM,FPV Quadcopter Frame Kit Fit For Agricultural Spraying Drone,,,,,配件/零件,0,"frame kit, fit for"
B0H1PL3XH6,4-axis 10L Agricultural Machine Frame with an Enclosed Folding Agricultural Sprayer Without Power Supply Fit for E410P Drone(40x320 AS150),,"$1,904.82",,,植保,6,"agricultur, spray, sprayer"
B0H1P6957Z,4-axis 10L Agricultural Machine Frame with an Enclosed Folding Agricultural Sprayer Without Power Supply Fit for E410P Drone(40x320 AS150U),,"$1,904.82",,,植保,6,"agricultur, spray, sprayer"
B0GY2WT3V1,Drone Accessories for DJI T40 T20P Agricultural Drone Fixing Nuts & Spray Rod Adapter Shaft DJI Agras UAV Repair Parts Wholesale(2 Set),DJI,$17.85,,,配件/零件,0,"accessories, for dji"
B0H1PKC5F4,16L Agricultural Drone Frame Power System Compatible UAV Crop Sprayer Platform Fit for 4EV X9 Drone(Frame with X9),,"$1,875.26",,,植保,8,"agricultur, spray, sprayer, crop"
B0H1P6P1H8,4-axis 10L Agricultural Machine Frame with an Enclosed Folding Agricultural Sprayer Without Power Supply Fit for E410P Drone(35x320 XT90),,"$1,904.82",,,植保,6,"agricultur, spray, sprayer"
B0H27Z28NW,Water Tank System Complete Fit For DJI Agras T50 Agricultural Drone,DJI,"$1,690.48",,,配件/零件,0,"water tank, fit for"
B0H1PLVS8N,4-axis 10L Agricultural Machine Frame with an Enclosed Folding Agricultural Sprayer Without Power Supply Fit for E410P Drone(35x320 AS150),,"$1,904.82",,,植保,6,"agricultur, spray, sprayer"
B0H1PHHZ9L,4-axis 10L Agricultural Machine Frame with an Enclosed Folding Agricultural Sprayer Without Power Supply Fit for E410P Drone(35x320 AS150U),,"$1,904.82",,,植保,6,"agricultur, spray, sprayer"
B0GVJSBPDQ,"M METERXITY 2-Set Flat Fan Spray Tips, 2mm Orifice 65 Degree Stainless Steel Sprayer Nozzle Tips with NPT3/8 Nut and 50 Mesh Filter for Agricultural Drone Sprayer/Garden Irrigation",,$12.49,,1,植保,7,"agricultur, spray, sprayer, irrigation"
B0G3TTZG5C,"2Pcs HD Films For DJI Matrice 4 RC Plus 2 Screen Protector, for DJI Matrice 4T/4E/4D/400/30T/350 RTK/Inspire 3/FlyCart 30/T40/T20P Remote RC Plus 2/1 Anti Scratch 9H Hardness Tempered Glass",DJI,$15.99,,1,配件/零件,0,"for dji, films for"
B0H3HKF67V,Agricultural Spray Drone 50L (14 Gal) Spreader Heavy Payload Extra Battery up to 60 Acres per Hour maximim Weight 220 lbs. Full Tank Emptying 7 Minutes smart Fast Charger 18 Minutes,,,,,植保,4,"agricultur, spray"
B0GWWTVQ2G,Spray Rod Adaptive Shaft for DJI Agras T40 T20P Agricultural Drone Accessories Plant Protection UAV Repair Parts,DJI,,,,配件/零件,0,for dji
B0FNSZVHJL,Drone Spray Tank Cover Kit LH-SXGMF01 13.4 cm Compatible with DJI T50/T40/T20P with Seal Ring,DJI,$14.79,,,植保,2,spray
B0HCJVLKDR,T25/3820 T30 Folding Carbon Fiber Propeller CW CCW For Agricultural UAV Spraying Drone(T25 1set),,,,,植保,4,"agricultur, spray"
B0GKPZSC6L,Centrifugal Motor T-70P Fit for Agricultural Spraying Drone,,,,,配件/零件,0,fit for
B0H7VZS5KD,Spray Load Module Fit For T70 T70P Agricultural Spraying Drone,,$116.87,,,配件/零件,0,fit for
B0GRR7MXRZ,X13 Power Kit 5620 Carbon Propellers Fit For EA-J100 Agricultural Spraying Drone (Pair CW/CCW)(X13 5620 CW),,,,,配件/零件,0,propeller
B0GRR2TTY2,P100 Pro Carbon Drone Agricultural Spraying Propellers For V50(P100Pro CW),,,,,植保,4,"agricultur, spray"
B0H2X6NZJY,X15 72kg Axis Motor Fit for 149kg Quadrotor UAV Agricultural Spraying Drone,,,,,配件/零件,0,fit for
B0FN3WXHTV,"Sunhood & Joystick Screen Protector for DJI RC Plus 2 Control, Anti-Glare Sun Hood Cover for DJI FlyCart 100/Matrice 4T/4E/4TD/4D/400/T60/T25P/T70/T70P/T100 Drone RC Plus 2 Remote, Black, Only Hood",DJI,$31.88,,,配件/零件,0,"screen protector, sunhood, protector, sunhood"
B0GQPRRZKW,X6 Plus 2480 Carbon Drone Propellers Load Capacity For Agricultural Spraying Drones (2 Pairs)(X6 Plus 2480 2CW2CCW),,,,,配件/零件,0,propeller
B0GZD3ZX9J,Power System Lighter Than X8 Power System Multi-Rotor Agricultural Sprayer Drones FIT for X8 G2 Drone(X8 G2 3011S CCW),,$340.19,,,植保,6,"agricultur, spray, sprayer"
B0GZCLNL8M,37kg 150A 12-14S 85KV Power System Kit Brushless Motor Propeller Thrust Agricultural Sprayer FIT for X11 Plus 4314 Drone,,,,,植保,6,"agricultur, spray, sprayer"
B0GVK2XWVB,"M METERXITY 2-Set Flat Fan Spray Tips, 1.1mm Orifice 65 Degree Stainless Steel Sprayer Nozzle Tips with NPT3/8 Nut and 50 Mesh Filter for Agricultural Drone Sprayer/Garden Irrigation",,$12.49,,1,植保,7,"agricultur, spray, sprayer, irrigation"
B0FLJQ67BZ,55 inch 3 blade aircraft propeller for agricultural sprayer drone,,"$1,821.48",,,配件/零件,0,propeller
B0H2VZZNVS,X9 Power System 9616 110KV 12to14S with ESC+Propeller+Motor Combo Fit for 16L 22L Frame Agricultural Spraying Drone,,,,,植保,4,"agricultur, spray"
B0GZD9BZWB,Power System Lighter Than X8 Power System Multi-Rotor Agricultural Sprayer Drones FIT for X8 G2 Drone(X8 G2 3011S CW),,$340.19,,,植保,6,"agricultur, spray, sprayer"
B0H2W26CQV,X9 MAX Power System 9626 100KV Motor Maximum Load 15kg Fit for 20L 25L Multirotor Agricultural Spraying Drone,,,,,植保,4,"agricultur, spray"
B0C5LX8K7W,Mini3 Pro Airdropper Device for DJI Mavic Mini3 Pro Drone,DJI,$26.58,,10,消防投彈,0,for dji
B0GZD1H7CM,Power System Lighter Than X8 Power System Multi-Rotor Agricultural Sprayer Drones FIT for X8 G2 Drone(Only X8 G2 CCW),,$299.71,,,植保,6,"agricultur, spray, sprayer"
B0GCF76YB2,Surpass Hobby S8120 80KV Brushless Motor Thrust 15.5kg for Agricultural UAV(Propeller: 3011 CCW Include),Surpass Hobby,$254.99,,,無人機馬達,3,"brushless motor, thrust"
B0GVJKXQTQ,"M METERXITY 1-Set Flat Fan Spray Tips, 2mm Orifice 65 Degree Stainless Steel Sprayer Nozzle Tips with NPT3/8 Nut and 50 Mesh Filter for Agricultural Drone Sprayer/Garden Irrigation",,$7.49,,1,植保,7,"agricultur, spray, sprayer, irrigation"
B0H8JL2HNC,UA80- KV85/150/175 8108 ESC Fit for Agricultural Dr-Ones/Dr-one Crop Sprayer ESC for Agricultural Air-Craft,,$445.41,,,配件/零件,0,fit for
B0GZCR6PCG,Power System Lighter Than X8 Power System Multi-Rotor Agricultural Sprayer Drones FIT for X8 G2 Drone(Only X8 G2 CW),,$299.71,,,植保,6,"agricultur, spray, sprayer"
B0GSFFPGTH,Agricultural Drone T16 T20 T30 for Spray Nozzle Sealing Ring for DJI for Argas Parts Replacement Parts,DJI,$15.00,,,植保,4,"agricultur, spray"
B0GVJSLZ1V,"M METERXITY 2-Set Flat Fan Spray Tips, 1.6mm Orifice 65 Degree Stainless Steel Sprayer Nozzle Tips with NPT3/8 Nut and 50 Mesh Filter for Agricultural Drone Sprayer/Garden Irrigation",,$12.49,,1,植保,7,"agricultur, spray, sprayer, irrigation"
B0BXS4XN8V,"Flat Fan Spray Tip, High Pressure Plastic 20pcs Agricultural Sprayer Nozzle Flat Fan for Farmers Gardeners Crop Drones Green",,$18.11,,,植保,10,"agricultur, spray, sprayer, crop, farm"
B0H4CYNSND,6010 Motor Agricultural Fit For Drone Sprayer Accessories Propulsion Motor Repair Essential Parts,,,,,配件/零件,0,fit for
B0BXS5C178,"Flat Fan Spray Tip, High Pressure Plastic 20pcs Agricultural Sprayer Nozzle for Farmers, Drones, Crop Protection, Farming and Agriculture (Orange)",,$18.58,,,植保,10,"agricultur, spray, sprayer, crop, farm"
B0H81YF946,P100 P100pro Smart Spray Hub Fit For Agricultural Drones Accessories,,$181.26,,,配件/零件,0,fit for
B0GVJTJZS6,"M METERXITY 2-Set Flat Fan Spray Tips, 0.91mm Orifice 65 Degree Stainless Steel Sprayer Nozzle Tips with NPT3/8 Nut and 50 Mesh Filter for Agricultural Drone Sprayer/Garden Irrigation",,$12.49,,1,植保,7,"agricultur, spray, sprayer, irrigation"
B0H7W87HSK,P80 III KV100 KV120 Motor FIT for 10Kg 15 Kg Payload Farm Fumigation Agricultural Sprayer Aircraft UAV | Without Pin KV120,,"$1,639.52",,,配件/零件,0,fit for
B0H6MLB56N,"Agricultural Drone Cover Waterproof Compatible with DJI Agras Drones | Compatible with DJI Agras T50 T40 T25 T20P T30 XAG P100, 600D All Weather Farm Drone Protection Cover with Reflective Straps",DJI,$67.99,,,植保,4,"agricultur, farm"
B0FKZR5ZR1,Agriculture Drone Spraying Adaptive Drone Sprayer Repair Kit for T50/T25,,$40.58,,,植保,6,"agricultur, spray, sprayer"
B0H2W8MLFY,X8 Motor Combo Power System 32 Inch Propeller Fit for Agricultural Spraying Drone,,,,,植保,4,"agricultur, spray"
B0GVJZ2Y2N,"M METERXITY 1-Set Flat Fan Spray Tips, 0.66mm Orifice 25 Degree Stainless Steel Sprayer Nozzle Tips with NPT3/8 Nut and 50 Mesh Filter for Agricultural Drone Sprayer/Garden Irrigation",,$7.49,,,植保,7,"agricultur, spray, sprayer, irrigation"
B0H4D2NW3B,DParts1 KV85/150/175 ESC Agricultural Crop Sprayer Parts Agricultural Air-Craft Parts FIT for UA80 Drone,,"$1,094.07",,,植保,8,"agricultur, spray, sprayer, crop"
B0FHPWGCYG,18S X13 Power System for 4-Axis 50L Multirotor Agricultural Spraying Drone to 54-56kg Load(1CW and 5620 Prop),,,,,植保,4,"agricultur, spray"
B0HCJFTR29,36190 36-inch Folding Fiber Propeller CW CCW for Agricultural Spraying Drone(36190 1xCW 1xCW),,$67.46,,,配件/零件,0,propeller
B0GVJSM2ZH,"M METERXITY 1-Set Flat Fan Spray Tips, 1.4mm Orifice 40 Degree Stainless Steel Sprayer Nozzle Tips with NPT3/8 Nut and 50 Mesh Filter for Agricultural Drone Sprayer/Garden Irrigation",,$7.49,,,植保,7,"agricultur, spray, sprayer, irrigation"
B0B2LF8X8V,Propellers Rotor Blade Sets 4 Axis 10KG 10L Agricultural Spraying unmanned RC Drone Empty Carbon Fiber Frame Mist Agriculture Machine UAV Frame for Drone (Color : Rack) (Rack),,,,,配件/零件,0,propeller
B0GJ67RWFF,P80 III KV100 KV120 Motor For 10Kg 15 Kg Payload Farm Fumigation Drone Agricultural Sprayer Aircraft UAV(Pin KV100),,$755.56,,,植保,8,"agricultur, spray, sprayer, farm"
B0H7W8BFNF,A8 KV115 Power Kit with MF3119P Folding Propellers FIT for Agricultural Sprayer UAV | A8 3119 CCW,,,,,植保,6,"agricultur, spray, sprayer"
B0FL1TXTSS,P20 32 Inch 32121 Carbon Fiber Folding Propeller For Agricultural Spraying Drone(P20 32121 CCW),,$71.26,,,植保,4,"agricultur, spray"
B0GHQ9QTVT,12PCS T30 R3820 Carbon Folding Paddles For Agricultural Spraying Drone,,$555.28,,,植保,4,"agricultur, spray"
B0H3NXSVNZ,"Agricultural Drone Cover Compatible with T25P, T55, T70, T100S, 48""x37""x37"" | 600D Oxford, waterproof, UV-resistant, dustproof, with vents & reflective strips, fits T100, T200, includes bag",,$68.90,,,植保,2,agricultur
B0G5G9NPYW,"RC Plus 2 Control Sticks, Thumb Joysticks for DJI RC Plus 2/1 Remote for DJI FlyCart 30/Inspire 3/Matrice 4/400/Matrice 30/30T/Matrice 350 RTK /T40/T25/T20P Controller Rocker (Red)",DJI,$21.99,,1,配件/零件,0,control stick
B0GHQGS9YK,4PCS HW X9 Max Pro 36190 Folding Paddles For Agricultural Spraying Drone,,$111.59,,,植保,4,"agricultur, spray"
B0H8LK36HC,Fit for MG-1/A/P/S 6010 Motor Agricultural Dr-one Sprayer Accessories Propulsion Motor Repair Essential,,$396.28,,,配件/零件,0,fit for
B0GQQ8T6S1,36190 Carbon Drone Propellers For X9 Plus MAX Resistant Agricultural Spraying Rotors (CW+CCW Pair)(X9 Plus MAX 2CW2CCW),,,,,配件/零件,0,propeller
B0H2LTHMFD,Drone Propeller for Agricultural Spraying Drones Fit for P30 Heavy Lift UAV Accessories(P30-CCW 1),,,,,配件/零件,0,propeller
B0GVJLCB4K,"M METERXITY 2-Set Flat Fan Spray Tips, 1.6mm Orifice 40 Degree Stainless Steel Sprayer Nozzle Tips with NPT3/8 Nut and 50 Mesh Filter for Agricultural Drone Sprayer/Garden Irrigation",,$12.49,,,植保,7,"agricultur, spray, sprayer, irrigation"
B0GL2M92LR,X9 MAX Power System 9626 100KV Motor Maximum Load 15kg Fit for 20L 25L Multirotor Agricultural Spraying Dr-one,,$992.45,,,植保,4,"agricultur, spray"
B0GRQLK8C8,X9 Drone Propellers 3411 Carbon-Fiber | Agricultural Spraying UAV Accessories For Crop(Paddle Clamp 1Pair),,$79.58,,,配件/零件,0,propeller
B0H2X3MVWG,X11 Plus 34kg Kv85 4314 Propeller 12sto14s Motor Fit for Agricultural Spraying Drone,,,,,配件/零件,0,propeller
B0FG2JKV3P,XRotor X11 Plus Power System 4314 Propellers 12-14S Motor Max Load 37kg Fit for Agricultural Spraying Drones,,"$1,588.23",,,植保,4,"agricultur, spray"
B0H2826LWX,Water Tank Fit For DJI Agras T10 Agricultural Drone(Complete),DJI,$618.66,,,配件/零件,0,"water tank, fit for, for dji"
B0GVJMSNNJ,"M METERXITY 1-Set Flat Fan Spray Tips, 0.91mm Orifice 25 Degree Stainless Steel Sprayer Nozzle Tips with NPT3/8 Nut and 50 Mesh Filter for Agricultural Drone Sprayer/Garden Irrigation",,$7.49,,,植保,7,"agricultur, spray, sprayer, irrigation"
B0H6LGZGBC,Propeller Quadcopter Spare Folding Agricultural Fit For 32x9.6 Inch Drone,,,,,配件/零件,0,propeller
B0H2X2N76C,T50 10033 48KV Motor Fit for Agricultural Spraying Drone Accessories,,,,,配件/零件,0,fit for
B0GHQMKVHL,4PCS HW X9 Max Pro 36190 Carbon Propellers For Agricultural Spraying Drone,,,,,植保,4,"agricultur, spray"
B0H4TQ9RF7,Flycolor 150A HV Brushless ESC 5-12S Waterproof FIT FOR Drone RC Drone FPV Racing Airplane Agricultural Sprayer Fixed Wing Jet EDF(Fixed Wing 150A-OPTO),,$336.22,,,植保,6,"agricultur, spray, sprayer"
B0H6TK1KQ3,20 Liter Water Box for Agricultural Sprayer UAV 20L 20KG,,,,,植保,6,"agricultur, spray, sprayer"
B0H7W2FHZN,Spray Nozzles Fit For V50Pro P100Pro Agricultural Drone Accessories Applicable,,$46.44,,,配件/零件,0,"nozzle, fit for"
B0GYT3YL7Q,Propeller Folding Carbon Plastics Motor Power System Agricultural Sprayer Drone Parts FIT for 4314 X11 Plus Drone(Propeller Clamp CW),,,,,配件/零件,0,propeller
B0H5NLK8V6,T30 3820 UVProof Folding Propellers Heavy Load Agricultural Drone Blades For Crop Spraying(HMLJ-T303820-CWCCW),,,,,配件/零件,0,propeller
B0H7W34LYD,Metal Spraying Rear Centrifugal Motor Nozzle Adapter Cable Fit For T100 Agricultural Drone Accessorie,,$60.66,,,植保,4,"agricultur, spray"
B0DYZQKD6D,"Universal UAV Release Device, Airdrop Load System | DJI Mavic/Mini4/Mini2/Mini/SE/Air2/Air Universal Rescue Equipment, Easy to Install Drone Airdrop Load Device",DJI,$39.99,,4,消防投彈,3,"release device, rescue"
B0CN9J13LD,Drone Payload Release Airdrop System Dropping Device for DJI Mini 4 Pro/Mini 3 Pro/Air 3S/Air 3/Mavic 3/Mavic 3 Pro Drone Clip Delivery Transport Device for Fishing Bait Release&Wedding&Search &Rescue,DJI,$35.13,50+ bought in past month,32,無人機馬達,2,esc
B0CRKT9M3J,"Universally Drone Airdrop System Release Device Payload Delivery 1 | Transport Drop, for DJI Mini5 Pro/Mini4/Mini3/2/Air3/Air2S/Mavic4/Mavic3/ Mavic Series Drone Accessories (Airdropper Device)",DJI,$37.89,,89,消防投彈,2,release device
B0CN1L3GGD,"Airdrop System Compatible with DJI Mini 4 Pro/Mini 3/Mini 3 Pro/Mini 2/Mini SE Drone Payload Dropper Release Dropping System Delivery Transport Device Thrower for Fishing Line Dropper,Wedding,Rescue",DJI,$26.50,100+ bought in past month,52,配件/零件,0,compatible with
B0CHRVTBQF,V2 8in FPV Racing Drone Frame 367mm 3K Full Carbon Fiber Frame kit | With 6mm Arm for FPV RC Freestyle drone,,$45.99,,13,配件/零件,1,fpv
B0CN1C8PQN,STARTRC Drone Speaker Real-Time Megaphone Portable Interference-Free Long Distance Microphone for DJI Air Series/Mavic 3 series/Mavic 2/Avata Series/Holy Stone Drone,Holy Stone,$69.99,,40,植保,2,crop
B0G257Q46M,Long Thermal Imaging Cameras FIT For DRONE,,,,,配件/零件,0,fit for
B0GQXYBGDS,Thermal Imaging Dynamic Fit For S C12 2K Drone,,,,,配件/零件,0,fit for
B0GR9CB331,Eclipse 256/384/640SL FPV Camera-Thermal Imaging Power Consumption ≤1.5W PAL Output For RC FPV Drones(256SL),,,,,攝影,3,"camera, fpv"
B0FMNWNF2K,Thermal Imaging Camera Module Compatible with Drones CVBS Analogue Interface Accessories 2025 Model Compatible With Common Thermal Imaging Systems,,,,,多用途,2,"camera, thermal imaging"
B0GR97NWFF,Eclipse 256/384/640SL FPV Camera-Thermal Imaging Power Consumption ≤1.5W PAL Output For RC FPV Drones(640SL),,,,,攝影,3,"camera, fpv"
B0GR98NX8F,IRC-384/640CA Thermal Imaging Analog Resolution Night Vision For Quadcopter Toy(IRC-384CA),,"$2,252.31",,,消防投彈,2,thermal imaging
B0FPF1VTKK,"Holyton FAA Compliant Remote ID Module with Buzzer & Strobe Light, GPS Tracking, 4H Battery Life, Spare Part for Drone, Remote ID Broadcast Module for FPV GPS Drones with Camera & RC Aircraft Quadcopters",,$42.99,50+ bought in past month,34,攝影,3,"camera, fpv"
B0H25MQ84L,Owlshine 9mm thermal camera module FPV drone infrared night vision 256 384 640 resolution CVBS interface Type-C micro thermal imager low light no light detection search rescue inspection surveillance drone modification(256X192 4mm-UVC),,,,,攝影,3,"camera, fpv"
B0FP49QWT5,"Holy Stone FAA Compliant Remote ID Module for Drone, Broadcast Module with Strobe Light and Buzzer, Waterproof GPS Tracker, 4 Hours Battery Life, Spare Parts for FPV Drone & RC Aircraft",Holy Stone,$42.99,100+ bought in past month,41,配件/零件,1,fpv
B0H25NJLQW,Owlshine 9mm thermal camera module FPV drone infrared night vision 256 384 640 resolution CVBS interface Type-C micro thermal imager low light no light detection search rescue inspection surveillance drone modification(256X192 9mm-UVC),,,,,攝影,3,"camera, fpv"
B09HHB3YFW,"DJI Mavic 3 Cine Premium Combo, Drone with 4/3 CMOS Hasselblad Camera, 5.1K Video, Omnidirectional Obstacle Sensing, 46 Mins Flight, 15km Video Transmission, with DJI RC Pro, Two Extra Batteries",DJI,,,68,攝影,3,"camera, video"
B0GV42PGKM,Fixed Wing Vtol Aircraft PPV T-Rex 1500TVL 6ms Low Latency WDR FPV Thermal Imaging Racing Drone,,,,,消防投彈,2,thermal imaging
B0CXTHLMKZ,"Potensic FAA Compliant Remote Identification Broadcast Module for Drone, Remote ID Broadcast Module Spare Parts for GPS Drones with Camera Comply with FAA Regulation IP54 Protect Long Battery Life",Potensic,$39.99,50+ bought in past month,143,攝影,2,camera
B0GPT7ZYY4,Thermal & 2K HD With Dynamic And Three-Axis Fit For C12,,"$1,197.38",,,配件/零件,0,no-aircraft-signal
B0H2YLJ4L8,ECO NAJA Dual FPV Thermal Camera Module Day And Night For FPV Drone(256x192),,,,,攝影,3,"camera, fpv"
B0H1V526K1,Thermal Camera Module For FPV Drone 256/384/640 Resolution CVBS Analog Interface Vanadium Oxide Uncooled Infrared IP54 OEM Mini Series(384x288 CVBS 9.1MM),,,,,攝影,3,"camera, fpv"
B0GR9JVV2H,Eclipse 256/384/640SL FPV Camera-Thermal Imaging Power Consumption ≤1.5W PAL Output For RC FPV Drones(384SL),,,,,攝影,3,"camera, fpv"
B0H2YFQP26,ECO NAJA Dual FPV Thermal Camera Module Day And Night For FPV Drone(640x512),,,,,攝影,3,"camera, fpv"
B0H2YFRVNJ,ECO NAJA Dual FPV Thermal Camera Module Day And Night For FPV Drone(384x288),,,,,攝影,3,"camera, fpv"
B0H63YMRJ7,Repair Parts Kit For 2 Pro/Industry Dual Includes Thermal Imaging Motor Zoom Arm Fan Shell ESC Board(Motor Screws),,,,,配件/零件,0,repair parts
B0H25G8BDW,Owlshine 9mm thermal camera module FPV drone infrared night vision 256 384 640 resolution CVBS interface Type-C micro thermal imager low light no light detection search rescue inspection surveillance drone modification(640x512 9mm-CVBS),,,,,攝影,3,"camera, fpv"
B0H61VQYMP,"2 Enterprise Body Accessories, Arm, Core Board ESC, For Mavic2 Dual-Light Advanced Thermal Imaging Series(Gimbal Flat Cable)",,,,,配件/零件,0,accessories
B0H5VRCCFY,2 Enterprise Industrial Upgrade Kit Dual-Light Thermal Imaging ESC Arm Carry Case For 2 Series(Rear light),,,,,配件/零件,0,upgrade kit
B0H5VRBGHB,2 Enterprise Industrial Upgrade Kit Dual-Light Thermal Imaging ESC Arm Carry Case For 2 Series(Front Left Axis),,,,,配件/零件,0,upgrade kit
B0H61HH1SD,Camera 3 Enterprise Absorber 3T Yaw Motor Roll Arm For 3T(Yaw Arm),,,,,配件/零件,0,absorber
B0H617WBQS,"2 Enterprise Body Accessories, Arm, Core Board ESC, For Mavic2 Dual-Light Advanced Thermal Imaging Series(Rear Axis)",,,,,配件/零件,0,accessories
B0H5VRDVDW,2 Enterprise Industrial Upgrade Kit Dual-Light Thermal Imaging ESC Arm Carry Case For 2 Series(Gimbal Mount Cover),,,,,配件/零件,0,upgrade kit
B0GL81TBB3,Travel Case for TOPDON TC004 Mini Thermal Imaging Camera with Removable Custom Sponge Insert (Only Case) (Black),,$19.99,100+ bought in past month,18,非無人機商品,0,no-aircraft-signal
B0DZXCZGKJ,"Lekufee Waterproof Hard Carrying Case for DJI Avata 2 Drone,Fly More Combo, Goggles N3 / 3 / Integra,RC Motion 3/2,FPV Remote Controller 3/2, and other Accessories(Case Only)",DJI,$119.99,,92,配件/零件,0,carrying case
B0GF1CVYDG,"Drone Carrying Case for DJI Mavic 4 Pro/Creator Combo, Portable Hard Shell Storage Case with Custom Foam, Compatible with RC Pro 2/RC 2 Remote Controller, Charging Hub, Batteries and Accessories",DJI,$119.99,,1,配件/零件,0,"carrying case, for dji"
B0GXK9CSMM,"Lekufee Waterproof Hard Carrying Case for DJI Avata 360 Drone, Motion Fly More Combo, Battery (5 pcs), Goggles N3/3, RC Motion 3, DJI RC 2/RC N3/N2, FPV Controller 3, Accessories(Case Only)",DJI,$99.99,,32,配件/零件,0,carrying case
