asin,title,brand,seller,model,price,rating,review_count,sales,product_link,image_url,keyword
B0FR42R14S,"Oddire Drones with Camera for Adults 4K, GPS Auto Return, Waypoint Flight, Orbit Fly, GPS Follow, Gesture Control, Foldable Drone with Brushless Motor, 249g Light, 48 Mins Flight Time with 2 Batteries",Oddire,,HK11,,4.4,627,500+ bought in past month,https://www.amazon.com/Oddire-Waypoint-Foldable-Brushless-Batteries/dp/B0FR42R14S/ref=sr_1_46?dib=eyJ2IjoiMSJ9.qULum_x3SWyKIMnWaDzOUoeg094yGM0mTD7X6PwzYOeP5eCdF-yR0pI-lJj9VdYZF7ZoOxSkkrKNVJvEiIkeefXN1237gmb7vojYbJ-DnGvhufkkhii4f7DykJJyw-i8NsRdhCPeUjNQVU5aO58qepMkG_1CUAU1uFGshHofhNWp2fgu9So7AY6YMiGjFcZVwIQQB5Lp5WypS-5fH81qnDL5uvw9B9pP8c3tF6AJBgXOZruX-_J2POgP2y9ADtJ9Il79Ws_Zaq2w6eCTdKf64qEC_j-TErCoC7XTL4MzLV8.6PC1Ur0woQuWAoGIxKTybTlZnWyE8OAqvHvW_8LUAQk&dib_tag=se&keywords=drone+brushless+motor&qid=1785841578&sr=8-46,https://m.media-amazon.com/images/I/71-axjM6ccL._AC_UL320_.jpg,drone brushless motor
B0F8QTBGNP,"Drone with Camera for Adults, 2K HD FPV Drones with Upgrade Altitude Hold, One-Key Take Off/Landing, Speed Adjustment, Headless Mode, 2 Batteries, Toys Gifts for Teen Boys Girls, Beginner",Loiley,DroneFinds-Hub,,$39.98,4.2,1723,3K+ bought in past month,https://www.amazon.com/Altitude-Adjustment-Headless-Batteries-Beginner/dp/B0F8QTBGNP/ref=sr_1_10?dib=eyJ2IjoiMSJ9.qULum_x3SWyKIMnWaDzOUoeg094yGM0mTD7X6PwzYOeP5eCdF-yR0pI-lJj9VdYZF7ZoOxSkkrKNVJvEiIkeefXN1237gmb7vojYbJ-DnGvhufkkhii4f7DykJJyw-i8NsRdhCPeUjNQVU5aO58qepMkG_1CUAU1uFGshHofhNWp2fgu9So7AY6YMiGjFcZVwIQQB5Lp5WypS-5fH81qnDL5uvw9B9pP8c3tF6AJBgXOZruX-_J2POgP2y9ADtJ9Il79Ws_Zaq2w6eCTdKf64qEC_j-TErCoC7XTL4MzLV8.6PC1Ur0woQuWAoGIxKTybTlZnWyE8OAqvHvW_8LUAQk&dib_tag=se&keywords=drone+brushless+motor&qid=1785841578&sr=8-10,https://m.media-amazon.com/images/I/81a7QAIa0PL._AC_UL320_.jpg,drone brushless motor
B0FD9T2145,"GPS Drone with Camera, 2K HD Drones for Adults, Foldable FPV Drone with GPS Auto Return, Follow Me, Circle Fly, Waypoint Fly, 5G Transmission, Gestures Selfie, Brushless Motor, 2 Batteries, Charcoal",,,,$47.99,4.3,433,400+ bought in past month,https://www.amazon.com/Drone-Camera-Brushless-Return-Follow/dp/B0FD9T2145/ref=sr_1_36?dib=eyJ2IjoiMSJ9.AvqpZ02C7FD0Iyyg_KSigu0GCtqUPCin-69ueNzMmdJsaqw_brU4ci_8FD5wmV2_BGH9IE-70DiO3h23J9IVarQxaWwROYWHsrf_DkRGX_u2fDA4woTTKd0b0dA-iNLToIRy--WucwYd9fropfHPijLFcHXofabQC1ZuE0W0qqslbMNzNVqosUtTqFfRWHxNka3NtcZyWbmFS3Xm5qxEZb7NXX5S5Ruve_tNwfqTqNVbo0KEVkxvwVAuFqWQE1mEKYD7697VIqRJN4w-yCOpIGYNQQpbi9taYIAAFOnCqYA.mArGjuEdmUwkPCBsGafteTznXKIvwgLxG0VGxBT8v98&dib_tag=se&keywords=drone&qid=1785831426&sr=8-36,https://m.media-amazon.com/images/I/712pkMKeIxL._AC_UL320_.jpg,drone
B0H3LW66X7,"GPS Drone with EIS Camera for Adults Beginners,4.5"" HD LCD RC Screen,Al Track&Orbit Mode,32G SD Card with Drone Professional Auto Return, Drones Long Range Follow Me,Gesture Control,under 249g",,,,$139.98,4.7,72,500+ bought in past month,https://www.amazon.com/Camera-Beginners-Professional-Gesture-Control/dp/B0H3LW66X7/ref=sr_1_18?dib=eyJ2IjoiMSJ9.AvqpZ02C7FD0Iyyg_KSigu0GCtqUPCin-69ueNzMmdJsaqw_brU4ci_8FD5wmV2_BGH9IE-70DiO3h23J9IVarQxaWwROYWHsrf_DkRGX_u2fDA4woTTKd0b0dA-iNLToIRy--WucwYd9fropfHPijLFcHXofabQC1ZuE0W0qqslbMNzNVqosUtTqFfRWHxNka3NtcZyWbmFS3Xm5qxEZb7NXX5S5Ruve_tNwfqTqNVbo0KEVkxvwVAuFqWQE1mEKYD7697VIqRJN4w-yCOpIGYNQQpbi9taYIAAFOnCqYA.mArGjuEdmUwkPCBsGafteTznXKIvwgLxG0VGxBT8v98&dib_tag=se&keywords=drone&qid=1785831426&sr=8-18,https://m.media-amazon.com/images/I/61TIH19pf3L._AC_UL320_.jpg,drone
B0F4WZ3Q2J,"DJI Mini 4K Camera Drone Combo, Drone with 4K UHD Camera for Adults, Under 249 g, 3-Axis Gimbal Stabilization, 10km Video Transmission, Auto Return, 2 Batteries for 62-Min Max Flight Time, QuickShots | Drone With 4K UHD Camera for Adults, 3-Axis Gimbal, 10km Video Transmission, Auto Return, 62-Min Flight Time, QuickShots",DJI,,,$389.00,4.5,1870,3K+ bought in past month,https://www.amazon.com/DJI-Stabilization-Transmission-Batteries-QuickShots/dp/B0F4WZ3Q2J/ref=sr_1_16_mod_primary_new?dib=eyJ2IjoiMSJ9.AvqpZ02C7FD0Iyyg_KSigu0GCtqUPCin-69ueNzMmdJsaqw_brU4ci_8FD5wmV2_BGH9IE-70DiO3h23J9IVarQxaWwROYWHsrf_DkRGX_u2fDA4woTTKd0b0dA-iNLToIRy--WucwYd9fropfHPijLFcHXofabQC1ZuE0W0qqslbMNzNVqosUtTqFfRWHxNka3NtcZyWbmFS3Xm5qxEZb7NXX5S5Ruve_tNwfqTqNVbo0KEVkxvwVAuFqWQE1mEKYD7697VIqRJN4w-yCOpIGYNQQpbi9taYIAAFOnCqYA.mArGjuEdmUwkPCBsGafteTznXKIvwgLxG0VGxBT8v98&dib_tag=se&keywords=drone&qid=1785831426&sbo=RZvfv%2F%2FHxDF%2BO5021pAnSA%3D%3D&sr=8-16,https://m.media-amazon.com/images/I/61QYGDZtVPL._AC_UL320_.jpg,drone
B0DKHCZHCY,"Potensic ATOM 2 Drone with Camera for Adults 4K Video, 8K Photo, Under 249g, 3-Axis Gimbal, 10KM Transmission, AI Track, Vertical Shooting, AI Night Shot, QuickShots, Fly More Combo (96-Min Flight)",Potensic,,DSDR23A,$339.99,4.5,1871,400+ bought in past month,https://www.amazon.com/Potensic-Transmission-Vertical-Shooting-QuickShots/dp/B0DKHCZHCY/ref=sr_1_7?dib=eyJ2IjoiMSJ9.AvqpZ02C7FD0Iyyg_KSigu0GCtqUPCin-69ueNzMmdJsaqw_brU4ci_8FD5wmV2_BGH9IE-70DiO3h23J9IVarQxaWwROYWHsrf_DkRGX_u2fDA4woTTKd0b0dA-iNLToIRy--WucwYd9fropfHPijLFcHXofabQC1ZuE0W0qqslbMNzNVqosUtTqFfRWHxNka3NtcZyWbmFS3Xm5qxEZb7NXX5S5Ruve_tNwfqTqNVbo0KEVkxvwVAuFqWQE1mEKYD7697VIqRJN4w-yCOpIGYNQQpbi9taYIAAFOnCqYA.mArGjuEdmUwkPCBsGafteTznXKIvwgLxG0VGxBT8v98&dib_tag=se&keywords=drone&qid=1785831426&sr=8-7,https://m.media-amazon.com/images/I/61zZQXnT4RL._AC_UL320_.jpg,drone
B0FYPWRFWF,"Drone with Camera, Screen on Controller Remote Control Quadcopter FPV Drone | Drone with Built-in Screen Controller for Beginners, Foldable, Gesture Control, 3D Flip, One-Key Start, and Emergency Stop",,,PK01,$59.97,4.4,930,2K+ bought in past month,https://www.amazon.com/Drone-Camera-Controller-Beginners-Quadcopter/dp/B0FYPWRFWF/ref=sr_1_8?dib=eyJ2IjoiMSJ9.AvqpZ02C7FD0Iyyg_KSigu0GCtqUPCin-69ueNzMmdJsaqw_brU4ci_8FD5wmV2_BGH9IE-70DiO3h23J9IVarQxaWwROYWHsrf_DkRGX_u2fDA4woTTKd0b0dA-iNLToIRy--WucwYd9fropfHPijLFcHXofabQC1ZuE0W0qqslbMNzNVqosUtTqFfRWHxNka3NtcZyWbmFS3Xm5qxEZb7NXX5S5Ruve_tNwfqTqNVbo0KEVkxvwVAuFqWQE1mEKYD7697VIqRJN4w-yCOpIGYNQQpbi9taYIAAFOnCqYA.mArGjuEdmUwkPCBsGafteTznXKIvwgLxG0VGxBT8v98&dib_tag=se&keywords=drone&qid=1785831426&sr=8-8,https://m.media-amazon.com/images/I/71NchQ-1mRL._AC_UL320_.jpg,drone
B0CXJDDJ9X,"DJI Mini 4K, Drone With 4K UHD Camera, Under 249 g | 3-Axis Gimbal, 10km Video Transmission, Auto Return, Wind Resistance, 31-Min Flight Time, Intelligent Flight",DJI,,Mini 4K,$299.00,4.5,3965,4K+ bought in past month,https://www.amazon.com/DJI-Stabilization-Transmission-Resistance-Battery/dp/B0CXJDDJ9X/ref=sr_1_1?dib=eyJ2IjoiMSJ9.SI1h3-CiQG8DEJ6r8Y7nr7qjz5Q7a0b8DfCmXqc5FVBhWDOsaYICUS0mBi5pqAEvyutBGWiF4EPV0QTuAN7qwoFFp6yN85J1z9A3B8ep0DuiyU_CiKa59YdzSbrndRNELeOHSSP8EmU3BtBNKhB7_yVAeEWp08f3CTMK1ew5XibTjS2xcAsoT5tjIph2mEAQa6OoFOp7Bn3WP0q8Rl48pZ9OAfFhUIVVIwiI3yDSMfEw0-URBR1ydSg4dr5TKx1WePMz70IYmdM7XqmI8PC5MrrgYkX2nb_kKaK4KiWO98w.inGe-lEL_Kcyq0GKOjRMGupHwXpGXMEp-dXNKnb6fTY&dib_tag=se&keywords=thermal+imaging+drone&qid=1785845015&sr=8-1,https://m.media-amazon.com/images/I/61TcjJ4qDZL._AC_UL320_.jpg,thermal imaging drone
B0F6XK911R,"DJI Mini 5 Pro Fly More Combo Plus with DJI RC 2, Drone with Camera, 1-Inch CMOS, 4K Drone for Beginners, Obstacle Sensing, ActiveTrack 360°, 225° Gimbal Rotation, Extended Battery Life | 4K Drone for Beginners, Obstacle Sensing, ActiveTrack 360°, 225° Gimbal Rotation, Extended Battery Life",DJI,,DJI Mini 5 Pro,"$1,159.00",4.4,698,,https://www.amazon.com/DJI-Beginners-Obstacle-ActiveTrack-Rotation/dp/B0F6XK911R/ref=sr_1_10?dib=eyJ2IjoiMSJ9.AvqpZ02C7FD0Iyyg_KSigu0GCtqUPCin-69ueNzMmdJsaqw_brU4ci_8FD5wmV2_BGH9IE-70DiO3h23J9IVarQxaWwROYWHsrf_DkRGX_u2fDA4woTTKd0b0dA-iNLToIRy--WucwYd9fropfHPijLFcHXofabQC1ZuE0W0qqslbMNzNVqosUtTqFfRWHxNka3NtcZyWbmFS3Xm5qxEZb7NXX5S5Ruve_tNwfqTqNVbo0KEVkxvwVAuFqWQE1mEKYD7697VIqRJN4w-yCOpIGYNQQpbi9taYIAAFOnCqYA.mArGjuEdmUwkPCBsGafteTznXKIvwgLxG0VGxBT8v98&dib_tag=se&keywords=drone&qid=1785831426&sr=8-10,https://m.media-amazon.com/images/I/61raia-4iRL._AC_UL320_.jpg,drone
B0FB3SBPJ7,"Bwine F7GB2 Pro Drones with Camera for Adults 4K UHD Aerial 3-Axis Gimbal | 10000FT Control, 75 Mins Flight Time with 3 Batteries, GPS Follow, Waypoint, Orbit Fly, Auto Return, Beginner Mode",Bwine,,,$399.97,4.3,794,200+ bought in past month,https://www.amazon.com/Bwine-10000FT-Batteries-Waypoint-Beginner/dp/B0FB3SBPJ7/ref=sr_1_45?dib=eyJ2IjoiMSJ9.AvqpZ02C7FD0Iyyg_KSigu0GCtqUPCin-69ueNzMmdJsaqw_brU4ci_8FD5wmV2_BGH9IE-70DiO3h23J9IVarQxaWwROYWHsrf_DkRGX_u2fDA4woTTKd0b0dA-iNLToIRy--WucwYd9fropfHPijLFcHXofabQC1ZuE0W0qqslbMNzNVqosUtTqFfRWHxNka3NtcZyWbmFS3Xm5qxEZb7NXX5S5Ruve_tNwfqTqNVbo0KEVkxvwVAuFqWQE1mEKYD7697VIqRJN4w-yCOpIGYNQQpbi9taYIAAFOnCqYA.mArGjuEdmUwkPCBsGafteTznXKIvwgLxG0VGxBT8v98&dib_tag=se&keywords=drone&qid=1785831426&sr=8-45,https://m.media-amazon.com/images/I/71-TfzEfweL._AC_UL320_.jpg,drone
B0GS77FXYC,DJI Mini 5 Pro Drone RC2 Fly More Combo Plus Lightweight Camera Aerial UAV Bundle | Extended Flight Smart Tracking Portable Kit with 64GB Card + Landing Pad + More,DJI,,,"$1,659.95",4.6,14,100+ bought in past month,https://www.amazon.com/sspa/click?ie=UTF8&spc=MToyOTYzMTMwOTUyNjg2NTI1OjE3ODU4MTE1OTg6c3BfbXRmOjMwMTIwMjAwMzQzODkwMjo6MDo6&url=%2FDJI-Lightweight-Extended-Tracking-Portable%2Fdp%2FB0GS77FXYC%2Fref%3Dsr_1_15_sspa%3Fdib%3DeyJ2IjoiMSJ9.yhJmkx3Yw-gjTeJ8C7axuHwD25Z3iKpT2rTS8bKMpwpDe7WZZ6iZhckY-hVGdAIqDGlD8w9Ub6pRXq-u9mzRwuGYL3mq7TI_h_0_6vzu8nW_WdXh6qu7fZRMLcsi9gQRUdImQeN0uEHQX9NJ3jIT19s0EBHkXzLiPq4TXfCPVbNyDEgnDgQge1j3vAkrQdYSY9tbMmPqZdwlIHM6lEguLEc1zAjTN1EDLAp92wIBBesa8W5-rmpROHoDPNsNh4TSiYN40SApsCf-5eKqxCRU5AIxI1CjcLPhY0o-cawgbNI.Zyrx1DrnhjGOZ4VqUwObkyqwW58WINwqccGpezZ74aA%26dib_tag%3Dse%26keywords%3Ddrone%26qid%3D1785811598%26sr%3D8-15-spons%26sp_csd%3Dd2lkZ2V0TmFtZT1zcF9tdGY%26psc%3D1,https://m.media-amazon.com/images/I/81JUkf8iuaL._AC_UL320_.jpg,drone
B0FN387TP3,"Dwi Dowellin GPS Drone with Camera for Adults,2K HD RC Plegable Drones with Auto Return,Follow Me and Lightweight,2 PCS Batteries for Long Flight Time,Easy Fly Quadcopter for Kids & Beginners",,,,$79.89,4.0,,,https://www.amazon.com/sspa/click?ie=UTF8&spc=MTo3MjEyNzY0OTE1OTQ0MzM2OjE3ODU4MDk0MjY6c3BfbXRmOjMwMTEyOTU1MDEyOTIwMjo6MDo6&url=%2FDwi-Dowellin-Lightweight-Batteries-Quadcopter%2Fdp%2FB0FN387TP3%2Fref%3Dsr_1_14_sspa%3Fdib%3DeyJ2IjoiMSJ9.nWVygkF36C-ek-nSyI1ecSLkVb3uF1XC1Cac-VRsG376rLLaTeMjUCLf7WrOu1L9wmRHmPsbQqUchtPJY9lXMKR598PMwDqs1UQ9FE1t4Ul68HKQj2pCWHnLEzaJjaNoUrxIE4gFjQ0vRhnIF_cDCGcRHN6WlUYSFYq3mYUSGyLsJAFjhtp_7Joah2Se3CQ3cE68qQs7Mb1AmPFvCMO9DagmJCyO4GJA6ctsZsDLqzAAvfcP2HmOzp72UxkoXYb8kJHYwD01WGfQfIOiPdWsM3-yW0npfkvLWtauNv1559E.2PeOy4CtPwOIsHg8fGNrRwmGUrBD6xFbFVtgDgCEi_Y%26dib_tag%3Dse%26keywords%3Ddrone%26qid%3D1785809426%26sr%3D8-14-spons%26sp_csd%3Dd2lkZ2V0TmFtZT1zcF9tdGY%26psc%3D1,https://m.media-amazon.com/images/I/71jZtUU2QcL._AC_UL320_.jpg,drone
B0FBR5JHJ6,"GPS Drone with Camera for Adults, 2K HD Foldable RC Quadcopter | FPV Live Video, Auto Return, Brushless Motor, Follow Me, Headless Mode, Kids Toys Gifts, Beginner Friendly",,,,$49.99,4.1,,,https://www.amazon.com/sspa/click?ie=UTF8&spc=MTo3MjEyNzY0OTE1OTQ0MzM2OjE3ODU4MDk0MjY6c3BfbXRmOjMwMDg1ODM5ODIzODMwMjo6MDo6&url=%2FGPS-Drone-Camera-Adults-Quadcopter%2Fdp%2FB0FBR5JHJ6%2Fref%3Dsr_1_15_sspa%3Fdib%3DeyJ2IjoiMSJ9.nWVygkF36C-ek-nSyI1ecSLkVb3uF1XC1Cac-VRsG376rLLaTeMjUCLf7WrOu1L9wmRHmPsbQqUchtPJY9lXMKR598PMwDqs1UQ9FE1t4Ul68HKQj2pCWHnLEzaJjaNoUrxIE4gFjQ0vRhnIF_cDCGcRHN6WlUYSFYq3mYUSGyLsJAFjhtp_7Joah2Se3CQ3cE68qQs7Mb1AmPFvCMO9DagmJCyO4GJA6ctsZsDLqzAAvfcP2HmOzp72UxkoXYb8kJHYwD01WGfQfIOiPdWsM3-yW0npfkvLWtauNv1559E.2PeOy4CtPwOIsHg8fGNrRwmGUrBD6xFbFVtgDgCEi_Y%26dib_tag%3Dse%26keywords%3Ddrone%26qid%3D1785809426%26sr%3D8-15-spons%26sp_csd%3Dd2lkZ2V0TmFtZT1zcF9tdGY%26psc%3D1,https://m.media-amazon.com/images/I/71zwU1cHUrL._AC_UL320_.jpg,drone
B0D5CXY6X8,"FLYVISTA Cool Mini Drone with Camera for Kids Adults Beginners, 1080P FPV Camera Remote Control Drone for Kids with 2 Batteries, One-Click Take Off/Landing, Altitude Hold, Headless Mode, 360° Flips, 3-Gear Speeds , Emergency Stop, Toys Gifts for Adults Beginner and Kids",,,,$29.99,3.9,587,1K+ bought in past month,https://www.amazon.com/FLYVISTA-Beginners-Batteries-One-Click-Emergency/dp/B0D5CXY6X8/ref=sr_1_55?dib=eyJ2IjoiMSJ9.yhJmkx3Yw-gjTeJ8C7axuHwD25Z3iKpT2rTS8bKMpwpDe7WZZ6iZhckY-hVGdAIqDGlD8w9Ub6pRXq-u9mzRwuGYL3mq7TI_h_0_6vzu8nW_WdXh6qu7fZRMLcsi9gQRUdImQeN0uEHQX9NJ3jIT19s0EBHkXzLiPq4TXfCPVbNyDEgnDgQge1j3vAkrQdYSY9tbMmPqZdwlIHM6lEguLEc1zAjTN1EDLAp92wIBBesa8W5-rmpROHoDPNsNh4TSiYN40SApsCf-5eKqxCRU5AIxI1CjcLPhY0o-cawgbNI.Zyrx1DrnhjGOZ4VqUwObkyqwW58WINwqccGpezZ74aA&dib_tag=se&keywords=drone&qid=1785811598&sr=8-55,https://m.media-amazon.com/images/I/71-a2-LF4WL._AC_UL320_.jpg,drone
B0FJ1QH15P,"DJI Neo 2 Motion Fly More Combo With RC Motion 3 & Goggles N3 | Stable Transmission With Digital Transceiver, 4K Drone for Beginners, FPV Flying, 3 Batteries",DJI,,DJI NEO 2,,4.6,858,1K+ bought in past month,https://www.amazon.com/DJI-Transmission-Transceiver-Beginners-Batteries/dp/B0FJ1QH15P/ref=sr_1_42?dib=eyJ2IjoiMSJ9.KWlsY3AlJ2mYXPtUnXTL5GoAu6U6QLukCrtv21z3-K7Pv-rw-_XnJswMKWSnt6O5rqoVvfD7lrdw37tDTQe2wG8fHQbDMaByitQHAsMNsD-8d-xXlia0D_6vvlQsusoz41bkaAFFH4mAN_JAfm1GSL73CydYp4qCxjR3t_xZSueMSRaI2QxeRYNYZMGwgvDlmIuOyfMqonf5IayNb84Ht70x1sUTJDbnaEDGv0DGE1Uq4HFYSbGA7VzDbP5yjcneNO4MmAhCLx2xnA3E6bwH95-JclHDPglALE4pHeeed04.7fR43qGeXT7MOavwLcKkeB_y6tcfBdCvYP7PNtgQMQE&dib_tag=se&keywords=drone&qid=1785833407&sr=8-42,https://m.media-amazon.com/images/I/61MbI25kflL._AC_UL320_.jpg,drone
B0F6XN1J7K,"DJI Mini 5 Pro Fly More Combo With DJI RC 2, 1-Inch CMOS | 4K Drone for Beginners With Omnidirectional Obstacle Sensing, ActiveTrack 360°, 225° Gimbal Rotation, 3 Batteries",DJI,,,"$1,049.00",4.5,664,2K+ bought in past month,https://www.amazon.com/DJI-Mini-More-Combo-1-Inch/dp/B0F6XN1J7K/ref=sr_1_24?dib=eyJ2IjoiMSJ9.yhJmkx3Yw-gjTeJ8C7axuHwD25Z3iKpT2rTS8bKMpwpDe7WZZ6iZhckY-hVGdAIqDGlD8w9Ub6pRXq-u9mzRwuGYL3mq7TI_h_0_6vzu8nW_WdXh6qu7fZRMLcsi9gQRUdImQeN0uEHQX9NJ3jIT19s0EBHkXzLiPq4TXfCPVbNyDEgnDgQge1j3vAkrQdYSY9tbMmPqZdwlIHM6lEguLEc1zAjTN1EDLAp92wIBBesa8W5-rmpROHoDPNsNh4TSiYN40SApsCf-5eKqxCRU5AIxI1CjcLPhY0o-cawgbNI.Zyrx1DrnhjGOZ4VqUwObkyqwW58WINwqccGpezZ74aA&dib_tag=se&keywords=drone&qid=1785811598&sr=8-24,https://m.media-amazon.com/images/I/61raia-4iRL._AC_UL320_.jpg,drone
B07FVZFFXD,"DJI Air 3S Fly More Combo (RC 2 Screen Remote Controller), 4K Drone | Drone With 1″ CMOS Wide-Angle & Medium Tele Camera for Adults, 4K/60fps, Omnidirectional Sensing, 3 Batteries",DJI,,,"$1,599.00",4.7,806,500+ bought in past month,https://www.amazon.com/DJI-Controller-Wide-Angle-Omnidirectional-Batteries/dp/B07FVZFFXD/ref=sr_1_29?dib=eyJ2IjoiMSJ9.AvqpZ02C7FD0Iyyg_KSigu0GCtqUPCin-69ueNzMmdJsaqw_brU4ci_8FD5wmV2_BGH9IE-70DiO3h23J9IVarQxaWwROYWHsrf_DkRGX_u2fDA4woTTKd0b0dA-iNLToIRy--WucwYd9fropfHPijLFcHXofabQC1ZuE0W0qqslbMNzNVqosUtTqFfRWHxNka3NtcZyWbmFS3Xm5qxEZb7NXX5S5Ruve_tNwfqTqNVbo0KEVkxvwVAuFqWQE1mEKYD7697VIqRJN4w-yCOpIGYNQQpbi9taYIAAFOnCqYA.mArGjuEdmUwkPCBsGafteTznXKIvwgLxG0VGxBT8v98&dib_tag=se&keywords=drone&qid=1785831426&sr=8-29,https://m.media-amazon.com/images/I/61XQJkxJ2nL._AC_UL320_.jpg,drone
B0H25RH4VJ,"MSMV 4K Camera Drone for Adults Kids, Wireless RC Toys, Small Drone with Emergency Stop, One Button Return, Stable Altitude Hold, APP Control, 360° Flips, 2 Batteries & Carrying Case, Charcoal Black | OneButton Return, Emergency Stop, Headless Mode, 360° Flips, 2 Batteries & CarryingCase for Kids Adults Beginners",,,,$69.98,4.2,,100+ bought in past month,https://www.amazon.com/sspa/click?ie=UTF8&spc=MTo3MjEyNzY0OTE1OTQ0MzM2OjE3ODU4MDk0MjY6c3BfbXRmOjMwMTE2ODYxNDQ5ODAwMjo6MDo6&url=%2FMSMV-Wireless-Emergency-Altitude-Batteries%2Fdp%2FB0H25RH4VJ%2Fref%3Dsr_1_20_sspa%3Fdib%3DeyJ2IjoiMSJ9.nWVygkF36C-ek-nSyI1ecSLkVb3uF1XC1Cac-VRsG376rLLaTeMjUCLf7WrOu1L9wmRHmPsbQqUchtPJY9lXMKR598PMwDqs1UQ9FE1t4Ul68HKQj2pCWHnLEzaJjaNoUrxIE4gFjQ0vRhnIF_cDCGcRHN6WlUYSFYq3mYUSGyLsJAFjhtp_7Joah2Se3CQ3cE68qQs7Mb1AmPFvCMO9DagmJCyO4GJA6ctsZsDLqzAAvfcP2HmOzp72UxkoXYb8kJHYwD01WGfQfIOiPdWsM3-yW0npfkvLWtauNv1559E.2PeOy4CtPwOIsHg8fGNrRwmGUrBD6xFbFVtgDgCEi_Y%26dib_tag%3Dse%26keywords%3Ddrone%26qid%3D1785809426%26sr%3D8-20-spons%26sp_csd%3Dd2lkZ2V0TmFtZT1zcF9tdGY%26psc%3D1,https://m.media-amazon.com/images/I/719LPB5eN5L._AC_UL320_.jpg,drone
B0FC5RTNX7,"Contixo F23 GPS Drone With Camera, 46 Min Flight Time, 4.5"" Screen Remote, Follow Me, Waypoints, 5GHz FPV Transmission, Return to Home, Hand Gestures, Orbit Mode Foldable Drones For Teens & Adults",Contixo,,F23,$149.99,3.2,63,100+ bought in past month,https://www.amazon.com/sspa/click?ie=UTF8&spc=MToyNTA3MDg1ODIwNzkxNTE5OjE3ODU4NDUwMTU6c3BfbXRmOjMwMTM2Njk2ODAzODQwMjo6MDo6&url=%2FContixo-Waypoints-Transmission-Gestures-Foldable%2Fdp%2FB0FC5RTNX7%2Fref%3Dsr_1_12_sspa%3Fdib%3DeyJ2IjoiMSJ9.SI1h3-CiQG8DEJ6r8Y7nr7qjz5Q7a0b8DfCmXqc5FVBhWDOsaYICUS0mBi5pqAEvyutBGWiF4EPV0QTuAN7qwoFFp6yN85J1z9A3B8ep0DuiyU_CiKa59YdzSbrndRNELeOHSSP8EmU3BtBNKhB7_yVAeEWp08f3CTMK1ew5XibTjS2xcAsoT5tjIph2mEAQa6OoFOp7Bn3WP0q8Rl48pZ9OAfFhUIVVIwiI3yDSMfEw0-URBR1ydSg4dr5TKx1WePMz70IYmdM7XqmI8PC5MrrgYkX2nb_kKaK4KiWO98w.inGe-lEL_Kcyq0GKOjRMGupHwXpGXMEp-dXNKnb6fTY%26dib_tag%3Dse%26keywords%3Dthermal%2Bimaging%2Bdrone%26qid%3D1785845015%26sr%3D8-12-spons%26sp_csd%3Dd2lkZ2V0TmFtZT1zcF9tdGY%26psc%3D1,https://m.media-amazon.com/images/I/81qRMibxJ2L._AC_UL320_.jpg,thermal imaging drone
B0H25P37NH,"MSMV 4K HD Drone With Camera, Wireless RC Toys for Boys Girls，Black | OneButton Return, Emergency Stop, Headless Mode, 360° Flips, 2 Batteries & CarryingCase for Kids Adults Beginners",,,,$69.98,4.2,,300+ bought in past month,https://www.amazon.com/MSMV-Drone-Camera-Wireless-Girls%EF%BC%8CBlack/dp/B0H25P37NH/ref=sr_1_142?dib=eyJ2IjoiMSJ9.i2xTQHCS88ARDUVgj4T2WWMRgUrGhZn8ZVaFSdhCgTutn0FtsmyX3iFVRU7B5v_WDHjePKrTRTSicrA3nyt58jN4SU4qE8gb5Cz0xJNyzVAG6JgFaFQYjEXbYLTXJ2zoHgaxUNu6YL2DB_HahUCu7FhaPhkj3UD-vqA1XzfJkhkHstpNzs6lXWcOy20F4ybMrwj7u1qlzgQcSgjGWFJlAjcofsBDen8s4khtwBC1uFTd_p2kXZV0o58SZ5IxFUN5-3zxSgITvXDhjrY1M0ZSSzUAYnroWuXq4hCy0jQLw54.5iM5abC3XpETsGr2ydZ5S4rG_APvtAiKMaBN5RvawXk&dib_tag=se&keywords=drone&qid=1785809853&sr=8-142&xpid=itLqQDKSO6foN,https://m.media-amazon.com/images/I/71s11YJjKQL._AC_UL320_.jpg,drone
B09FJZMXY4,"AVIALOGIC Mini Drone with Camera for Kids, Remote Control Helicopter Toys Gifts for Boys Girls, FPV RC Quadcopter with 1080P HD Live Video Camera, Altitude Hold, Gravity Control, 2 Batteries, Black",,,,$39.99,4.2,,1K+ bought in past month,https://www.amazon.com/sspa/click?ie=UTF8&spc=MTo3MjEyNzY0OTE1OTQ0MzM2OjE3ODU4MDk0MjY6c3BfbXRmOjIwMDAzMzExNzYwNzg5ODo6MDo6&url=%2FAVIALOGIC-Helicopter-Quadcopter-Altitude-Batteries%2Fdp%2FB09FJZMXY4%2Fref%3Dsr_1_23_sspa%3Fdib%3DeyJ2IjoiMSJ9.nWVygkF36C-ek-nSyI1ecSLkVb3uF1XC1Cac-VRsG376rLLaTeMjUCLf7WrOu1L9wmRHmPsbQqUchtPJY9lXMKR598PMwDqs1UQ9FE1t4Ul68HKQj2pCWHnLEzaJjaNoUrxIE4gFjQ0vRhnIF_cDCGcRHN6WlUYSFYq3mYUSGyLsJAFjhtp_7Joah2Se3CQ3cE68qQs7Mb1AmPFvCMO9DagmJCyO4GJA6ctsZsDLqzAAvfcP2HmOzp72UxkoXYb8kJHYwD01WGfQfIOiPdWsM3-yW0npfkvLWtauNv1559E.2PeOy4CtPwOIsHg8fGNrRwmGUrBD6xFbFVtgDgCEi_Y%26dib_tag%3Dse%26keywords%3Ddrone%26qid%3D1785809426%26sr%3D8-23-spons%26sp_csd%3Dd2lkZ2V0TmFtZT1zcF9tdGY%26psc%3D1,https://m.media-amazon.com/images/I/71P-K+9G30L._AC_UL320_.jpg,drone
B0F6MTMG7Z,"Oddire Drone with Camera - Drones for Adults, with 2 Batteries, Carrying Case, Propellers, 1080P HD Foldable Drone with Stable Hover, Trajectory Flight, Gravity Control, One Key Take Off/Land, 3D Flip",Oddire,,,$39.98,4.3,1041,200+ bought in past month,https://www.amazon.com/Oddire-Drone-Camera-Propellers-Trajectory/dp/B0F6MTMG7Z/ref=sr_1_50?dib=eyJ2IjoiMSJ9.AvqpZ02C7FD0Iyyg_KSigu0GCtqUPCin-69ueNzMmdJsaqw_brU4ci_8FD5wmV2_BGH9IE-70DiO3h23J9IVarQxaWwROYWHsrf_DkRGX_u2fDA4woTTKd0b0dA-iNLToIRy--WucwYd9fropfHPijLFcHXofabQC1ZuE0W0qqslbMNzNVqosUtTqFfRWHxNka3NtcZyWbmFS3Xm5qxEZb7NXX5S5Ruve_tNwfqTqNVbo0KEVkxvwVAuFqWQE1mEKYD7697VIqRJN4w-yCOpIGYNQQpbi9taYIAAFOnCqYA.mArGjuEdmUwkPCBsGafteTznXKIvwgLxG0VGxBT8v98&dib_tag=se&keywords=drone&qid=1785831426&sr=8-50,https://m.media-amazon.com/images/I/71zH2wJRYHL._AC_UL320_.jpg,drone
B0H33HZLM9,"AE60 Ultra Drone with Camera for Adults, 3 Batteries,Carbon Fiber, | 4K Video and 8K Photo,3-Axis Mechanical Gimbal, 7.2"" Touch Screen Remote,360 Laser Obstacle Avoidance,800g Payload",,,,$669.99,5.0,4,,https://www.amazon.com/Cyaxzolp-Camera-Adults-Batteries-Carbon/dp/B0H33HZLM9/ref=sr_1_25?dib=eyJ2IjoiMSJ9.yhJmkx3Yw-gjTeJ8C7axuHwD25Z3iKpT2rTS8bKMpwpDe7WZZ6iZhckY-hVGdAIqDGlD8w9Ub6pRXq-u9mzRwuGYL3mq7TI_h_0_6vzu8nW_WdXh6qu7fZRMLcsi9gQRUdImQeN0uEHQX9NJ3jIT19s0EBHkXzLiPq4TXfCPVbNyDEgnDgQge1j3vAkrQdYSY9tbMmPqZdwlIHM6lEguLEc1zAjTN1EDLAp92wIBBesa8W5-rmpROHoDPNsNh4TSiYN40SApsCf-5eKqxCRU5AIxI1CjcLPhY0o-cawgbNI.Zyrx1DrnhjGOZ4VqUwObkyqwW58WINwqccGpezZ74aA&dib_tag=se&keywords=drone&qid=1785811598&sr=8-25,https://m.media-amazon.com/images/I/71CP-I8O2rL._AC_UL320_.jpg,drone
B0GWCMY198,"Foldable 1080P Drone with Camera for Kids & Beginners, Easy to Fly Toy Gift for Boys & Girls, One-Key Start, 3D Flips, Gesture Selfie, 2 Batteries",,,,$42.73,4.5,106,1K+ bought in past month,https://www.amazon.com/Foldable-Beginners-One-Key-Gesture-Batteries/dp/B0GWCMY198/ref=sr_1_37?dib=eyJ2IjoiMSJ9.AvqpZ02C7FD0Iyyg_KSigu0GCtqUPCin-69ueNzMmdJsaqw_brU4ci_8FD5wmV2_BGH9IE-70DiO3h23J9IVarQxaWwROYWHsrf_DkRGX_u2fDA4woTTKd0b0dA-iNLToIRy--WucwYd9fropfHPijLFcHXofabQC1ZuE0W0qqslbMNzNVqosUtTqFfRWHxNka3NtcZyWbmFS3Xm5qxEZb7NXX5S5Ruve_tNwfqTqNVbo0KEVkxvwVAuFqWQE1mEKYD7697VIqRJN4w-yCOpIGYNQQpbi9taYIAAFOnCqYA.mArGjuEdmUwkPCBsGafteTznXKIvwgLxG0VGxBT8v98&dib_tag=se&keywords=drone&qid=1785831426&sr=8-37,https://m.media-amazon.com/images/I/719bVATmmIL._AC_UL320_.jpg,drone
B0DS2GVT2G,"DJI Mavic 4 Pro Fly More Combo With DJI RC 2, Flagship Tri-Camera Drone | 100MP 4/3 CMOS Hasselblad Camera, 30km/18.6mi Video Transmission, 51-Min Max Flight Time, Charging Hub, 3 Batteries",DJI,,,"$2,816.94",4.5,194,300+ bought in past month,https://www.amazon.com/DJI-Flagship-Tri-Camera-Hasselblad-Transmission/dp/B0DS2GVT2G/ref=sr_1_34?dib=eyJ2IjoiMSJ9.AvqpZ02C7FD0Iyyg_KSigu0GCtqUPCin-69ueNzMmdJsaqw_brU4ci_8FD5wmV2_BGH9IE-70DiO3h23J9IVarQxaWwROYWHsrf_DkRGX_u2fDA4woTTKd0b0dA-iNLToIRy--WucwYd9fropfHPijLFcHXofabQC1ZuE0W0qqslbMNzNVqosUtTqFfRWHxNka3NtcZyWbmFS3Xm5qxEZb7NXX5S5Ruve_tNwfqTqNVbo0KEVkxvwVAuFqWQE1mEKYD7697VIqRJN4w-yCOpIGYNQQpbi9taYIAAFOnCqYA.mArGjuEdmUwkPCBsGafteTznXKIvwgLxG0VGxBT8v98&dib_tag=se&keywords=drone&qid=1785831426&sr=8-34,https://m.media-amazon.com/images/I/610CH8LvSQL._AC_UL320_.jpg,drone
B0CXJCXN17,"DJI Mini 4K Fly More Combo, Drone with 4K UHD Camera for Adults, Under 249 g, 3-Axis Gimbal Stabilization, 10km Video Transmission, Auto Return, 3 Batteries for 93-Min Max Flight Time, QuickShots | Drone with 4K UHD Camera for Adults, 3-Axis Gimbal, 10km Video Transmission, Auto Return, 93-Min Flight Time, QuickShots",DJI,,,$445.00,4.6,1402,2K+ bought in past month,https://www.amazon.com/DJI-Stabilization-Transmission-Batteries-QuickShots/dp/B0CXJCXN17/ref=sr_1_26_mod_primary_new?dib=eyJ2IjoiMSJ9.AvqpZ02C7FD0Iyyg_KSigu0GCtqUPCin-69ueNzMmdJsaqw_brU4ci_8FD5wmV2_BGH9IE-70DiO3h23J9IVarQxaWwROYWHsrf_DkRGX_u2fDA4woTTKd0b0dA-iNLToIRy--WucwYd9fropfHPijLFcHXofabQC1ZuE0W0qqslbMNzNVqosUtTqFfRWHxNka3NtcZyWbmFS3Xm5qxEZb7NXX5S5Ruve_tNwfqTqNVbo0KEVkxvwVAuFqWQE1mEKYD7697VIqRJN4w-yCOpIGYNQQpbi9taYIAAFOnCqYA.mArGjuEdmUwkPCBsGafteTznXKIvwgLxG0VGxBT8v98&dib_tag=se&keywords=drone&qid=1785831426&sbo=RZvfv%2F%2FHxDF%2BO5021pAnSA%3D%3D&sr=8-26,https://m.media-amazon.com/images/I/61HkkKG3cVL._AC_UL320_.jpg,drone
B0DS2HDF1M,"DJI Mavic 4 Pro Drone With DJI RC 2, Flagship Tri-Camera Drone | 100MP 4/3 CMOS Hasselblad Camera, Drone for Professionals, 30km/18.6mi Video Transmission, 51-Min Max Flight Time",DJI,,,"$2,199.00",4.4,189,100+ bought in past month,https://www.amazon.com/DJI-Tri-Camera-Hasselblad-Professionals-Transmission/dp/B0DS2HDF1M/ref=sr_1_43?dib=eyJ2IjoiMSJ9.AvqpZ02C7FD0Iyyg_KSigu0GCtqUPCin-69ueNzMmdJsaqw_brU4ci_8FD5wmV2_BGH9IE-70DiO3h23J9IVarQxaWwROYWHsrf_DkRGX_u2fDA4woTTKd0b0dA-iNLToIRy--WucwYd9fropfHPijLFcHXofabQC1ZuE0W0qqslbMNzNVqosUtTqFfRWHxNka3NtcZyWbmFS3Xm5qxEZb7NXX5S5Ruve_tNwfqTqNVbo0KEVkxvwVAuFqWQE1mEKYD7697VIqRJN4w-yCOpIGYNQQpbi9taYIAAFOnCqYA.mArGjuEdmUwkPCBsGafteTznXKIvwgLxG0VGxBT8v98&dib_tag=se&keywords=drone&qid=1785831426&sr=8-43,https://m.media-amazon.com/images/I/61Z763pUjHL._AC_UL320_.jpg,drone
B0BL3R3L45,"DJI Mini 3 Fly More Combo With DJI RC, 3 Batteries | Lightweight Camera Drone With 4K HDR Video, 114-Min Flight Time, Vertical Shooting, 32800ft (10km) Video Transmission",DJI,,DJI Mini 3,,4.5,3062,1K+ bought in past month,https://www.amazon.com/DJI-Mini-Fly-More-Combo/dp/B0BL3R3L45/ref=sr_1_16?dib=eyJ2IjoiMSJ9.SI1h3-CiQG8DEJ6r8Y7nr7qjz5Q7a0b8DfCmXqc5FVBhWDOsaYICUS0mBi5pqAEvyutBGWiF4EPV0QTuAN7qwoFFp6yN85J1z9A3B8ep0DuiyU_CiKa59YdzSbrndRNELeOHSSP8EmU3BtBNKhB7_yVAeEWp08f3CTMK1ew5XibTjS2xcAsoT5tjIph2mEAQa6OoFOp7Bn3WP0q8Rl48pZ9OAfFhUIVVIwiI3yDSMfEw0-URBR1ydSg4dr5TKx1WePMz70IYmdM7XqmI8PC5MrrgYkX2nb_kKaK4KiWO98w.inGe-lEL_Kcyq0GKOjRMGupHwXpGXMEp-dXNKnb6fTY&dib_tag=se&keywords=thermal+imaging+drone&qid=1785845015&sr=8-16,https://m.media-amazon.com/images/I/61E1A1QprFL._AC_UL320_.jpg,thermal imaging drone
B07FTPX71F,"DJI Neo, Mini Drone with 4K UHD Camera for Adults, 135g Self Flying Drone that Follows You, Palm Takeoff, Subject Tracking, QuickShots, Stabilized Video, Built-In Propeller Guard (Controller-Free) | 135g Self-Flying Drone That Follows You, Palm Takeoff, Subject Tracking, QuickShots, Stabilized Video (Controller-Free)",DJI,,DJI Neo,,4.5,4313,500+ bought in past month,https://www.amazon.com/DJI-QuickShots-Stabilized-Propeller-Controller-Free/dp/B07FTPX71F/ref=sr_1_7?dib=eyJ2IjoiMSJ9.SI1h3-CiQG8DEJ6r8Y7nr7qjz5Q7a0b8DfCmXqc5FVBhWDOsaYICUS0mBi5pqAEvyutBGWiF4EPV0QTuAN7qwoFFp6yN85J1z9A3B8ep0DuiyU_CiKa59YdzSbrndRNELeOHSSP8EmU3BtBNKhB7_yVAeEWp08f3CTMK1ew5XibTjS2xcAsoT5tjIph2mEAQa6OoFOp7Bn3WP0q8Rl48pZ9OAfFhUIVVIwiI3yDSMfEw0-URBR1ydSg4dr5TKx1WePMz70IYmdM7XqmI8PC5MrrgYkX2nb_kKaK4KiWO98w.inGe-lEL_Kcyq0GKOjRMGupHwXpGXMEp-dXNKnb6fTY&dib_tag=se&keywords=thermal+imaging+drone&qid=1785845015&sr=8-7,https://m.media-amazon.com/images/I/61hD3rCM9oL._AC_UL320_.jpg,thermal imaging drone
B0DT9H745X,"Drone with Camera for Adults Beginners Kids, Fun 1080P Foldable Mini Drone for Exciting Indoor Outdoor Play, RC Quadcopter with 2 Batteries, One Key Start, Easy to Fly, Altitude Hold, 3D Flips",,,,$39.98,4.4,675,1K+ bought in past month,https://www.amazon.com/Foldable-Beginners-Landing-Altitude-Batteries/dp/B0DT9H745X/ref=sr_1_62?dib=eyJ2IjoiMSJ9.AvqpZ02C7FD0Iyyg_KSigu0GCtqUPCin-69ueNzMmdJsaqw_brU4ci_8FD5wmV2_BGH9IE-70DiO3h23J9IVarQxaWwROYWHsrf_DkRGX_u2fDA4woTTKd0b0dA-iNLToIRy--WucwYd9fropfHPijLFcHXofabQC1ZuE0W0qqslbMNzNVqosUtTqFfRWHxNka3NtcZyWbmFS3Xm5qxEZb7NXX5S5Ruve_tNwfqTqNVbo0KEVkxvwVAuFqWQE1mEKYD7697VIqRJN4w-yCOpIGYNQQpbi9taYIAAFOnCqYA.mArGjuEdmUwkPCBsGafteTznXKIvwgLxG0VGxBT8v98&dib_tag=se&keywords=drone&qid=1785831426&sr=8-62,https://m.media-amazon.com/images/I/717YnaXhiFL._AC_UL320_.jpg,drone
B0FCD63NMH,"GPS Drone with EIS Camera 4.5"" LCD Screen on Controller, FPV Drones Al Track&Orbit Mode with Professional with Auto Return Follow Me for Adult Beginner, GPS Brushless Drone Long Range Circle Fly,Under 249g",karuisrc,Derry Tech,Karuisrc Drone with HD Camera,$199.99,4.4,531,500+ bought in past month,https://www.amazon.com/Camera-Controller-Professional-Beginner-Brushless/dp/B0FCD63NMH/ref=sr_1_8?dib=eyJ2IjoiMSJ9.SI1h3-CiQG8DEJ6r8Y7nr7qjz5Q7a0b8DfCmXqc5FVBhWDOsaYICUS0mBi5pqAEvyutBGWiF4EPV0QTuAN7qwoFFp6yN85J1z9A3B8ep0DuiyU_CiKa59YdzSbrndRNELeOHSSP8EmU3BtBNKhB7_yVAeEWp08f3CTMK1ew5XibTjS2xcAsoT5tjIph2mEAQa6OoFOp7Bn3WP0q8Rl48pZ9OAfFhUIVVIwiI3yDSMfEw0-URBR1ydSg4dr5TKx1WePMz70IYmdM7XqmI8PC5MrrgYkX2nb_kKaK4KiWO98w.inGe-lEL_Kcyq0GKOjRMGupHwXpGXMEp-dXNKnb6fTY&dib_tag=se&keywords=thermal+imaging+drone&qid=1785845015&sr=8-8,https://m.media-amazon.com/images/I/61Msao6nsJL._AC_UL320_.jpg,thermal imaging drone
B0GWCQS7QZ,"GPS Drone with Camera for Adults - 4K Drone with 4.5” FPV Screen Controller, 60 Min Flight, Brushless Motor Foldable Quadcopter, Auto Return, Follow Me, 3 Speed Modes for Beginners - Gift Under 249g",,,,$179.97,4.3,122,500+ bought in past month,https://www.amazon.com/VUCDUSK-GPS-Drone-Camera-Adults/dp/B0GWCQS7QZ/ref=sr_1_27?dib=eyJ2IjoiMSJ9.AvqpZ02C7FD0Iyyg_KSigu0GCtqUPCin-69ueNzMmdJsaqw_brU4ci_8FD5wmV2_BGH9IE-70DiO3h23J9IVarQxaWwROYWHsrf_DkRGX_u2fDA4woTTKd0b0dA-iNLToIRy--WucwYd9fropfHPijLFcHXofabQC1ZuE0W0qqslbMNzNVqosUtTqFfRWHxNka3NtcZyWbmFS3Xm5qxEZb7NXX5S5Ruve_tNwfqTqNVbo0KEVkxvwVAuFqWQE1mEKYD7697VIqRJN4w-yCOpIGYNQQpbi9taYIAAFOnCqYA.mArGjuEdmUwkPCBsGafteTznXKIvwgLxG0VGxBT8v98&dib_tag=se&keywords=drone&qid=1785831426&sr=8-27,https://m.media-amazon.com/images/I/71kJT6fHZrL._AC_UL320_.jpg,drone
B0DS49VDHG,"DJI Mavic 4 Pro 512GB Creator Combo With DJI RC Pro 2, Tri-Camera Drone | Flagship 100MP 4/3 CMOS Hasselblad Camera, 51-Min Max Flight Time, 3 Batteries, Charging Hub, 240W Power Adapter",DJI,,,"$3,500.00",4.5,207,100+ bought in past month,https://www.amazon.com/DJI-Flagship-Tri-Camera-Hasselblad-Batteries/dp/B0DS49VDHG/ref=sr_1_38?dib=eyJ2IjoiMSJ9.AvqpZ02C7FD0Iyyg_KSigu0GCtqUPCin-69ueNzMmdJsaqw_brU4ci_8FD5wmV2_BGH9IE-70DiO3h23J9IVarQxaWwROYWHsrf_DkRGX_u2fDA4woTTKd0b0dA-iNLToIRy--WucwYd9fropfHPijLFcHXofabQC1ZuE0W0qqslbMNzNVqosUtTqFfRWHxNka3NtcZyWbmFS3Xm5qxEZb7NXX5S5Ruve_tNwfqTqNVbo0KEVkxvwVAuFqWQE1mEKYD7697VIqRJN4w-yCOpIGYNQQpbi9taYIAAFOnCqYA.mArGjuEdmUwkPCBsGafteTznXKIvwgLxG0VGxBT8v98&dib_tag=se&keywords=drone&qid=1785831426&sr=8-38,https://m.media-amazon.com/images/I/61nHHDdI6CL._AC_UL320_.jpg,drone
B07T2P9ZGH,"Q9s Drones for Kids,RC Drone with Altitude Hold and Headless Mode,Quadcopter with Blue&Green Light,Propeller Full Protect,2 Batteries and Remote Control,Easy to fly Kids Gifts Toys for Boys and Girls",,,,$39.98,4.3,6218,2K+ bought in past month,https://www.amazon.com/Altitude-Headless-Quadcopter-Propellers-Batteries/dp/B07T2P9ZGH/ref=sr_1_85?dib=eyJ2IjoiMSJ9.PHTm18AKerJpiu2Rezan-VbAF7gPE4lJNBP1QHKenMk3tbKZUkNy08zmi1gxqlMZJp6ScU7Sxc2aq5VFUn__Dm5CaolRrAW2HTjB3HbM4GrGP-hTtFvaJfPvTBvHTSrJEGdxuR4TfFQw-cPxPOelNR6sCnGYrtSvreIUx4JaVK1AFRwTC5BaKP1lnU4nTKbVFs7y_A4T7wohvk01sqlRovU33WHmGpq7Rbo1seAqPe-cfqNjYROG5_jZCWTxnPjPNdBTA-BGUbtSIntHX3Z0iSCKaP9b-BhP4NYcdFR7rnA.OcXGzPxYvD7Ka08vjNRFoanZQ6KHjukMMOaoEcjlwKk&dib_tag=se&keywords=drone&qid=1785811888&sr=8-85&xpid=RcpG2dJBJCW59,https://m.media-amazon.com/images/I/71BTqmwFAWL._AC_UL320_.jpg,drone
B0FXGPGYFP,"2K HD FPV Drone with Camera for Adults - Altitude Hold, One-Key Takeoff/Landing, 3 Speed Modes, Headless Mode, 2 Batteries, Foldable & Portable, Best Gifts for Beginners, Teen Boys & Girls",,,,$49.98,3.9,131,600+ bought in past month,https://www.amazon.com/FPV-Drone-Camera-Adults-Batteries/dp/B0FXGPGYFP/ref=sr_1_54?dib=eyJ2IjoiMSJ9.AvqpZ02C7FD0Iyyg_KSigu0GCtqUPCin-69ueNzMmdJsaqw_brU4ci_8FD5wmV2_BGH9IE-70DiO3h23J9IVarQxaWwROYWHsrf_DkRGX_u2fDA4woTTKd0b0dA-iNLToIRy--WucwYd9fropfHPijLFcHXofabQC1ZuE0W0qqslbMNzNVqosUtTqFfRWHxNka3NtcZyWbmFS3Xm5qxEZb7NXX5S5Ruve_tNwfqTqNVbo0KEVkxvwVAuFqWQE1mEKYD7697VIqRJN4w-yCOpIGYNQQpbi9taYIAAFOnCqYA.mArGjuEdmUwkPCBsGafteTznXKIvwgLxG0VGxBT8v98&dib_tag=se&keywords=drone&qid=1785831426&sr=8-54,https://m.media-amazon.com/images/I/81dOX4TyS6L._AC_UL320_.jpg,drone
B0FJ1STVP4,"DJI Neo 2 Fly More Combo With RC-N3 Remote Controller | Stable Transmission With Digital Transceiver, 4K Drone for Beginners, 3 Batteries",DJI,,DJI Neo 2,,4.6,695,1K+ bought in past month,https://www.amazon.com/DJI-Controller-Transmission-Transceiver-Beginners/dp/B0FJ1STVP4/ref=sr_1_40?dib=eyJ2IjoiMSJ9.SI1h3-CiQG8DEJ6r8Y7nr7qjz5Q7a0b8DfCmXqc5FVBhWDOsaYICUS0mBi5pqAEvyutBGWiF4EPV0QTuAN7qwoFFp6yN85J1z9A3B8ep0DuiyU_CiKa59YdzSbrndRNELeOHSSP8EmU3BtBNKhB7_yVAeEWp08f3CTMK1ew5XibTjS2xcAsoT5tjIph2mEAQa6OoFOp7Bn3WP0q8Rl48pZ9OAfFhUIVVIwiI3yDSMfEw0-URBR1ydSg4dr5TKx1WePMz70IYmdM7XqmI8PC5MrrgYkX2nb_kKaK4KiWO98w.inGe-lEL_Kcyq0GKOjRMGupHwXpGXMEp-dXNKnb6fTY&dib_tag=se&keywords=thermal+imaging+drone&qid=1785845015&sr=8-40,https://m.media-amazon.com/images/I/61O5-9tRRHL._AC_UL320_.jpg,thermal imaging drone
B0H46HX9TF,"TD12Pro Drone with 1080P Camera for Adults Kids, Mini Drone with LCD Screen Remote, Foldable Remote Control Quadcopter, One Key Start, Easy to fly, Toy for Kids Adult Beginners",,,,$49.99,4.8,22,200+ bought in past month,https://www.amazon.com/TD12Pro-Foldable-Control-Quadcopter-Beginners/dp/B0H46HX9TF/ref=sr_1_56?dib=eyJ2IjoiMSJ9.AvqpZ02C7FD0Iyyg_KSigu0GCtqUPCin-69ueNzMmdJsaqw_brU4ci_8FD5wmV2_BGH9IE-70DiO3h23J9IVarQxaWwROYWHsrf_DkRGX_u2fDA4woTTKd0b0dA-iNLToIRy--WucwYd9fropfHPijLFcHXofabQC1ZuE0W0qqslbMNzNVqosUtTqFfRWHxNka3NtcZyWbmFS3Xm5qxEZb7NXX5S5Ruve_tNwfqTqNVbo0KEVkxvwVAuFqWQE1mEKYD7697VIqRJN4w-yCOpIGYNQQpbi9taYIAAFOnCqYA.mArGjuEdmUwkPCBsGafteTznXKIvwgLxG0VGxBT8v98&dib_tag=se&keywords=drone&qid=1785831426&sr=8-56,https://m.media-amazon.com/images/I/71yDTD3ZpsL._AC_UL320_.jpg,drone
B0BFWS4N4T,"Potensic ATOM SE GPS Drone with 4K EIS Camera, Under 249g, 62 Mins Flight, 4KM FPV Transmission, Brushless Motor, Max Speed 16m/s, Auto Return, Lightweight and Foldable Drone for Adults Beginner",Potensic,,,$229.99,4.4,6705,500+ bought in past month,https://www.amazon.com/Potensic-Camera-Transmission-Lightweight-Foldable/dp/B0BFWS4N4T/ref=sr_1_31?dib=eyJ2IjoiMSJ9.AvqpZ02C7FD0Iyyg_KSigu0GCtqUPCin-69ueNzMmdJsaqw_brU4ci_8FD5wmV2_BGH9IE-70DiO3h23J9IVarQxaWwROYWHsrf_DkRGX_u2fDA4woTTKd0b0dA-iNLToIRy--WucwYd9fropfHPijLFcHXofabQC1ZuE0W0qqslbMNzNVqosUtTqFfRWHxNka3NtcZyWbmFS3Xm5qxEZb7NXX5S5Ruve_tNwfqTqNVbo0KEVkxvwVAuFqWQE1mEKYD7697VIqRJN4w-yCOpIGYNQQpbi9taYIAAFOnCqYA.mArGjuEdmUwkPCBsGafteTznXKIvwgLxG0VGxBT8v98&dib_tag=se&keywords=drone&qid=1785831426&sr=8-31,https://m.media-amazon.com/images/I/61fbYPFOoSL._AC_UL320_.jpg,drone
B0D3515Y26,"Swifsen Drones for Kids with Camera,Rc Drone Indoor Small Helicopter,Birthday Gifts for Boys and Girls Beginners Friendly,Mini Quadcopter Toy With 2 Batteries,Propeller Protect,Altitude Hold",,,,$39.99,4.3,1306,500+ bought in past month,https://www.amazon.com/Swifsen-Helicopter-Beginners-Quadcopter-Batteries/dp/B0D3515Y26/ref=sr_1_84?dib=eyJ2IjoiMSJ9.PHTm18AKerJpiu2Rezan-VbAF7gPE4lJNBP1QHKenMk3tbKZUkNy08zmi1gxqlMZJp6ScU7Sxc2aq5VFUn__Dm5CaolRrAW2HTjB3HbM4GrGP-hTtFvaJfPvTBvHTSrJEGdxuR4TfFQw-cPxPOelNR6sCnGYrtSvreIUx4JaVK1AFRwTC5BaKP1lnU4nTKbVFs7y_A4T7wohvk01sqlRovU33WHmGpq7Rbo1seAqPe-cfqNjYROG5_jZCWTxnPjPNdBTA-BGUbtSIntHX3Z0iSCKaP9b-BhP4NYcdFR7rnA.OcXGzPxYvD7Ka08vjNRFoanZQ6KHjukMMOaoEcjlwKk&dib_tag=se&keywords=drone&qid=1785811888&sr=8-84&xpid=RcpG2dJBJCW59,https://m.media-amazon.com/images/I/61JQO2vWzIL._AC_UL320_.jpg,drone
B0DG2DJCN9,"Drone with 1080P Camera - Foldable Remote Control RC Quadcopter FPV Drone | Camera Drone with Gesture Control, 3D Flip, One Key Start, Emergency Stop, 2 Batteries, Toy Drone for Kids Adult Beginners",,,,$39.95,4.4,1775,1K+ bought in past month,https://www.amazon.com/Drone-1080P-Camera-Quadcopter-Emergency/dp/B0DG2DJCN9/ref=sr_1_59?dib=eyJ2IjoiMSJ9.yhJmkx3Yw-gjTeJ8C7axuHwD25Z3iKpT2rTS8bKMpwpDe7WZZ6iZhckY-hVGdAIqDGlD8w9Ub6pRXq-u9mzRwuGYL3mq7TI_h_0_6vzu8nW_WdXh6qu7fZRMLcsi9gQRUdImQeN0uEHQX9NJ3jIT19s0EBHkXzLiPq4TXfCPVbNyDEgnDgQge1j3vAkrQdYSY9tbMmPqZdwlIHM6lEguLEc1zAjTN1EDLAp92wIBBesa8W5-rmpROHoDPNsNh4TSiYN40SApsCf-5eKqxCRU5AIxI1CjcLPhY0o-cawgbNI.Zyrx1DrnhjGOZ4VqUwObkyqwW58WINwqccGpezZ74aA&dib_tag=se&keywords=drone&qid=1785811598&sr=8-59,https://m.media-amazon.com/images/I/71GjkWJnUAL._AC_UL320_.jpg,drone
B0F26DDHLF,"Drone with Camera 1080P HD, Mini Drone for Beginners Kids Adults, RC Quadcopter with 2 Batteries, Carrying Case, Stable Hover, Trajectory Flight, Gravity Control, One Key Take Off/Land, Black",,,,$39.98,4.2,411,400+ bought in past month,https://www.amazon.com/Beginners-Quadcopter-Batteries-Carrying-Trajectory/dp/B0F26DDHLF/ref=sr_1_73?dib=eyJ2IjoiMSJ9.PHTm18AKerJpiu2Rezan-VbAF7gPE4lJNBP1QHKenMk3tbKZUkNy08zmi1gxqlMZJp6ScU7Sxc2aq5VFUn__Dm5CaolRrAW2HTjB3HbM4GrGP-hTtFvaJfPvTBvHTSrJEGdxuR4TfFQw-cPxPOelNR6sCnGYrtSvreIUx4JaVK1AFRwTC5BaKP1lnU4nTKbVFs7y_A4T7wohvk01sqlRovU33WHmGpq7Rbo1seAqPe-cfqNjYROG5_jZCWTxnPjPNdBTA-BGUbtSIntHX3Z0iSCKaP9b-BhP4NYcdFR7rnA.OcXGzPxYvD7Ka08vjNRFoanZQ6KHjukMMOaoEcjlwKk&dib_tag=se&keywords=drone&qid=1785811888&sr=8-73&xpid=RcpG2dJBJCW59,https://m.media-amazon.com/images/I/713IPr5YFOL._AC_UL320_.jpg,drone
B0H28DQYHL,"GPS Drone with EIS 4K Camera for Adults , RC Drones with 4.5 inch HD Screen on Controller, Auto Return, 3 Batteries for 90 min Flight Time, 3280 FT Long Control Range Transmission, Circle Fly and Follow Me Mode, Foldable Quadcopter for Beginner Gifts Toy, Under 249g",,,,$139.99,3.6,26,500+ bought in past month,https://www.amazon.com/Controller-Batteries-Transmission-Foldable-Quadcopter/dp/B0H28DQYHL/ref=sr_1_33?dib=eyJ2IjoiMSJ9.AvqpZ02C7FD0Iyyg_KSigu0GCtqUPCin-69ueNzMmdJsaqw_brU4ci_8FD5wmV2_BGH9IE-70DiO3h23J9IVarQxaWwROYWHsrf_DkRGX_u2fDA4woTTKd0b0dA-iNLToIRy--WucwYd9fropfHPijLFcHXofabQC1ZuE0W0qqslbMNzNVqosUtTqFfRWHxNka3NtcZyWbmFS3Xm5qxEZb7NXX5S5Ruve_tNwfqTqNVbo0KEVkxvwVAuFqWQE1mEKYD7697VIqRJN4w-yCOpIGYNQQpbi9taYIAAFOnCqYA.mArGjuEdmUwkPCBsGafteTznXKIvwgLxG0VGxBT8v98&dib_tag=se&keywords=drone&qid=1785831426&sr=8-33,https://m.media-amazon.com/images/I/71piiZwJTDL._AC_UL320_.jpg,drone
B0DGL5SX8N,"Autel Robotics EVO II PRO RTK V3 w/Real-time Centimeter-Level Positioning | S-ony 1'' 6K/30fps HDR Camera, GNSS Base Station & PPK Support, Remote ID, 38 Min, 15KM, for Mapping/Urban Planning/Searching",Autel,,,"$2,999.00",4.4,16,,https://www.amazon.com/Autel-Centimeter-Level-Positioning-Transmission-Photogrammetry/dp/B0DGL5SX8N/ref=sr_1_51?dib=eyJ2IjoiMSJ9.AvqpZ02C7FD0Iyyg_KSigu0GCtqUPCin-69ueNzMmdJsaqw_brU4ci_8FD5wmV2_BGH9IE-70DiO3h23J9IVarQxaWwROYWHsrf_DkRGX_u2fDA4woTTKd0b0dA-iNLToIRy--WucwYd9fropfHPijLFcHXofabQC1ZuE0W0qqslbMNzNVqosUtTqFfRWHxNka3NtcZyWbmFS3Xm5qxEZb7NXX5S5Ruve_tNwfqTqNVbo0KEVkxvwVAuFqWQE1mEKYD7697VIqRJN4w-yCOpIGYNQQpbi9taYIAAFOnCqYA.mArGjuEdmUwkPCBsGafteTznXKIvwgLxG0VGxBT8v98&dib_tag=se&keywords=drone&qid=1785831426&sr=8-51,https://m.media-amazon.com/images/I/71HSZHL5HzL._AC_UL320_.jpg,drone
B07FTRYVT5,"DJI Neo Fly More Combo, Mini Drone With 4K UHD Camera for Adults | 135g Self-Flying Drone That Follows You, Palm Takeoff, Subject Tracking, QuickShots, With RC-N3 and 3 Batteries",DJI,,,$245.00,4.6,3079,500+ bought in past month,https://www.amazon.com/DJI-Mini-Fly-More-Combo/dp/B07FTRYVT5/ref=sr_1_30?dib=eyJ2IjoiMSJ9.AvqpZ02C7FD0Iyyg_KSigu0GCtqUPCin-69ueNzMmdJsaqw_brU4ci_8FD5wmV2_BGH9IE-70DiO3h23J9IVarQxaWwROYWHsrf_DkRGX_u2fDA4woTTKd0b0dA-iNLToIRy--WucwYd9fropfHPijLFcHXofabQC1ZuE0W0qqslbMNzNVqosUtTqFfRWHxNka3NtcZyWbmFS3Xm5qxEZb7NXX5S5Ruve_tNwfqTqNVbo0KEVkxvwVAuFqWQE1mEKYD7697VIqRJN4w-yCOpIGYNQQpbi9taYIAAFOnCqYA.mArGjuEdmUwkPCBsGafteTznXKIvwgLxG0VGxBT8v98&dib_tag=se&keywords=drone&qid=1785831426&sr=8-30,https://m.media-amazon.com/images/I/51HI2-OASWL._AC_UL320_.jpg,drone
B0H1C9S5B2,"1080P Drones with Camera for Adults, FPV App Control Quadcopter with Carrying Case, Foldable Drone with 2 Batteries, Optical Flow Hover, One Key Start, 3 Speed Modes and 360° Flip",,,,$43.99,4.8,15,400+ bought in past month,https://www.amazon.com/Control-Quadcopter-Carrying-Foldable-Batteries/dp/B0H1C9S5B2/ref=sr_1_40?dib=eyJ2IjoiMSJ9.AvqpZ02C7FD0Iyyg_KSigu0GCtqUPCin-69ueNzMmdJsaqw_brU4ci_8FD5wmV2_BGH9IE-70DiO3h23J9IVarQxaWwROYWHsrf_DkRGX_u2fDA4woTTKd0b0dA-iNLToIRy--WucwYd9fropfHPijLFcHXofabQC1ZuE0W0qqslbMNzNVqosUtTqFfRWHxNka3NtcZyWbmFS3Xm5qxEZb7NXX5S5Ruve_tNwfqTqNVbo0KEVkxvwVAuFqWQE1mEKYD7697VIqRJN4w-yCOpIGYNQQpbi9taYIAAFOnCqYA.mArGjuEdmUwkPCBsGafteTznXKIvwgLxG0VGxBT8v98&dib_tag=se&keywords=drone&qid=1785831426&sr=8-40,https://m.media-amazon.com/images/I/71YbfqHQRFL._AC_UL320_.jpg,drone
B0H2ZBKGQZ,"Drone with Camera 1080P HD, Mini Drone for Beginners Kids Adults, Foldable RC Quadcopter with Stable Hover, Trajectory Flight, One Key Take Off/Land, 2 Batteries, Toys for Boys and Girls (Black)",,,,$39.98,4.3,79,500+ bought in past month,https://www.amazon.com/ASFSFQ-Beginners-Quadcopter-Trajectory-Batteries/dp/B0H2ZBKGQZ/ref=sr_1_78?dib=eyJ2IjoiMSJ9.PHTm18AKerJpiu2Rezan-VbAF7gPE4lJNBP1QHKenMk3tbKZUkNy08zmi1gxqlMZJp6ScU7Sxc2aq5VFUn__Dm5CaolRrAW2HTjB3HbM4GrGP-hTtFvaJfPvTBvHTSrJEGdxuR4TfFQw-cPxPOelNR6sCnGYrtSvreIUx4JaVK1AFRwTC5BaKP1lnU4nTKbVFs7y_A4T7wohvk01sqlRovU33WHmGpq7Rbo1seAqPe-cfqNjYROG5_jZCWTxnPjPNdBTA-BGUbtSIntHX3Z0iSCKaP9b-BhP4NYcdFR7rnA.OcXGzPxYvD7Ka08vjNRFoanZQ6KHjukMMOaoEcjlwKk&dib_tag=se&keywords=drone&qid=1785811888&sr=8-78&xpid=RcpG2dJBJCW59,https://m.media-amazon.com/images/I/718lT9GBjvL._AC_UL320_.jpg,drone
B0DG9VCNG7,"Drones with Camera for Adults 4K, Foldable Beginner Drone with Brushless Motor, Auto Follow, Tap Fly, Circle Fly, One Key Start, Under 249g",,,,$98.99,4.5,1116,,https://www.amazon.com/REDRIE-Security-Camera-Battery-Start/dp/B0DG9VCNG7/ref=sr_1_24?dib=eyJ2IjoiMSJ9.AvqpZ02C7FD0Iyyg_KSigu0GCtqUPCin-69ueNzMmdJsaqw_brU4ci_8FD5wmV2_BGH9IE-70DiO3h23J9IVarQxaWwROYWHsrf_DkRGX_u2fDA4woTTKd0b0dA-iNLToIRy--WucwYd9fropfHPijLFcHXofabQC1ZuE0W0qqslbMNzNVqosUtTqFfRWHxNka3NtcZyWbmFS3Xm5qxEZb7NXX5S5Ruve_tNwfqTqNVbo0KEVkxvwVAuFqWQE1mEKYD7697VIqRJN4w-yCOpIGYNQQpbi9taYIAAFOnCqYA.mArGjuEdmUwkPCBsGafteTznXKIvwgLxG0VGxBT8v98&dib_tag=se&keywords=drone&qid=1785831426&sr=8-24,https://m.media-amazon.com/images/I/61QBkOqdvbL._AC_UL320_.jpg,drone
B0BL3NZT5D,"DJI Mini 3 With DJI RC, 3-Axis Mechanical Gimbal Mini Camera Drone | 4K HDR Video, 38-Min Flight Time, up to 32800ft (10km) Video Transmission, Vertical Shooting, GPS Auto Return",DJI,,DJI Mini 3,,4.5,2547,500+ bought in past month,https://www.amazon.com/DJI-3-Axis-Mechanical-Gimbal-Camera/dp/B0BL3NZT5D/ref=sr_1_11?dib=eyJ2IjoiMSJ9.SI1h3-CiQG8DEJ6r8Y7nr7qjz5Q7a0b8DfCmXqc5FVBhWDOsaYICUS0mBi5pqAEvyutBGWiF4EPV0QTuAN7qwoFFp6yN85J1z9A3B8ep0DuiyU_CiKa59YdzSbrndRNELeOHSSP8EmU3BtBNKhB7_yVAeEWp08f3CTMK1ew5XibTjS2xcAsoT5tjIph2mEAQa6OoFOp7Bn3WP0q8Rl48pZ9OAfFhUIVVIwiI3yDSMfEw0-URBR1ydSg4dr5TKx1WePMz70IYmdM7XqmI8PC5MrrgYkX2nb_kKaK4KiWO98w.inGe-lEL_Kcyq0GKOjRMGupHwXpGXMEp-dXNKnb6fTY&dib_tag=se&keywords=thermal+imaging+drone&qid=1785845015&sr=8-11,https://m.media-amazon.com/images/I/61yBnQR73qL._AC_UL320_.jpg,thermal imaging drone
B0H28MY4K6,"GPS Drone with EIS 4K Camera, RC Drones with 4.5 inch HD Screen on Controller, Auto Return, 3 Batteries for 90 min Flight Time, 3280 FT Long Control Range Transmission, Circle Fly and Follow Me Mode, Foldable Quadcopter for Beginner, Under 249g",,,,$139.99,4.8,114,200+ bought in past month,https://www.amazon.com/Controller-Batteries-Transmission-Foldable-Quadcopter/dp/B0H28MY4K6/ref=sr_1_34?dib=eyJ2IjoiMSJ9.yhJmkx3Yw-gjTeJ8C7axuHwD25Z3iKpT2rTS8bKMpwpDe7WZZ6iZhckY-hVGdAIqDGlD8w9Ub6pRXq-u9mzRwuGYL3mq7TI_h_0_6vzu8nW_WdXh6qu7fZRMLcsi9gQRUdImQeN0uEHQX9NJ3jIT19s0EBHkXzLiPq4TXfCPVbNyDEgnDgQge1j3vAkrQdYSY9tbMmPqZdwlIHM6lEguLEc1zAjTN1EDLAp92wIBBesa8W5-rmpROHoDPNsNh4TSiYN40SApsCf-5eKqxCRU5AIxI1CjcLPhY0o-cawgbNI.Zyrx1DrnhjGOZ4VqUwObkyqwW58WINwqccGpezZ74aA&dib_tag=se&keywords=drone&qid=1785811598&sr=8-34,https://m.media-amazon.com/images/I/71piiZwJTDL._AC_UL320_.jpg,drone
B07FTJ8RXY,"DJI Flip With RC 2 Screen Remote Controller, Follow Me Drone With 4K UHD Camera for Adults, Under 249 g, 3-Axis Gimbal Stabilization, 44000ft/13km Video Transmission, Palm Takeoff, 31-Min Flight Time | Follow Me Drone, 4K UHD Camera for Adults, 3-Axis Gimbal, 13km Video Transmission, Palm Takeoff, 31-Min Flight Time",DJI,,,$639.00,4.5,317,100+ bought in past month,https://www.amazon.com/DJI-6941565994004-Drone-RC/dp/B07FTJ8RXY/ref=sr_1_55?dib=eyJ2IjoiMSJ9.AvqpZ02C7FD0Iyyg_KSigu0GCtqUPCin-69ueNzMmdJsaqw_brU4ci_8FD5wmV2_BGH9IE-70DiO3h23J9IVarQxaWwROYWHsrf_DkRGX_u2fDA4woTTKd0b0dA-iNLToIRy--WucwYd9fropfHPijLFcHXofabQC1ZuE0W0qqslbMNzNVqosUtTqFfRWHxNka3NtcZyWbmFS3Xm5qxEZb7NXX5S5Ruve_tNwfqTqNVbo0KEVkxvwVAuFqWQE1mEKYD7697VIqRJN4w-yCOpIGYNQQpbi9taYIAAFOnCqYA.mArGjuEdmUwkPCBsGafteTznXKIvwgLxG0VGxBT8v98&dib_tag=se&keywords=drone&qid=1785831426&sr=8-55,https://m.media-amazon.com/images/I/71uACALhyzL._AC_UL320_.jpg,drone
B0CS6GJJJG,"DJI Avata 2 Fly More Combo (1 Battery), FPV Drone With Camera 4K | Includes Goggles 3 & RC Motion 3, Immersive Flight Experience, Built-in Propeller Guard, Easy Flip/Roll",DJI,,DJI Avata 2,,4.6,515,100+ bought in past month,https://www.amazon.com/DJI-Immersive-Experience-Propeller-Compliant/dp/B0CS6GJJJG/ref=sr_1_41?dib=eyJ2IjoiMSJ9.SI1h3-CiQG8DEJ6r8Y7nr7qjz5Q7a0b8DfCmXqc5FVBhWDOsaYICUS0mBi5pqAEvyutBGWiF4EPV0QTuAN7qwoFFp6yN85J1z9A3B8ep0DuiyU_CiKa59YdzSbrndRNELeOHSSP8EmU3BtBNKhB7_yVAeEWp08f3CTMK1ew5XibTjS2xcAsoT5tjIph2mEAQa6OoFOp7Bn3WP0q8Rl48pZ9OAfFhUIVVIwiI3yDSMfEw0-URBR1ydSg4dr5TKx1WePMz70IYmdM7XqmI8PC5MrrgYkX2nb_kKaK4KiWO98w.inGe-lEL_Kcyq0GKOjRMGupHwXpGXMEp-dXNKnb6fTY&dib_tag=se&keywords=thermal+imaging+drone&qid=1785845015&sr=8-41,https://m.media-amazon.com/images/I/71hc7wNXBZL._AC_UL320_.jpg,thermal imaging drone
B08VNW67MF,"Holy Stone HS175D GPS Drone with 4K Camera for Adults, Under 249g, Foldable RC Quadcopter with Auto Return, 46 Mins Long Flight, Follow Me, Brushless Motor, Circle Fly, Waypoint Fly, Altitude Hold",Holy Stone,,,$149.99,4.1,7472,400+ bought in past month,https://www.amazon.com/Holy-Stone-Drone-Camera-Adults/dp/B08VNW67MF/ref=sr_1_41?dib=eyJ2IjoiMSJ9.AvqpZ02C7FD0Iyyg_KSigu0GCtqUPCin-69ueNzMmdJsaqw_brU4ci_8FD5wmV2_BGH9IE-70DiO3h23J9IVarQxaWwROYWHsrf_DkRGX_u2fDA4woTTKd0b0dA-iNLToIRy--WucwYd9fropfHPijLFcHXofabQC1ZuE0W0qqslbMNzNVqosUtTqFfRWHxNka3NtcZyWbmFS3Xm5qxEZb7NXX5S5Ruve_tNwfqTqNVbo0KEVkxvwVAuFqWQE1mEKYD7697VIqRJN4w-yCOpIGYNQQpbi9taYIAAFOnCqYA.mArGjuEdmUwkPCBsGafteTznXKIvwgLxG0VGxBT8v98&dib_tag=se&keywords=drone&qid=1785831426&sr=8-41,https://m.media-amazon.com/images/I/71MTkNbx7yL._AC_UL320_.jpg,drone
B085J1BKVF,"Autel Robotics EVO 2 Pro V3 w/Son-y 1"" CMOS Sensor & 6K HDR Video | Moonlight Algorithm 2.0, Max ISO 44000,12-Bit DNG, 6.4"" Smart Controller SE, 360° Obstacle Avoidance, 15KM & 40 Min, Orange",Autel,,,"$2,099.00",4.6,230,,https://www.amazon.com/Autel-Robotics-Rugged-Bundle-Newest/dp/B085J1BKVF/ref=sr_1_58?dib=eyJ2IjoiMSJ9.PHTm18AKerJpiu2Rezan-VbAF7gPE4lJNBP1QHKenMk3tbKZUkNy08zmi1gxqlMZJp6ScU7Sxc2aq5VFUn__Dm5CaolRrAW2HTjB3HbM4GrGP-hTtFvaJfPvTBvHTSrJEGdxuR4TfFQw-cPxPOelNR6sCnGYrtSvreIUx4JaVK1AFRwTC5BaKP1lnU4nTKbVFs7y_A4T7wohvk01sqlRovU33WHmGpq7Rbo1seAqPe-cfqNjYROG5_jZCWTxnPjPNdBTA-BGUbtSIntHX3Z0iSCKaP9b-BhP4NYcdFR7rnA.OcXGzPxYvD7Ka08vjNRFoanZQ6KHjukMMOaoEcjlwKk&dib_tag=se&keywords=drone&qid=1785811888&sr=8-58&xpid=RcpG2dJBJCW59,https://m.media-amazon.com/images/I/71YC0gGdUbL._AC_UL320_.jpg,drone
B0H1V5PNTW,"1080P Drones with Camera for Adults, FPV App Control Quadcopter with Carrying Case, Foldable Drone with 2 Batteries, Optical Flow Hover, One Key Start, 3 Speed Modes and 360° Flip (White)",,,,$71.99,,,,https://www.amazon.com/Control-Quadcopter-Carrying-Foldable-Batteries/dp/B0H1V5PNTW/ref=sr_1_57?dib=eyJ2IjoiMSJ9.AvqpZ02C7FD0Iyyg_KSigu0GCtqUPCin-69ueNzMmdJsaqw_brU4ci_8FD5wmV2_BGH9IE-70DiO3h23J9IVarQxaWwROYWHsrf_DkRGX_u2fDA4woTTKd0b0dA-iNLToIRy--WucwYd9fropfHPijLFcHXofabQC1ZuE0W0qqslbMNzNVqosUtTqFfRWHxNka3NtcZyWbmFS3Xm5qxEZb7NXX5S5Ruve_tNwfqTqNVbo0KEVkxvwVAuFqWQE1mEKYD7697VIqRJN4w-yCOpIGYNQQpbi9taYIAAFOnCqYA.mArGjuEdmUwkPCBsGafteTznXKIvwgLxG0VGxBT8v98&dib_tag=se&keywords=drone&qid=1785831426&sr=8-57,https://m.media-amazon.com/images/I/71VwAmDlrWL._AC_UL320_.jpg,drone
B0FXC152H4,"DJI Mini 5 Pro Drone Fly More Combo Plus with RC 2, 1"" CMOS Sensor, 4K Video, Omnidirectional Obstacle Sensing, 3 Battery Bundle with Deco Gear CPS Exclusive 26Month Protection Pack BEACH-CPS-26M1500",DJI,,,"$1,399.00",5.0,10,,https://www.amazon.com/DJI-Omnidirectional-Exclusive-Protection-BEACH-CPS-26M1500/dp/B0FXC152H4/ref=sr_1_72?dib=eyJ2IjoiMSJ9.PHTm18AKerJpiu2Rezan-VbAF7gPE4lJNBP1QHKenMk3tbKZUkNy08zmi1gxqlMZJp6ScU7Sxc2aq5VFUn__Dm5CaolRrAW2HTjB3HbM4GrGP-hTtFvaJfPvTBvHTSrJEGdxuR4TfFQw-cPxPOelNR6sCnGYrtSvreIUx4JaVK1AFRwTC5BaKP1lnU4nTKbVFs7y_A4T7wohvk01sqlRovU33WHmGpq7Rbo1seAqPe-cfqNjYROG5_jZCWTxnPjPNdBTA-BGUbtSIntHX3Z0iSCKaP9b-BhP4NYcdFR7rnA.OcXGzPxYvD7Ka08vjNRFoanZQ6KHjukMMOaoEcjlwKk&dib_tag=se&keywords=drone&qid=1785811888&sr=8-72&xpid=RcpG2dJBJCW59,https://m.media-amazon.com/images/I/71AJ6WjXyoL._AC_UL320_.jpg,drone
B0FM6D6G4G,"DJI Mavic 4 Pro Triple Camera Flagship Drone Creator Combo (DJI RC Pro 2), 512GB Onboard Storage, 100MP Hasselblad Camera, 6K HDR Video, 0.1-Lux Nightscape, Obstacle Sensing Bundle with Deco Gear Kit",DJI,,,"$4,099.00",4.3,11,,https://www.amazon.com/DJI-Flagship-Hasselblad-Nightscape-Obstacle/dp/B0FM6D6G4G/ref=sr_1_81?dib=eyJ2IjoiMSJ9.PHTm18AKerJpiu2Rezan-VbAF7gPE4lJNBP1QHKenMk3tbKZUkNy08zmi1gxqlMZJp6ScU7Sxc2aq5VFUn__Dm5CaolRrAW2HTjB3HbM4GrGP-hTtFvaJfPvTBvHTSrJEGdxuR4TfFQw-cPxPOelNR6sCnGYrtSvreIUx4JaVK1AFRwTC5BaKP1lnU4nTKbVFs7y_A4T7wohvk01sqlRovU33WHmGpq7Rbo1seAqPe-cfqNjYROG5_jZCWTxnPjPNdBTA-BGUbtSIntHX3Z0iSCKaP9b-BhP4NYcdFR7rnA.OcXGzPxYvD7Ka08vjNRFoanZQ6KHjukMMOaoEcjlwKk&dib_tag=se&keywords=drone&qid=1785811888&sr=8-81&xpid=RcpG2dJBJCW59,https://m.media-amazon.com/images/I/612Std0NzKL._AC_UL320_.jpg,drone
B0FCSN8R7S,"SKYROVER X1 Drone with Camera Combo for Adults, 4K/60fps Video, 8K Photo, 360° Obstacle Avoidance, Under 249g, 9.32-Mi Transmission, Vertical Shooting, AI Night Shot, 96-Min Flight Time with 3 Batteries",,,,$499.00,4.4,413,400+ bought in past month,https://www.amazon.com/SKYROVER-Camera-50000ft-Transmission-Batteries/dp/B0FCSN8R7S/ref=sr_1_65?dib=eyJ2IjoiMSJ9.PHTm18AKerJpiu2Rezan-VbAF7gPE4lJNBP1QHKenMk3tbKZUkNy08zmi1gxqlMZJp6ScU7Sxc2aq5VFUn__Dm5CaolRrAW2HTjB3HbM4GrGP-hTtFvaJfPvTBvHTSrJEGdxuR4TfFQw-cPxPOelNR6sCnGYrtSvreIUx4JaVK1AFRwTC5BaKP1lnU4nTKbVFs7y_A4T7wohvk01sqlRovU33WHmGpq7Rbo1seAqPe-cfqNjYROG5_jZCWTxnPjPNdBTA-BGUbtSIntHX3Z0iSCKaP9b-BhP4NYcdFR7rnA.OcXGzPxYvD7Ka08vjNRFoanZQ6KHjukMMOaoEcjlwKk&dib_tag=se&keywords=drone&qid=1785811888&sr=8-65&xpid=RcpG2dJBJCW59,https://m.media-amazon.com/images/I/71-m6iBN8OL._AC_UL320_.jpg,drone
B0GWCWZLCQ,"F417PRO FPV Drone with 1080P Camera Screen Remote for Adults Beginners Kids | RGB LED Light FPV Brushless Motor Drone, Headless Mode Altitude Hold Optical Flow Positioning,One Key Start/Landing Type C",,,,$62.99,4.5,185,,https://www.amazon.com/F417PRO-Camera-Screen-Remote-Beginners/dp/B0GWCWZLCQ/ref=sr_1_57?dib=eyJ2IjoiMSJ9.PHTm18AKerJpiu2Rezan-VbAF7gPE4lJNBP1QHKenMk3tbKZUkNy08zmi1gxqlMZJp6ScU7Sxc2aq5VFUn__Dm5CaolRrAW2HTjB3HbM4GrGP-hTtFvaJfPvTBvHTSrJEGdxuR4TfFQw-cPxPOelNR6sCnGYrtSvreIUx4JaVK1AFRwTC5BaKP1lnU4nTKbVFs7y_A4T7wohvk01sqlRovU33WHmGpq7Rbo1seAqPe-cfqNjYROG5_jZCWTxnPjPNdBTA-BGUbtSIntHX3Z0iSCKaP9b-BhP4NYcdFR7rnA.OcXGzPxYvD7Ka08vjNRFoanZQ6KHjukMMOaoEcjlwKk&dib_tag=se&keywords=drone&qid=1785811888&sr=8-57&xpid=RcpG2dJBJCW59,https://m.media-amazon.com/images/I/71Joftq2g7L._AC_UL320_.jpg,drone
B0DPKMTFXC,"G11PRO 6K Drone with Camera for Adults, 4K/30fps Video | 3-Axis Brushless Gimbal, 70mins Flight Time with 2 Batteries, 10000ft Long Range,Auto Return, FAA compliance",,,G11PRO,$386.99,4.4,260,300+ bought in past month,https://www.amazon.com/sspa/click?ie=UTF8&spc=MTozNzI3NjU0NjQ1ODI2MzY6MTc4NTgzMTQyNjpzcF9tdGY6MzAxMjU5ODU1Mjk3OTAyOjowOjo&url=%2FG11PRO-Drone-Camera-Adults-30fps%2Fdp%2FB0DPKMTFXC%2Fref%3Dsr_1_6_sspa%3Fdib%3DeyJ2IjoiMSJ9.AvqpZ02C7FD0Iyyg_KSigu0GCtqUPCin-69ueNzMmdJsaqw_brU4ci_8FD5wmV2_BGH9IE-70DiO3h23J9IVarQxaWwROYWHsrf_DkRGX_u2fDA4woTTKd0b0dA-iNLToIRy--WucwYd9fropfHPijLFcHXofabQC1ZuE0W0qqslbMNzNVqosUtTqFfRWHxNka3NtcZyWbmFS3Xm5qxEZb7NXX5S5Ruve_tNwfqTqNVbo0KEVkxvwVAuFqWQE1mEKYD7697VIqRJN4w-yCOpIGYNQQpbi9taYIAAFOnCqYA.mArGjuEdmUwkPCBsGafteTznXKIvwgLxG0VGxBT8v98%26dib_tag%3Dse%26keywords%3Ddrone%26qid%3D1785831426%26sr%3D8-6-spons%26sp_csd%3Dd2lkZ2V0TmFtZT1zcF9tdGY%26psc%3D1,https://m.media-amazon.com/images/I/71TZcPuOLHL._AC_UL320_.jpg,drone
B0H3T9M45L,"V918 GPS Drone with 8K Camera for Adults, RC Drones with 5 inch HD Screen | 90 Mins Flight Time, 3KM Control Range, 360° Obstacle Avoidance, Auto Return Follow Me, Foldable Quadcopter for Beginner Gift",,,,$199.99,3.5,,,https://www.amazon.com/sspa/click?ie=UTF8&spc=MToxNzYxOTUxMTUxNDcyMjY5OjE3ODU4MDk2MzE6c3BfYXRmX25leHQ6MzAxMzY4ODQ5MTYxMjAyOjowOjo&url=%2FDrone-Camera-Adults-Drones-Screen%2Fdp%2FB0H3T9M45L%2Fref%3Dsr_1_51_sspa%3Fdib%3DeyJ2IjoiMSJ9.aqFROeW3TJTDkwaE7sajF01Wh-_VTEhClqG75mMCQwi02TCtGoFTv-d_m3LnRL_pPe6nGme9GD9AjWEd3ivW-Q.QsXe6JPatOm48Lq1uQjrr6zloO9QQekPk9HxalCVTDU%26dib_tag%3Dse%26keywords%3Ddrone%26qid%3D1785809631%26sr%3D8-51-spons%26xpid%3DitLqQDKSO6foN%26sp_csd%3Dd2lkZ2V0TmFtZT1zcF9hdGZfbmV4dA%26psc%3D1,https://m.media-amazon.com/images/I/61ZIQxcQBFL._AC_UL320_.jpg,drone
B0H97TGXD7,"Drones with Camera for Adults 4K, 5.7"" FPV Touchscreen, Auto Return, Follow | Beginner Mode, 100-Min Flight, Long Range Transmission, Follow, Foldable RC Quadcopter 2 Batteries, Ideal for Adults",,,,$199.99,3.4,,,https://www.amazon.com/sspa/click?ie=UTF8&spc=MToxNzYxOTUxMTUxNDcyMjY5OjE3ODU4MDk2MzE6c3BfYXRmX25leHQ6MzAxMTA4OTM4ODg1MzAyOjowOjo&url=%2FDrones-Camera-Adults-Touchscreen-Return%2Fdp%2FB0H97TGXD7%2Fref%3Dsr_1_52_sspa%3Fdib%3DeyJ2IjoiMSJ9.aqFROeW3TJTDkwaE7sajF01Wh-_VTEhClqG75mMCQwi02TCtGoFTv-d_m3LnRL_pPe6nGme9GD9AjWEd3ivW-Q.QsXe6JPatOm48Lq1uQjrr6zloO9QQekPk9HxalCVTDU%26dib_tag%3Dse%26keywords%3Ddrone%26qid%3D1785809631%26sr%3D8-52-spons%26xpid%3DitLqQDKSO6foN%26sp_csd%3Dd2lkZ2V0TmFtZT1zcF9hdGZfbmV4dA%26psc%3D1,https://m.media-amazon.com/images/I/71iU3aZ9x5L._AC_UL320_.jpg,drone
B0FGPLQ7L5,"LED RC Drone for Kids 6+, Christmas Birthday Gift for Boys & Girls with Remote Batteries, 360° Flips, 3 Speed Modes, 45 Min Flight Indoor and Outdoor Flying Toy - Blue Yellow",,,,$37.96,4.4,,500+ bought in past month,https://www.amazon.com/sspa/click?ie=UTF8&spc=MToxNzYxOTUxMTUxNDcyMjY5OjE3ODU4MDk2MzE6c3BfbXRmOjMwMTMyNTM2MzgxMTYwMjo6MDo6&url=%2FFUNPX-Christmas-Birthday-Batteries-Outdoor%2Fdp%2FB0FGPLQ7L5%2Fref%3Dsr_1_53_sspa%3Fdib%3DeyJ2IjoiMSJ9.aqFROeW3TJTDkwaE7sajF01Wh-_VTEhClqG75mMCQwi02TCtGoFTv-d_m3LnRL_pPe6nGme9GD9AjWEd3ivW-Q.QsXe6JPatOm48Lq1uQjrr6zloO9QQekPk9HxalCVTDU%26dib_tag%3Dse%26keywords%3Ddrone%26qid%3D1785809631%26sr%3D8-53-spons%26xpid%3DitLqQDKSO6foN%26sp_csd%3Dd2lkZ2V0TmFtZT1zcF9tdGY%26psc%3D1,https://m.media-amazon.com/images/I/71Ng3ewXDdL._AC_UL320_.jpg,drone
B0FJ2R344S,"DJI Mavic 4 Pro Drone Fly More Combo 6K60 HDR, 100MP, 51-Min Max Flight Time, 18.6-Mile Range, ActiveTrack 360 Subject/Vehicle Tracking, Omnidirectional Avoidance Bundle with 128GB Memory, 2 Year CPS Warranty, Backpack, Bundle It Better Lens Cloth + More",DJI,,,"$3,299.00",4.1,24,,https://www.amazon.com/DJI-18-6-Mile-ActiveTrack-Omnidirectional-Avoidance/dp/B0FJ2R344S/ref=sr_1_83?dib=eyJ2IjoiMSJ9.PHTm18AKerJpiu2Rezan-VbAF7gPE4lJNBP1QHKenMk3tbKZUkNy08zmi1gxqlMZJp6ScU7Sxc2aq5VFUn__Dm5CaolRrAW2HTjB3HbM4GrGP-hTtFvaJfPvTBvHTSrJEGdxuR4TfFQw-cPxPOelNR6sCnGYrtSvreIUx4JaVK1AFRwTC5BaKP1lnU4nTKbVFs7y_A4T7wohvk01sqlRovU33WHmGpq7Rbo1seAqPe-cfqNjYROG5_jZCWTxnPjPNdBTA-BGUbtSIntHX3Z0iSCKaP9b-BhP4NYcdFR7rnA.OcXGzPxYvD7Ka08vjNRFoanZQ6KHjukMMOaoEcjlwKk&dib_tag=se&keywords=drone&qid=1785811888&sr=8-83&xpid=RcpG2dJBJCW59,https://m.media-amazon.com/images/I/81Ceaes6oAL._AC_UL320_.jpg,drone
B0HBW3BXZY,"PLEGBLE Drones with Camera for Adults 4K, Beginner FPV Drone | Brushless Motor, 30 Mins Flight Time, Foldable Design, One-Key Takeoff/Landing, Emergency Stop, Under 249g, Gift for Kids",,,,$49.99,5.0,40,,https://www.amazon.com/PLEGBLE-Drones-Camera-Adults-Beginner/dp/B0HBW3BXZY/ref=sr_1_54?dib=eyJ2IjoiMSJ9.PHTm18AKerJpiu2Rezan-VbAF7gPE4lJNBP1QHKenMk3tbKZUkNy08zmi1gxqlMZJp6ScU7Sxc2aq5VFUn__Dm5CaolRrAW2HTjB3HbM4GrGP-hTtFvaJfPvTBvHTSrJEGdxuR4TfFQw-cPxPOelNR6sCnGYrtSvreIUx4JaVK1AFRwTC5BaKP1lnU4nTKbVFs7y_A4T7wohvk01sqlRovU33WHmGpq7Rbo1seAqPe-cfqNjYROG5_jZCWTxnPjPNdBTA-BGUbtSIntHX3Z0iSCKaP9b-BhP4NYcdFR7rnA.OcXGzPxYvD7Ka08vjNRFoanZQ6KHjukMMOaoEcjlwKk&dib_tag=se&keywords=drone&qid=1785811888&sr=8-54&xpid=RcpG2dJBJCW59,https://m.media-amazon.com/images/I/814G-uHPjJL._AC_UL320_.jpg,drone
B0HBQFFPBN,"Safe Beginner Drone with 1080P Camera, Optical Flow Hover FPV Quadcopter with Propeller Guards, 2 Batteries, Carrying Case, Headless Mode, Foldable Mini Drone for Adults & Teens",,,,$19.99,,,,https://www.amazon.com/Beginner-Quadcopter-Propeller-Batteries-Carrying/dp/B0HBQFFPBN/ref=sr_1_90?dib=eyJ2IjoiMSJ9.PHTm18AKerJpiu2Rezan-VbAF7gPE4lJNBP1QHKenMk3tbKZUkNy08zmi1gxqlMZJp6ScU7Sxc2aq5VFUn__Dm5CaolRrAW2HTjB3HbM4GrGP-hTtFvaJfPvTBvHTSrJEGdxuR4TfFQw-cPxPOelNR6sCnGYrtSvreIUx4JaVK1AFRwTC5BaKP1lnU4nTKbVFs7y_A4T7wohvk01sqlRovU33WHmGpq7Rbo1seAqPe-cfqNjYROG5_jZCWTxnPjPNdBTA-BGUbtSIntHX3Z0iSCKaP9b-BhP4NYcdFR7rnA.OcXGzPxYvD7Ka08vjNRFoanZQ6KHjukMMOaoEcjlwKk&dib_tag=se&keywords=drone&qid=1785811888&sr=8-90&xpid=RcpG2dJBJCW59,https://m.media-amazon.com/images/I/71YbfqHQRFL._AC_UL320_.jpg,drone
B0FSL3XKX3,"Potensic Atom 2 Fly More Combo with RC PTD 1, Drones with Camera for Adults 4K Video, 8K Photo, 10KM Transmission, 96 Mins Flight, 3-Axis Gimbal, AI Track, Vertical Shooting, AI Night Shot, Under 249g",Potensic,,DSDR23A,$493.99,4.5,1872,300+ bought in past month,https://www.amazon.com/sspa/click?ie=UTF8&spc=MToyNTA3MDg1ODIwNzkxNTE5OjE3ODU4NDUwMTU6c3BfYXRmOjMwMTQwODQ5OTI2NDAwMjo6MDo6&url=%2FPotensic-Drones-Transmission-Vertical-Shooting%2Fdp%2FB0FSL3XKX3%2Fref%3Dsr_1_4_sspa%3Fdib%3DeyJ2IjoiMSJ9.SI1h3-CiQG8DEJ6r8Y7nr7qjz5Q7a0b8DfCmXqc5FVBhWDOsaYICUS0mBi5pqAEvyutBGWiF4EPV0QTuAN7qwoFFp6yN85J1z9A3B8ep0DuiyU_CiKa59YdzSbrndRNELeOHSSP8EmU3BtBNKhB7_yVAeEWp08f3CTMK1ew5XibTjS2xcAsoT5tjIph2mEAQa6OoFOp7Bn3WP0q8Rl48pZ9OAfFhUIVVIwiI3yDSMfEw0-URBR1ydSg4dr5TKx1WePMz70IYmdM7XqmI8PC5MrrgYkX2nb_kKaK4KiWO98w.inGe-lEL_Kcyq0GKOjRMGupHwXpGXMEp-dXNKnb6fTY%26dib_tag%3Dse%26keywords%3Dthermal%2Bimaging%2Bdrone%26qid%3D1785845015%26sr%3D8-4-spons%26sp_csd%3Dd2lkZ2V0TmFtZT1zcF9hdGY%26psc%3D1,https://m.media-amazon.com/images/I/61GsgJd0F2L._AC_UL320_.jpg,thermal imaging drone
B0DJQDPTC1,"GPS Drones with 4K Camera for Adults with Brushless Motor and Follow Me Mode,Long Flight Time and Distance,5G FPV Transmission and Auto Return,G9 Foldable RC Quadcopter for Beginner,Under249g (Dark gray)",,,,$99.99,4.0,,200+ bought in past month,https://www.amazon.com/sspa/click?ie=UTF8&spc=MToxNzYxOTUxMTUxNDcyMjY5OjE3ODU4MDk2MzE6c3BfbXRmOjMwMDUzNzQ3NDYzMTYwMjo6MDo6&url=%2FBrushless-Transmission-G9-Quadcopter-Under249g%2Fdp%2FB0DJQDPTC1%2Fref%3Dsr_1_60_sspa%3Fdib%3DeyJ2IjoiMSJ9.cwmi9D2GQ56DlnBuAs5TCKRvMFlx65VP3uDQlGiMNwnyHZRc-rbxHhwhknRoI2Oz3q-ToeUTfRqOFyjuF-RdoS81-E6aPIEue9B_h81oHx7NU9mxu3CI32R1vTGLKyHb0qsmi0JxHzFEOGTTGHMm-nn_PdpTfC94FWLJOESShBemQXzgcCqwNnc3qAsQgDE7q7uRkCYDaSPExK4pPonMVkbmole5rTYqSqslOWe1lo7DYP-anbuvl2cLop28tlda1f7Cpc3UGyTUpVdXga4bFgnESyBGiaZ1yWHIgJBDVJw.2gj8qkrd567VxrYt2mIBjGCMUwwFveUSKrYUIhsB73A%26dib_tag%3Dse%26keywords%3Ddrone%26qid%3D1785809631%26sr%3D8-60-spons%26xpid%3DitLqQDKSO6foN%26sp_csd%3Dd2lkZ2V0TmFtZT1zcF9tdGY%26psc%3D1,https://m.media-amazon.com/images/I/81SUOujJvOL._AC_UL320_.jpg,drone
B0CLD14VL3,"Contixo F21 Pro Drone with Dual Camera, 30 Min Flight Time With 2 Batteries, 4.3"" Screen Remote, Obstacle Avoidance, Optical Flow Hover, 2.4GHz FPV, Altitude Hold, 3D Flip Drones For Adult Teenager",Contixo,,,$79.99,3.4,,,https://www.amazon.com/Contixo-Foldable-Avoidance-Brushless-Quadcopter/dp/B0CLD14VL3/ref=sr_1_104?dib=eyJ2IjoiMSJ9.zuQGm6-Rv7oX9cs_SdiVIdanHNfpnKRMY49a1uPvBnU8sr5BI8ZsXwMIYHw9KiGrkdF3nQCFSYp1mFXGQAudgw.45MAcFaWdCKQe2v4DTlCp6RQXkFbLsuDT0kTrSDD3tQ&dib_tag=se&keywords=drone&qid=1785809853&sr=8-104&xpid=itLqQDKSO6foN,https://m.media-amazon.com/images/I/716ziw1qYIL._AC_UL320_.jpg,drone
B0FM3ZM713,"GPS Drone with Camera for Adults, 2K HD GPS Drones with Auto Return, Follow Me, Circle Fly, Waypoint Fly, Optical Flow, Brushless Motor, Foldable 5G Transmission FPV Quadcopter",,,,$59.96,4.3,1530,,https://www.amazon.com/Waypoint-Brushless-Foldable-Transmission-Quadcopter/dp/B0FM3ZM713/ref=sr_1_47?dib=eyJ2IjoiMSJ9.yhJmkx3Yw-gjTeJ8C7axuHwD25Z3iKpT2rTS8bKMpwpDe7WZZ6iZhckY-hVGdAIqDGlD8w9Ub6pRXq-u9mzRwuGYL3mq7TI_h_0_6vzu8nW_WdXh6qu7fZRMLcsi9gQRUdImQeN0uEHQX9NJ3jIT19s0EBHkXzLiPq4TXfCPVbNyDEgnDgQge1j3vAkrQdYSY9tbMmPqZdwlIHM6lEguLEc1zAjTN1EDLAp92wIBBesa8W5-rmpROHoDPNsNh4TSiYN40SApsCf-5eKqxCRU5AIxI1CjcLPhY0o-cawgbNI.Zyrx1DrnhjGOZ4VqUwObkyqwW58WINwqccGpezZ74aA&dib_tag=se&keywords=drone&qid=1785811598&sr=8-47,https://m.media-amazon.com/images/I/714PJWxOGGL._AC_UL320_.jpg,drone
B0G1BY9H6G,"Ruko U11MINI 4K (RC3) Camera Drone for Adults with 5.5"" Touchscreen Remote | 8K Photo 4K Video Quadcopter, 3-Axis Gimbal, 20000ft FPV, Under 249g FAA Exempt, Beginner Friendly (64-Min Flight)",Ruko,,,$499.99,4.4,65,,https://www.amazon.com/Ruko-Professional-Touchcreen-Transmission-Beginner/dp/B0G1BY9H6G/ref=sr_1_49?dib=eyJ2IjoiMSJ9.AvqpZ02C7FD0Iyyg_KSigu0GCtqUPCin-69ueNzMmdJsaqw_brU4ci_8FD5wmV2_BGH9IE-70DiO3h23J9IVarQxaWwROYWHsrf_DkRGX_u2fDA4woTTKd0b0dA-iNLToIRy--WucwYd9fropfHPijLFcHXofabQC1ZuE0W0qqslbMNzNVqosUtTqFfRWHxNka3NtcZyWbmFS3Xm5qxEZb7NXX5S5Ruve_tNwfqTqNVbo0KEVkxvwVAuFqWQE1mEKYD7697VIqRJN4w-yCOpIGYNQQpbi9taYIAAFOnCqYA.mArGjuEdmUwkPCBsGafteTznXKIvwgLxG0VGxBT8v98&dib_tag=se&keywords=drone&qid=1785831426&sr=8-49,https://m.media-amazon.com/images/I/71OyO3GXx2L._AC_UL320_.jpg,drone
B0H4L87CHG,"Drone with Camera for Adults 4K,Brushless Motor,5G FPV,Optical Positioning | Under249G,5G FPV Video Transmission,Long Range,120°FOV Camera,90°Adjustable Lens,2Batteries,Carrying Case,Easy for Beginner",,,,$89.99,4.5,24,100+ bought in past month,https://www.amazon.com/Camera-Adults-Brushless-Optical-Positioning/dp/B0H4L87CHG/ref=sr_1_60?dib=eyJ2IjoiMSJ9.yhJmkx3Yw-gjTeJ8C7axuHwD25Z3iKpT2rTS8bKMpwpDe7WZZ6iZhckY-hVGdAIqDGlD8w9Ub6pRXq-u9mzRwuGYL3mq7TI_h_0_6vzu8nW_WdXh6qu7fZRMLcsi9gQRUdImQeN0uEHQX9NJ3jIT19s0EBHkXzLiPq4TXfCPVbNyDEgnDgQge1j3vAkrQdYSY9tbMmPqZdwlIHM6lEguLEc1zAjTN1EDLAp92wIBBesa8W5-rmpROHoDPNsNh4TSiYN40SApsCf-5eKqxCRU5AIxI1CjcLPhY0o-cawgbNI.Zyrx1DrnhjGOZ4VqUwObkyqwW58WINwqccGpezZ74aA&dib_tag=se&keywords=drone&qid=1785811598&sr=8-60,https://m.media-amazon.com/images/I/71kNokmBB2L._AC_UL320_.jpg,drone
B0BBVZ849G,"Drone with 1080P Camera for Beginners and Adults, Foldable Remote Control Quadcopter with Voice Control, Gestures Selfie, Altitude Hold, One Key Start, 3D Flips, 2 Batteries, Toy for Beginners",,,,$44.99,4.2,4220,300+ bought in past month,https://www.amazon.com/Foldable-Quadcopter-Gestures-Altitude-Batteries/dp/B0BBVZ849G/ref=sr_1_82?dib=eyJ2IjoiMSJ9.PHTm18AKerJpiu2Rezan-VbAF7gPE4lJNBP1QHKenMk3tbKZUkNy08zmi1gxqlMZJp6ScU7Sxc2aq5VFUn__Dm5CaolRrAW2HTjB3HbM4GrGP-hTtFvaJfPvTBvHTSrJEGdxuR4TfFQw-cPxPOelNR6sCnGYrtSvreIUx4JaVK1AFRwTC5BaKP1lnU4nTKbVFs7y_A4T7wohvk01sqlRovU33WHmGpq7Rbo1seAqPe-cfqNjYROG5_jZCWTxnPjPNdBTA-BGUbtSIntHX3Z0iSCKaP9b-BhP4NYcdFR7rnA.OcXGzPxYvD7Ka08vjNRFoanZQ6KHjukMMOaoEcjlwKk&dib_tag=se&keywords=drone&qid=1785811888&sr=8-82&xpid=RcpG2dJBJCW59,https://m.media-amazon.com/images/I/71zs2B9b1eL._AC_UL320_.jpg,drone
B0F9Y4BCM5,"4DRC RC Planes Remote Control Airplanes for Kids, Foam Remote Control Planes for Kids Adults Beginners, Remote Control Helicopter Fighter Jet Drones for Kids Adults, 360° Flip Easy to Fly",4DRC,,,$29.58,4.0,,5K+ bought in past month,https://www.amazon.com/sspa/click?ie=UTF8&spc=MToxNzYxOTUxMTUxNDcyMjY5OjE3ODU4MDk2MzE6c3BfbXRmOjMwMTM5NDU5NTU3MTQwMjo6MDo6&url=%2F4DRC-Control-Airplanes-Beginners-Helicopter%2Fdp%2FB0F9Y4BCM5%2Fref%3Dsr_1_68_sspa%3Fdib%3DeyJ2IjoiMSJ9.cwmi9D2GQ56DlnBuAs5TCKRvMFlx65VP3uDQlGiMNwnyHZRc-rbxHhwhknRoI2Oz3q-ToeUTfRqOFyjuF-RdoS81-E6aPIEue9B_h81oHx7NU9mxu3CI32R1vTGLKyHb0qsmi0JxHzFEOGTTGHMm-nn_PdpTfC94FWLJOESShBemQXzgcCqwNnc3qAsQgDE7q7uRkCYDaSPExK4pPonMVkbmole5rTYqSqslOWe1lo7DYP-anbuvl2cLop28tlda1f7Cpc3UGyTUpVdXga4bFgnESyBGiaZ1yWHIgJBDVJw.2gj8qkrd567VxrYt2mIBjGCMUwwFveUSKrYUIhsB73A%26dib_tag%3Dse%26keywords%3Ddrone%26qid%3D1785809631%26sr%3D8-68-spons%26xpid%3DitLqQDKSO6foN%26sp_csd%3Dd2lkZ2V0TmFtZT1zcF9tdGY%26psc%3D1,https://m.media-amazon.com/images/I/71Rdr3jiO-L._AC_UL320_.jpg,drone
B0GYP8Q49F,"Drone with 1080P Camera, Remote Control Quadcopter with Gesture Selfie, Altitude Hold, One Key Start, 3D Flips, 2 Batteries, Black",,,,$57.99,4.5,,100+ bought in past month,https://www.amazon.com/sspa/click?ie=UTF8&spc=MToxNzYxOTUxMTUxNDcyMjY5OjE3ODU4MDk2MzE6c3BfbXRmOjMwMTI3MDk4MjQxMDgwMjo6MDo6&url=%2FControl-Quadcopter-Gesture-Altitude-Batteries%2Fdp%2FB0GYP8Q49F%2Fref%3Dsr_1_69_sspa%3Fdib%3DeyJ2IjoiMSJ9.cwmi9D2GQ56DlnBuAs5TCKRvMFlx65VP3uDQlGiMNwnyHZRc-rbxHhwhknRoI2Oz3q-ToeUTfRqOFyjuF-RdoS81-E6aPIEue9B_h81oHx7NU9mxu3CI32R1vTGLKyHb0qsmi0JxHzFEOGTTGHMm-nn_PdpTfC94FWLJOESShBemQXzgcCqwNnc3qAsQgDE7q7uRkCYDaSPExK4pPonMVkbmole5rTYqSqslOWe1lo7DYP-anbuvl2cLop28tlda1f7Cpc3UGyTUpVdXga4bFgnESyBGiaZ1yWHIgJBDVJw.2gj8qkrd567VxrYt2mIBjGCMUwwFveUSKrYUIhsB73A%26dib_tag%3Dse%26keywords%3Ddrone%26qid%3D1785809631%26sr%3D8-69-spons%26xpid%3DitLqQDKSO6foN%26sp_csd%3Dd2lkZ2V0TmFtZT1zcF9tdGY%26psc%3D1,https://m.media-amazon.com/images/I/71jx-mPwwnL._AC_UL320_.jpg,drone
B0G2LMBZDK,"Ruko U11MINI 4K GPS Drone with Camera for Adults (96-Min Flight) | 8K Photo 4K Video Mini Quadcopter, 3-Axis Gimbal, Auto Return, Under 249g FAA Exempt, Beginner Friendly",Ruko,,,$399.99,4.5,12,100+ bought in past month,https://www.amazon.com/Ruko-U11MINI-20000ft-Transmission-Beginner/dp/B0G2LMBZDK/ref=sr_1_44?dib=eyJ2IjoiMSJ9.AvqpZ02C7FD0Iyyg_KSigu0GCtqUPCin-69ueNzMmdJsaqw_brU4ci_8FD5wmV2_BGH9IE-70DiO3h23J9IVarQxaWwROYWHsrf_DkRGX_u2fDA4woTTKd0b0dA-iNLToIRy--WucwYd9fropfHPijLFcHXofabQC1ZuE0W0qqslbMNzNVqosUtTqFfRWHxNka3NtcZyWbmFS3Xm5qxEZb7NXX5S5Ruve_tNwfqTqNVbo0KEVkxvwVAuFqWQE1mEKYD7697VIqRJN4w-yCOpIGYNQQpbi9taYIAAFOnCqYA.mArGjuEdmUwkPCBsGafteTznXKIvwgLxG0VGxBT8v98&dib_tag=se&keywords=drone&qid=1785831426&sr=8-44,https://m.media-amazon.com/images/I/71kDWjb33EL._AC_UL320_.jpg,drone
B0H19K3R7N,"2026 Professional Tablet Remote Pro Drones with Camera for Adults 4k Videos, 360 Obstacle Avoidance, Payload Release, 3-Axis Gimbal, Night Mode, 90 Minutes Long Batteries, 6 Miles Safe Long Range, High Wind Resistance, Rainproof, Beginner Mode,DarkGrey",,,,$999.00,3.8,21,100+ bought in past month,https://www.amazon.com/Professional-Avoidance-Batteries-Resistance-Rainproof/dp/B0H19K3R7N/ref=sr_1_87?dib=eyJ2IjoiMSJ9.PHTm18AKerJpiu2Rezan-VbAF7gPE4lJNBP1QHKenMk3tbKZUkNy08zmi1gxqlMZJp6ScU7Sxc2aq5VFUn__Dm5CaolRrAW2HTjB3HbM4GrGP-hTtFvaJfPvTBvHTSrJEGdxuR4TfFQw-cPxPOelNR6sCnGYrtSvreIUx4JaVK1AFRwTC5BaKP1lnU4nTKbVFs7y_A4T7wohvk01sqlRovU33WHmGpq7Rbo1seAqPe-cfqNjYROG5_jZCWTxnPjPNdBTA-BGUbtSIntHX3Z0iSCKaP9b-BhP4NYcdFR7rnA.OcXGzPxYvD7Ka08vjNRFoanZQ6KHjukMMOaoEcjlwKk&dib_tag=se&keywords=drone&qid=1785811888&sr=8-87&xpid=RcpG2dJBJCW59,https://m.media-amazon.com/images/I/71RZWq2PQYL._AC_UL320_.jpg,drone
B0HBPY86F6,"1080P FPV Camera Drone with Optical Flow Hover, Foldable Starter Quadcopter with 2 Batteries, Carrying Case, Propeller Guards, Headless Mode, 3 Speeds, Easy Flight Drone for Beginners",,,,,,,,https://www.amazon.com/Foldable-Quadcopter-Batteries-Propeller-Beginners/dp/B0HBPY86F6/ref=sr_1_89?dib=eyJ2IjoiMSJ9.PHTm18AKerJpiu2Rezan-VbAF7gPE4lJNBP1QHKenMk3tbKZUkNy08zmi1gxqlMZJp6ScU7Sxc2aq5VFUn__Dm5CaolRrAW2HTjB3HbM4GrGP-hTtFvaJfPvTBvHTSrJEGdxuR4TfFQw-cPxPOelNR6sCnGYrtSvreIUx4JaVK1AFRwTC5BaKP1lnU4nTKbVFs7y_A4T7wohvk01sqlRovU33WHmGpq7Rbo1seAqPe-cfqNjYROG5_jZCWTxnPjPNdBTA-BGUbtSIntHX3Z0iSCKaP9b-BhP4NYcdFR7rnA.OcXGzPxYvD7Ka08vjNRFoanZQ6KHjukMMOaoEcjlwKk&dib_tag=se&keywords=drone&qid=1785811888&sr=8-89&xpid=RcpG2dJBJCW59,https://m.media-amazon.com/images/I/71YbfqHQRFL._AC_UL320_.jpg,drone
B0H725L466,"Drone with Camera LCD Screen RC FPV Drone with Brushless Motor Professional Live Video UHD, Drones for Adults Foldable Mini Quadcopter for Beginners, 360° Flips Support 32G SD Card MAX Under 250G Gifts",,,,$69.99,4.3,121,50+ bought in past month,https://www.amazon.com/Brushless-Professional-Foldable-Quadcopter-Beginners/dp/B0H725L466/ref=sr_1_75?dib=eyJ2IjoiMSJ9.PHTm18AKerJpiu2Rezan-VbAF7gPE4lJNBP1QHKenMk3tbKZUkNy08zmi1gxqlMZJp6ScU7Sxc2aq5VFUn__Dm5CaolRrAW2HTjB3HbM4GrGP-hTtFvaJfPvTBvHTSrJEGdxuR4TfFQw-cPxPOelNR6sCnGYrtSvreIUx4JaVK1AFRwTC5BaKP1lnU4nTKbVFs7y_A4T7wohvk01sqlRovU33WHmGpq7Rbo1seAqPe-cfqNjYROG5_jZCWTxnPjPNdBTA-BGUbtSIntHX3Z0iSCKaP9b-BhP4NYcdFR7rnA.OcXGzPxYvD7Ka08vjNRFoanZQ6KHjukMMOaoEcjlwKk&dib_tag=se&keywords=drone&qid=1785811888&sr=8-75&xpid=RcpG2dJBJCW59,https://m.media-amazon.com/images/I/61UuQvzK1tL._AC_UL320_.jpg,drone
B0FZB1B93C,"2K Drone with Camera for Adults, FPV Mini Drone | Brushless Motor, 36 Min Flight Time, 2 Batteries, One-Key Takeoff/Landing, Gesture Selfie, Foldable, for Adults & Beginners",,,,$43.99,4.4,165,400+ bought in past month,https://www.amazon.com/Battery-Batteries-Waypoint-Gestures-Beginners/dp/B0FZB1B93C/ref=sr_1_52?dib=eyJ2IjoiMSJ9.AvqpZ02C7FD0Iyyg_KSigu0GCtqUPCin-69ueNzMmdJsaqw_brU4ci_8FD5wmV2_BGH9IE-70DiO3h23J9IVarQxaWwROYWHsrf_DkRGX_u2fDA4woTTKd0b0dA-iNLToIRy--WucwYd9fropfHPijLFcHXofabQC1ZuE0W0qqslbMNzNVqosUtTqFfRWHxNka3NtcZyWbmFS3Xm5qxEZb7NXX5S5Ruve_tNwfqTqNVbo0KEVkxvwVAuFqWQE1mEKYD7697VIqRJN4w-yCOpIGYNQQpbi9taYIAAFOnCqYA.mArGjuEdmUwkPCBsGafteTznXKIvwgLxG0VGxBT8v98&dib_tag=se&keywords=drone&qid=1785831426&sr=8-52,https://m.media-amazon.com/images/I/71rnK1zDrtL._AC_UL320_.jpg,drone
B0GDDTF7CF,"Drone With Camera For Beginner,Build-in Screen,No Phone Needed,2 Batteries | With SD Card,Brushless Motor,Auto Hover,One Key Take Off/Land,360° Flips,Headless Mode",,,,$49.99,3.1,,100+ bought in past month,https://www.amazon.com/sspa/click?ie=UTF8&spc=MToxNzYxOTUxMTUxNDcyMjY5OjE3ODU4MDk2MzE6c3BfbXRmOjMwMTMyMDEwNjA1MTQwMjo6MDo6&url=%2FCamera-Beginner-Build-Screen-Batteries%2Fdp%2FB0GDDTF7CF%2Fref%3Dsr_1_76_sspa%3Fdib%3DeyJ2IjoiMSJ9.cwmi9D2GQ56DlnBuAs5TCKRvMFlx65VP3uDQlGiMNwnyHZRc-rbxHhwhknRoI2Oz3q-ToeUTfRqOFyjuF-RdoS81-E6aPIEue9B_h81oHx7NU9mxu3CI32R1vTGLKyHb0qsmi0JxHzFEOGTTGHMm-nn_PdpTfC94FWLJOESShBemQXzgcCqwNnc3qAsQgDE7q7uRkCYDaSPExK4pPonMVkbmole5rTYqSqslOWe1lo7DYP-anbuvl2cLop28tlda1f7Cpc3UGyTUpVdXga4bFgnESyBGiaZ1yWHIgJBDVJw.2gj8qkrd567VxrYt2mIBjGCMUwwFveUSKrYUIhsB73A%26dib_tag%3Dse%26keywords%3Ddrone%26qid%3D1785809631%26sr%3D8-76-spons%26xpid%3DitLqQDKSO6foN%26sp_csd%3Dd2lkZ2V0TmFtZT1zcF9tdGY%26psc%3D1,https://m.media-amazon.com/images/I/711HxCoAsYL._AC_UL320_.jpg,drone
B0HBC65SQP,"Drone with Camera, 1080P FPV Foldable Drone with Gestures Selfie, Waypoint Fly, 3D Flips for Adults Beginners Blue 1",,,,$19.99,,,,https://www.amazon.com/Camera-Foldable-Gestures-Waypoint-Beginners/dp/B0HBC65SQP/ref=sr_1_95?dib=eyJ2IjoiMSJ9.PHTm18AKerJpiu2Rezan-VbAF7gPE4lJNBP1QHKenMk3tbKZUkNy08zmi1gxqlMZJp6ScU7Sxc2aq5VFUn__Dm5CaolRrAW2HTjB3HbM4GrGP-hTtFvaJfPvTBvHTSrJEGdxuR4TfFQw-cPxPOelNR6sCnGYrtSvreIUx4JaVK1AFRwTC5BaKP1lnU4nTKbVFs7y_A4T7wohvk01sqlRovU33WHmGpq7Rbo1seAqPe-cfqNjYROG5_jZCWTxnPjPNdBTA-BGUbtSIntHX3Z0iSCKaP9b-BhP4NYcdFR7rnA.OcXGzPxYvD7Ka08vjNRFoanZQ6KHjukMMOaoEcjlwKk&dib_tag=se&keywords=drone&qid=1785811888&sr=8-95&xpid=RcpG2dJBJCW59,https://m.media-amazon.com/images/I/71drbF1AlkL._AC_UL320_.jpg,drone
B0HBC6WR74,"Drone with Camera, 1080P FPV Foldable Drone with Gestures Selfie, Waypoint Fly, 3D Flips for Adults Beginners Blue 2",,,,$19.99,,,,https://www.amazon.com/Camera-Foldable-Gestures-Waypoint-Beginners/dp/B0HBC6WR74/ref=sr_1_97?dib=eyJ2IjoiMSJ9.PHTm18AKerJpiu2Rezan-VbAF7gPE4lJNBP1QHKenMk3tbKZUkNy08zmi1gxqlMZJp6ScU7Sxc2aq5VFUn__Dm5CaolRrAW2HTjB3HbM4GrGP-hTtFvaJfPvTBvHTSrJEGdxuR4TfFQw-cPxPOelNR6sCnGYrtSvreIUx4JaVK1AFRwTC5BaKP1lnU4nTKbVFs7y_A4T7wohvk01sqlRovU33WHmGpq7Rbo1seAqPe-cfqNjYROG5_jZCWTxnPjPNdBTA-BGUbtSIntHX3Z0iSCKaP9b-BhP4NYcdFR7rnA.OcXGzPxYvD7Ka08vjNRFoanZQ6KHjukMMOaoEcjlwKk&dib_tag=se&keywords=drone&qid=1785811888&sr=8-97&xpid=RcpG2dJBJCW59,https://m.media-amazon.com/images/I/71drbF1AlkL._AC_UL320_.jpg,drone
B0GXWRKNK3,"DJI Matrice 4TD Quadcopter with RC Plus 2 Enterprise, Thermal, Wide & Tele Lenses, Laser Range Finder, Low-Noise Anti-Ice Propellers, IP55",DJI,,,,5.0,2,,https://www.amazon.com/DJI-Quadcopter-Enterprise-Low-Noise-Propellers/dp/B0GXWRKNK3/ref=sr_1_98?dib=eyJ2IjoiMSJ9.PHTm18AKerJpiu2Rezan-VbAF7gPE4lJNBP1QHKenMk3tbKZUkNy08zmi1gxqlMZJp6ScU7Sxc2aq5VFUn__Dm5CaolRrAW2HTjB3HbM4GrGP-hTtFvaJfPvTBvHTSrJEGdxuR4TfFQw-cPxPOelNR6sCnGYrtSvreIUx4JaVK1AFRwTC5BaKP1lnU4nTKbVFs7y_A4T7wohvk01sqlRovU33WHmGpq7Rbo1seAqPe-cfqNjYROG5_jZCWTxnPjPNdBTA-BGUbtSIntHX3Z0iSCKaP9b-BhP4NYcdFR7rnA.OcXGzPxYvD7Ka08vjNRFoanZQ6KHjukMMOaoEcjlwKk&dib_tag=se&keywords=drone&qid=1785811888&sr=8-98&xpid=RcpG2dJBJCW59,https://m.media-amazon.com/images/I/5125FFFOnXL._AC_UL320_.jpg,drone
B0FD43JQT3,"Specta Mini Drone with Camera 4K for Adults, 32800ft FPV Transmission, Easy to Fly, 3 Aixs Gimbal, 31-Min Flight, 4K/30fps, Under 249g Portable Drone for Beginners",,,,$199.00,4.1,197,200+ bought in past month,https://www.amazon.com/Specta-32800ft-Transmission-Portable-Beginners/dp/B0FD43JQT3/ref=sr_1_39?dib=eyJ2IjoiMSJ9.AvqpZ02C7FD0Iyyg_KSigu0GCtqUPCin-69ueNzMmdJsaqw_brU4ci_8FD5wmV2_BGH9IE-70DiO3h23J9IVarQxaWwROYWHsrf_DkRGX_u2fDA4woTTKd0b0dA-iNLToIRy--WucwYd9fropfHPijLFcHXofabQC1ZuE0W0qqslbMNzNVqosUtTqFfRWHxNka3NtcZyWbmFS3Xm5qxEZb7NXX5S5Ruve_tNwfqTqNVbo0KEVkxvwVAuFqWQE1mEKYD7697VIqRJN4w-yCOpIGYNQQpbi9taYIAAFOnCqYA.mArGjuEdmUwkPCBsGafteTznXKIvwgLxG0VGxBT8v98&dib_tag=se&keywords=drone&qid=1785831426&sr=8-39,https://m.media-amazon.com/images/I/61RQr1EZFyL._AC_UL320_.jpg,drone
B0H8VTKLYR,"VR FPV Drone with HD Camera and VR Goggles Kit, High-Performance Brushless Motor RC Quadcopter with Remote Controller, Optical Flow Positioning for Stable Hover, Full Propeller Guard Collision-Resistant Structure, Easy to Fly Indoor Outdoor Video Drone Hobby for Adults, Beginners and Starters",,,,$109.99,5.0,2,,https://www.amazon.com/High-Performance-Quadcopter-Controller-Positioning-Collision-Resistant/dp/B0H8VTKLYR/ref=sr_1_86?dib=eyJ2IjoiMSJ9.PHTm18AKerJpiu2Rezan-VbAF7gPE4lJNBP1QHKenMk3tbKZUkNy08zmi1gxqlMZJp6ScU7Sxc2aq5VFUn__Dm5CaolRrAW2HTjB3HbM4GrGP-hTtFvaJfPvTBvHTSrJEGdxuR4TfFQw-cPxPOelNR6sCnGYrtSvreIUx4JaVK1AFRwTC5BaKP1lnU4nTKbVFs7y_A4T7wohvk01sqlRovU33WHmGpq7Rbo1seAqPe-cfqNjYROG5_jZCWTxnPjPNdBTA-BGUbtSIntHX3Z0iSCKaP9b-BhP4NYcdFR7rnA.OcXGzPxYvD7Ka08vjNRFoanZQ6KHjukMMOaoEcjlwKk&dib_tag=se&keywords=drone&qid=1785811888&sr=8-86&xpid=RcpG2dJBJCW59,https://m.media-amazon.com/images/I/61uBQLyZ4mL._AC_UL320_.jpg,drone
B0HBC8T2D9,"Drone with Camera, 1080P FPV Foldable Drone with Gestures Selfie, Waypoint Fly, 3D Flips for Adults Beginners Blue 4",,,,$19.99,,,,https://www.amazon.com/Camera-Foldable-Gestures-Waypoint-Beginners/dp/B0HBC8T2D9/ref=sr_1_92?dib=eyJ2IjoiMSJ9.PHTm18AKerJpiu2Rezan-VbAF7gPE4lJNBP1QHKenMk3tbKZUkNy08zmi1gxqlMZJp6ScU7Sxc2aq5VFUn__Dm5CaolRrAW2HTjB3HbM4GrGP-hTtFvaJfPvTBvHTSrJEGdxuR4TfFQw-cPxPOelNR6sCnGYrtSvreIUx4JaVK1AFRwTC5BaKP1lnU4nTKbVFs7y_A4T7wohvk01sqlRovU33WHmGpq7Rbo1seAqPe-cfqNjYROG5_jZCWTxnPjPNdBTA-BGUbtSIntHX3Z0iSCKaP9b-BhP4NYcdFR7rnA.OcXGzPxYvD7Ka08vjNRFoanZQ6KHjukMMOaoEcjlwKk&dib_tag=se&keywords=drone&qid=1785811888&sr=8-92&xpid=RcpG2dJBJCW59,https://m.media-amazon.com/images/I/71drbF1AlkL._AC_UL320_.jpg,drone
B0HBBYCY97,"Drone with Camera, 1080P FPV Foldable Drone with Gestures Selfie, Waypoint Fly, 3D Flips for Adults Beginners Blue 7",,,,$19.99,,,,https://www.amazon.com/Camera-Foldable-Gestures-Waypoint-Beginners/dp/B0HBBYCY97/ref=sr_1_93?dib=eyJ2IjoiMSJ9.PHTm18AKerJpiu2Rezan-VbAF7gPE4lJNBP1QHKenMk3tbKZUkNy08zmi1gxqlMZJp6ScU7Sxc2aq5VFUn__Dm5CaolRrAW2HTjB3HbM4GrGP-hTtFvaJfPvTBvHTSrJEGdxuR4TfFQw-cPxPOelNR6sCnGYrtSvreIUx4JaVK1AFRwTC5BaKP1lnU4nTKbVFs7y_A4T7wohvk01sqlRovU33WHmGpq7Rbo1seAqPe-cfqNjYROG5_jZCWTxnPjPNdBTA-BGUbtSIntHX3Z0iSCKaP9b-BhP4NYcdFR7rnA.OcXGzPxYvD7Ka08vjNRFoanZQ6KHjukMMOaoEcjlwKk&dib_tag=se&keywords=drone&qid=1785811888&sr=8-93&xpid=RcpG2dJBJCW59,https://m.media-amazon.com/images/I/7182uAfu5aL._AC_UL320_.jpg,drone
B0C1N7Z2ND,"Holy Stone GPS Drone with 4K UHD Camera for Adults Beginner; HS360S 249g Foldable FPV RC Quadcopter with 10000 Feet Control Range, Brushless Motor, Follow Me, Smart Return Home, 5G Transmission",Holy Stone,,,$152.98,4.2,2780,200+ bought in past month,https://www.amazon.com/Holy-Stone-Quadcopter-Brushless-Transmission/dp/B0C1N7Z2ND/ref=sr_1_61?dib=eyJ2IjoiMSJ9.yhJmkx3Yw-gjTeJ8C7axuHwD25Z3iKpT2rTS8bKMpwpDe7WZZ6iZhckY-hVGdAIqDGlD8w9Ub6pRXq-u9mzRwuGYL3mq7TI_h_0_6vzu8nW_WdXh6qu7fZRMLcsi9gQRUdImQeN0uEHQX9NJ3jIT19s0EBHkXzLiPq4TXfCPVbNyDEgnDgQge1j3vAkrQdYSY9tbMmPqZdwlIHM6lEguLEc1zAjTN1EDLAp92wIBBesa8W5-rmpROHoDPNsNh4TSiYN40SApsCf-5eKqxCRU5AIxI1CjcLPhY0o-cawgbNI.Zyrx1DrnhjGOZ4VqUwObkyqwW58WINwqccGpezZ74aA&dib_tag=se&keywords=drone&qid=1785811598&sr=8-61,https://m.media-amazon.com/images/I/615bU-YEKvL._AC_UL320_.jpg,drone
B07PBD6J2W,"Holy Stone Mini Drone for Kids and Beginners RC Nano Quadcopter Indoor Small Helicopter Plane with Auto Hovering, 3D Flips, Headless Mode and 3 Batteries, Great Gift Toy for Boys and Girls, HS210 Blue",Holy Stone,,,$39.99,4.2,16084,500+ bought in past month,https://www.amazon.com/Holy-Stone-Beginners-Quadcopter-Helicopter/dp/B07PBD6J2W/ref=sr_1_99?dib=eyJ2IjoiMSJ9.PHTm18AKerJpiu2Rezan-VbAF7gPE4lJNBP1QHKenMk3tbKZUkNy08zmi1gxqlMZJp6ScU7Sxc2aq5VFUn__Dm5CaolRrAW2HTjB3HbM4GrGP-hTtFvaJfPvTBvHTSrJEGdxuR4TfFQw-cPxPOelNR6sCnGYrtSvreIUx4JaVK1AFRwTC5BaKP1lnU4nTKbVFs7y_A4T7wohvk01sqlRovU33WHmGpq7Rbo1seAqPe-cfqNjYROG5_jZCWTxnPjPNdBTA-BGUbtSIntHX3Z0iSCKaP9b-BhP4NYcdFR7rnA.OcXGzPxYvD7Ka08vjNRFoanZQ6KHjukMMOaoEcjlwKk&dib_tag=se&keywords=drone&qid=1785811888&sr=8-99&xpid=RcpG2dJBJCW59,https://m.media-amazon.com/images/I/71OTo--ge7L._AC_UL320_.jpg,drone
B0GR5WY335,"GPS Drone with Camera for Adults, 2K FPV Drone with 4.5"" Screen Remote Controller, Brushless Motor, Auto Return, Follow Me, Tap Fly & Circle Fly, Long Flight Time Foldable Quadcopter for Beginners",,,,$105.99,4.2,1250,100+ bought in past month,https://www.amazon.com/Controller-Brushless-Foldable-Quadcopter-Beginners/dp/B0GR5WY335/ref=sr_1_59?dib=eyJ2IjoiMSJ9.PHTm18AKerJpiu2Rezan-VbAF7gPE4lJNBP1QHKenMk3tbKZUkNy08zmi1gxqlMZJp6ScU7Sxc2aq5VFUn__Dm5CaolRrAW2HTjB3HbM4GrGP-hTtFvaJfPvTBvHTSrJEGdxuR4TfFQw-cPxPOelNR6sCnGYrtSvreIUx4JaVK1AFRwTC5BaKP1lnU4nTKbVFs7y_A4T7wohvk01sqlRovU33WHmGpq7Rbo1seAqPe-cfqNjYROG5_jZCWTxnPjPNdBTA-BGUbtSIntHX3Z0iSCKaP9b-BhP4NYcdFR7rnA.OcXGzPxYvD7Ka08vjNRFoanZQ6KHjukMMOaoEcjlwKk&dib_tag=se&keywords=drone&qid=1785811888&sr=8-59&xpid=RcpG2dJBJCW59,https://m.media-amazon.com/images/I/71pvNtZ8lyL._AC_UL320_.jpg,drone
B0HBBYBXYP,"Drone with Camera, 1080P FPV Foldable Drone with Gestures Selfie, Waypoint Fly, 3D Flips for Adults Beginners Blue 5",,,,$19.99,,,,https://www.amazon.com/Camera-Foldable-Gestures-Waypoint-Beginners/dp/B0HBBYBXYP/ref=sr_1_94?dib=eyJ2IjoiMSJ9.PHTm18AKerJpiu2Rezan-VbAF7gPE4lJNBP1QHKenMk3tbKZUkNy08zmi1gxqlMZJp6ScU7Sxc2aq5VFUn__Dm5CaolRrAW2HTjB3HbM4GrGP-hTtFvaJfPvTBvHTSrJEGdxuR4TfFQw-cPxPOelNR6sCnGYrtSvreIUx4JaVK1AFRwTC5BaKP1lnU4nTKbVFs7y_A4T7wohvk01sqlRovU33WHmGpq7Rbo1seAqPe-cfqNjYROG5_jZCWTxnPjPNdBTA-BGUbtSIntHX3Z0iSCKaP9b-BhP4NYcdFR7rnA.OcXGzPxYvD7Ka08vjNRFoanZQ6KHjukMMOaoEcjlwKk&dib_tag=se&keywords=drone&qid=1785811888&sr=8-94&xpid=RcpG2dJBJCW59,https://m.media-amazon.com/images/I/71drbF1AlkL._AC_UL320_.jpg,drone
B0GYYLLHSD,"2650 ft Control Range 4K Drone with Camera for Beginners–84 min Flight Time 3 Batteries, WiFi Quadcopter Brushless Motor, Auto Hover, Follow Me",,,,$89.99,,,,https://www.amazon.com/Control-Beginners-84-Batteries-Quadcopter-Brushless/dp/B0GYYLLHSD/ref=sr_1_61?dib=eyJ2IjoiMSJ9.AvqpZ02C7FD0Iyyg_KSigu0GCtqUPCin-69ueNzMmdJsaqw_brU4ci_8FD5wmV2_BGH9IE-70DiO3h23J9IVarQxaWwROYWHsrf_DkRGX_u2fDA4woTTKd0b0dA-iNLToIRy--WucwYd9fropfHPijLFcHXofabQC1ZuE0W0qqslbMNzNVqosUtTqFfRWHxNka3NtcZyWbmFS3Xm5qxEZb7NXX5S5Ruve_tNwfqTqNVbo0KEVkxvwVAuFqWQE1mEKYD7697VIqRJN4w-yCOpIGYNQQpbi9taYIAAFOnCqYA.mArGjuEdmUwkPCBsGafteTznXKIvwgLxG0VGxBT8v98&dib_tag=se&keywords=drone&qid=1785831426&sr=8-61,https://m.media-amazon.com/images/I/71OeMjuqbuL._AC_UL320_.jpg,drone
B0GV311HT8,"4K UHD GPS Drone with Camera for Adults N11 Pro, 90 Min 3 Battery Long Flight Time, Auto Return, Follow Me, Long Control Range, Brushless Motor, 5G FPV RC Quadcopter for Beginners",,,,$109.99,4.7,74,300+ bought in past month,https://www.amazon.com/Battery-Control-Brushless-Quadcopter-Beginners/dp/B0GV311HT8/ref=sr_1_67?dib=eyJ2IjoiMSJ9.PHTm18AKerJpiu2Rezan-VbAF7gPE4lJNBP1QHKenMk3tbKZUkNy08zmi1gxqlMZJp6ScU7Sxc2aq5VFUn__Dm5CaolRrAW2HTjB3HbM4GrGP-hTtFvaJfPvTBvHTSrJEGdxuR4TfFQw-cPxPOelNR6sCnGYrtSvreIUx4JaVK1AFRwTC5BaKP1lnU4nTKbVFs7y_A4T7wohvk01sqlRovU33WHmGpq7Rbo1seAqPe-cfqNjYROG5_jZCWTxnPjPNdBTA-BGUbtSIntHX3Z0iSCKaP9b-BhP4NYcdFR7rnA.OcXGzPxYvD7Ka08vjNRFoanZQ6KHjukMMOaoEcjlwKk&dib_tag=se&keywords=drone&qid=1785811888&sr=8-67&xpid=RcpG2dJBJCW59,https://m.media-amazon.com/images/I/71iVjhs7rOL._AC_UL320_.jpg,drone
B0GD5S36CR,"Autel Robotics EVO Lite 640T Enterprise Bundle, 866g Lightweight | 640x512 T~hermal&1/2'' CMOS 48MP V~isible C-a-mera, 1-16x Digital Zoom, AI Target Recognition, 40Min, 12KM Transmission",Autel,,,"$3,579.00",4.0,5,,https://www.amazon.com/Autel-Enterprise-Recognition-Transmission-Lightweight/dp/B0GD5S36CR/ref=sr_1_100?dib=eyJ2IjoiMSJ9.PHTm18AKerJpiu2Rezan-VbAF7gPE4lJNBP1QHKenMk3tbKZUkNy08zmi1gxqlMZJp6ScU7Sxc2aq5VFUn__Dm5CaolRrAW2HTjB3HbM4GrGP-hTtFvaJfPvTBvHTSrJEGdxuR4TfFQw-cPxPOelNR6sCnGYrtSvreIUx4JaVK1AFRwTC5BaKP1lnU4nTKbVFs7y_A4T7wohvk01sqlRovU33WHmGpq7Rbo1seAqPe-cfqNjYROG5_jZCWTxnPjPNdBTA-BGUbtSIntHX3Z0iSCKaP9b-BhP4NYcdFR7rnA.OcXGzPxYvD7Ka08vjNRFoanZQ6KHjukMMOaoEcjlwKk&dib_tag=se&keywords=drone&qid=1785811888&sr=8-100&xpid=RcpG2dJBJCW59,https://m.media-amazon.com/images/I/71-dVgEifqL._AC_UL320_.jpg,drone
B0H6D2V2RN,"V168 Pro MAX GPS Drones with Camera for Adults 4K, RC Drone with 4.5"" HD Screen on Controller, 60 Mins Flight, Long Range Transmission, 360° Obstacle Avoidance, Follow Me, Auto Return, Brushless Motor, QuickShots, Lightweight and Foldable Quadcopter for Beginner Toy Gifts",,,,$159.99,4.6,16,50+ bought in past month,https://www.amazon.com/Controller-Transmission-QuickShots-Lightweight-Quadcopter/dp/B0H6D2V2RN/ref=sr_1_58?dib=eyJ2IjoiMSJ9.AvqpZ02C7FD0Iyyg_KSigu0GCtqUPCin-69ueNzMmdJsaqw_brU4ci_8FD5wmV2_BGH9IE-70DiO3h23J9IVarQxaWwROYWHsrf_DkRGX_u2fDA4woTTKd0b0dA-iNLToIRy--WucwYd9fropfHPijLFcHXofabQC1ZuE0W0qqslbMNzNVqosUtTqFfRWHxNka3NtcZyWbmFS3Xm5qxEZb7NXX5S5Ruve_tNwfqTqNVbo0KEVkxvwVAuFqWQE1mEKYD7697VIqRJN4w-yCOpIGYNQQpbi9taYIAAFOnCqYA.mArGjuEdmUwkPCBsGafteTznXKIvwgLxG0VGxBT8v98&dib_tag=se&keywords=drone&qid=1785831426&sr=8-58,https://m.media-amazon.com/images/I/61rJK444HoL._AC_UL320_.jpg,drone
B0H14VVD7B,"PRO Drone with Camera for Adults 4K, Brushless Motors Drone for Kids Beginners, 40mins Flight Time with 2 Batteries, FPV Foldable RC Quadcopter, Toys Gifts for Teen Boys Girls, Beginner (Grey)",,,,$49.98,4.0,123,500+ bought in past month,https://www.amazon.com/ASFSFQ-Brushless-Beginners-Batteries-Quadcopter/dp/B0H14VVD7B/ref=sr_1_91?dib=eyJ2IjoiMSJ9.PHTm18AKerJpiu2Rezan-VbAF7gPE4lJNBP1QHKenMk3tbKZUkNy08zmi1gxqlMZJp6ScU7Sxc2aq5VFUn__Dm5CaolRrAW2HTjB3HbM4GrGP-hTtFvaJfPvTBvHTSrJEGdxuR4TfFQw-cPxPOelNR6sCnGYrtSvreIUx4JaVK1AFRwTC5BaKP1lnU4nTKbVFs7y_A4T7wohvk01sqlRovU33WHmGpq7Rbo1seAqPe-cfqNjYROG5_jZCWTxnPjPNdBTA-BGUbtSIntHX3Z0iSCKaP9b-BhP4NYcdFR7rnA.OcXGzPxYvD7Ka08vjNRFoanZQ6KHjukMMOaoEcjlwKk&dib_tag=se&keywords=drone&qid=1785811888&sr=8-91&xpid=RcpG2dJBJCW59,https://m.media-amazon.com/images/I/71uRA2-wy9L._AC_UL320_.jpg,drone
B0FX9RW37B,"FPV Drone with Camera 4K for Adults,Big Screen on Remote Controller,2 pcs Batteries and Carrying Case,Gift for Men,Easy Fly Quadcopter for Beginners with Optical Flow Positioning",,,,$119.99,4.0,137,50+ bought in past month,https://www.amazon.com/Controller-Batteries-Quadcopter-Beginners-Positioning/dp/B0FX9RW37B/ref=sr_1_79?dib=eyJ2IjoiMSJ9.PHTm18AKerJpiu2Rezan-VbAF7gPE4lJNBP1QHKenMk3tbKZUkNy08zmi1gxqlMZJp6ScU7Sxc2aq5VFUn__Dm5CaolRrAW2HTjB3HbM4GrGP-hTtFvaJfPvTBvHTSrJEGdxuR4TfFQw-cPxPOelNR6sCnGYrtSvreIUx4JaVK1AFRwTC5BaKP1lnU4nTKbVFs7y_A4T7wohvk01sqlRovU33WHmGpq7Rbo1seAqPe-cfqNjYROG5_jZCWTxnPjPNdBTA-BGUbtSIntHX3Z0iSCKaP9b-BhP4NYcdFR7rnA.OcXGzPxYvD7Ka08vjNRFoanZQ6KHjukMMOaoEcjlwKk&dib_tag=se&keywords=drone&qid=1785811888&sr=8-79&xpid=RcpG2dJBJCW59,https://m.media-amazon.com/images/I/71BCDJ4-miL._AC_UL320_.jpg,drone
B0GGB37V49,"Ruko F11PRO 2 Plus Drone with 48MP Camera, 8K Photo, Tech Gift for Adult | Clear Night Shots, 74 Mins Flight Time (2 Batteries), 3-Axis Gimbal Stabilizer, 20,000ft Transmission, Beginner-Friendly",Ruko,,,$619.99,4.5,1063,100+ bought in past month,https://www.amazon.com/Ruko-F11PRO-Drone-Camera-Photo/dp/B0GGB37V49/ref=sr_1_88?dib=eyJ2IjoiMSJ9.PHTm18AKerJpiu2Rezan-VbAF7gPE4lJNBP1QHKenMk3tbKZUkNy08zmi1gxqlMZJp6ScU7Sxc2aq5VFUn__Dm5CaolRrAW2HTjB3HbM4GrGP-hTtFvaJfPvTBvHTSrJEGdxuR4TfFQw-cPxPOelNR6sCnGYrtSvreIUx4JaVK1AFRwTC5BaKP1lnU4nTKbVFs7y_A4T7wohvk01sqlRovU33WHmGpq7Rbo1seAqPe-cfqNjYROG5_jZCWTxnPjPNdBTA-BGUbtSIntHX3Z0iSCKaP9b-BhP4NYcdFR7rnA.OcXGzPxYvD7Ka08vjNRFoanZQ6KHjukMMOaoEcjlwKk&dib_tag=se&keywords=drone&qid=1785811888&sr=8-88&xpid=RcpG2dJBJCW59,https://m.media-amazon.com/images/I/716caexUoiL._AC_UL320_.jpg,drone
B0H4LP4Q9X,"4K UHD GPS Drone (Equipped with dual cameras), Foldable Drone, small-scale Drone Control Quadcopter With Height Setting Function, Six-pass Gyroscope, Gesture Photo, Video Recording, Headless Mode, Emergency Stop, Trajectory Gravity Sensing, and Auto-photography for Adults and Teenager(60 minutes flight time)",,,,$99.97,5.0,14,50+ bought in past month,https://www.amazon.com/small-scale-Quadcopter-Gyroscope-Trajectory-Auto-photography/dp/B0H4LP4Q9X/ref=sr_1_77?dib=eyJ2IjoiMSJ9.PHTm18AKerJpiu2Rezan-VbAF7gPE4lJNBP1QHKenMk3tbKZUkNy08zmi1gxqlMZJp6ScU7Sxc2aq5VFUn__Dm5CaolRrAW2HTjB3HbM4GrGP-hTtFvaJfPvTBvHTSrJEGdxuR4TfFQw-cPxPOelNR6sCnGYrtSvreIUx4JaVK1AFRwTC5BaKP1lnU4nTKbVFs7y_A4T7wohvk01sqlRovU33WHmGpq7Rbo1seAqPe-cfqNjYROG5_jZCWTxnPjPNdBTA-BGUbtSIntHX3Z0iSCKaP9b-BhP4NYcdFR7rnA.OcXGzPxYvD7Ka08vjNRFoanZQ6KHjukMMOaoEcjlwKk&dib_tag=se&keywords=drone&qid=1785811888&sr=8-77&xpid=RcpG2dJBJCW59,https://m.media-amazon.com/images/I/71uGVwejn6L._AC_UL320_.jpg,drone
B0F18C5HMC,"SYMA X100 Indoor Drone for Kids 8-12, Obstacle Avoidance, Full Guard | 20-Min Flight with 2 Batteries, One-key 360° Flips, Altitude Hold and Full Propeller Guard for Safe Indoor Flying",Syma,,,$44.99,4.4,918,200+ bought in past month,https://www.amazon.com/SYMA-Automatic-Avoidance-Batteries-360%C2%B0Flips/dp/B0F18C5HMC/ref=sr_1_102?dib=eyJ2IjoiMSJ9.PHTm18AKerJpiu2Rezan-VbAF7gPE4lJNBP1QHKenMk3tbKZUkNy08zmi1gxqlMZJp6ScU7Sxc2aq5VFUn__Dm5CaolRrAW2HTjB3HbM4GrGP-hTtFvaJfPvTBvHTSrJEGdxuR4TfFQw-cPxPOelNR6sCnGYrtSvreIUx4JaVK1AFRwTC5BaKP1lnU4nTKbVFs7y_A4T7wohvk01sqlRovU33WHmGpq7Rbo1seAqPe-cfqNjYROG5_jZCWTxnPjPNdBTA-BGUbtSIntHX3Z0iSCKaP9b-BhP4NYcdFR7rnA.OcXGzPxYvD7Ka08vjNRFoanZQ6KHjukMMOaoEcjlwKk&dib_tag=se&keywords=drone&qid=1785811888&sr=8-102&xpid=RcpG2dJBJCW59,https://m.media-amazon.com/images/I/711iBZ3n-uL._AC_UL320_.jpg,drone
B0DWMGJFLL,"Autel Robotics EVO II Dual 640T Enterprise V3 w/Strobe/Spotlight/Loudspeak | 640*512 30Hz T~hermal&8"" RYYB CMOS Sensor,10 Color Schemes, 4X lossless Zoom, 42 Min,15KM, Support Remote ID",Autel,,,"$4,599.00",3.8,11,,https://www.amazon.com/Autel-Enterprise-Transmission-Spotlight-Loudspeaker/dp/B0DWMGJFLL/ref=sr_1_101?dib=eyJ2IjoiMSJ9.PHTm18AKerJpiu2Rezan-VbAF7gPE4lJNBP1QHKenMk3tbKZUkNy08zmi1gxqlMZJp6ScU7Sxc2aq5VFUn__Dm5CaolRrAW2HTjB3HbM4GrGP-hTtFvaJfPvTBvHTSrJEGdxuR4TfFQw-cPxPOelNR6sCnGYrtSvreIUx4JaVK1AFRwTC5BaKP1lnU4nTKbVFs7y_A4T7wohvk01sqlRovU33WHmGpq7Rbo1seAqPe-cfqNjYROG5_jZCWTxnPjPNdBTA-BGUbtSIntHX3Z0iSCKaP9b-BhP4NYcdFR7rnA.OcXGzPxYvD7Ka08vjNRFoanZQ6KHjukMMOaoEcjlwKk&dib_tag=se&keywords=drone&qid=1785811888&sr=8-101&xpid=RcpG2dJBJCW59,https://m.media-amazon.com/images/I/71vMkwXtXAL._AC_UL320_.jpg,drone
B0CBLQDJ98,"Potensic ATOM SE GPS Drone with 4K EIS Camera, Under 249g, 93 Mins Flight, 4KM FPV Transmission, Brushless Motor, Max Speed 16m/s, 60W Fast Parallel Charging Hub, Fly More Combo",Potensic,,atom se,$279.99,4.4,6705,100+ bought in past month,https://www.amazon.com/Potensic-Transmission-Brushless-Parallel-Charging/dp/B0CBLQDJ98/ref=sr_1_11?dib=eyJ2IjoiMSJ9.KWlsY3AlJ2mYXPtUnXTL5GoAu6U6QLukCrtv21z3-K7Pv-rw-_XnJswMKWSnt6O5rqoVvfD7lrdw37tDTQe2wG8fHQbDMaByitQHAsMNsD-8d-xXlia0D_6vvlQsusoz41bkaAFFH4mAN_JAfm1GSL73CydYp4qCxjR3t_xZSueMSRaI2QxeRYNYZMGwgvDlmIuOyfMqonf5IayNb84Ht70x1sUTJDbnaEDGv0DGE1Uq4HFYSbGA7VzDbP5yjcneNO4MmAhCLx2xnA3E6bwH95-JclHDPglALE4pHeeed04.7fR43qGeXT7MOavwLcKkeB_y6tcfBdCvYP7PNtgQMQE&dib_tag=se&keywords=drone&qid=1785833407&sr=8-11,https://m.media-amazon.com/images/I/61l8VATjG8L._AC_UL320_.jpg,drone
B0GXX5J2YX,"DJI Inspire 3 Professional Cinema Drone Combo with Zenmuse X9-8K Air Gimbal Camera, RC Plus Controller, 6x TB51 Intelligent Batteries, 1TB PROSSD, and Trolley Case",DJI,,,,,,,https://www.amazon.com/DJI-Professional-Controller-Intelligent-Batteries/dp/B0GXX5J2YX/ref=sr_1_72?dib=eyJ2IjoiMSJ9.sZorxPVVNeNfF-Y0VEPJljIBHCjdqHX1MexPhWHLCg6hU5TT1nAxU83jXreVfJb_Oknfp41VMYyfjqLIjsXEsoiApvssEfC2REqzRml6NHIniE9qBO2Mwkya3jGB2XeOFkVGz8lgE-MvZSDACLSTjGBcVzOusNCxsffpBLev29QCJJ0oB8j7VeBfZC2kky_bQRZelui3RCC4TwCDHphxBxWRBzqtjuD6K9sbh4eArfM3kAsxR5envhtSvIQI9noefkZ9Ahxzwc524nTO569Cjk-byc8NY77WXJCN9BA5HhA.UrL8zU8Af3fJK6MRKCkE0chC2j5-23QckhGnJbp1wjg&dib_tag=se&keywords=drone&qid=1785833582&sr=8-72&xpid=fI2lm0uQBk0DG,https://m.media-amazon.com/images/I/513+NAxZcUL._AC_UL320_.jpg,drone
B0F13PRVR8,"Ruko Drone with Camera for Adults 4K Video & 8K Photo, 96 Mins Flight Time | 20000FT Transmission, 3-Axis Brushless Gimbal, 249g FAA-Exempt, GPS with Beeper, Auto Return, GPS Follow, Beginner Friendly",Ruko,,,$299.98,4.4,286,100+ bought in past month,https://www.amazon.com/Ruko-U11MINI-20000ft-Transmission-Beginner/dp/B0F13PRVR8/ref=sr_1_53?dib=eyJ2IjoiMSJ9.AvqpZ02C7FD0Iyyg_KSigu0GCtqUPCin-69ueNzMmdJsaqw_brU4ci_8FD5wmV2_BGH9IE-70DiO3h23J9IVarQxaWwROYWHsrf_DkRGX_u2fDA4woTTKd0b0dA-iNLToIRy--WucwYd9fropfHPijLFcHXofabQC1ZuE0W0qqslbMNzNVqosUtTqFfRWHxNka3NtcZyWbmFS3Xm5qxEZb7NXX5S5Ruve_tNwfqTqNVbo0KEVkxvwVAuFqWQE1mEKYD7697VIqRJN4w-yCOpIGYNQQpbi9taYIAAFOnCqYA.mArGjuEdmUwkPCBsGafteTznXKIvwgLxG0VGxBT8v98&dib_tag=se&keywords=drone&qid=1785831426&sr=8-53,https://m.media-amazon.com/images/I/71E5ZdOxJAL._AC_UL320_.jpg,drone
B07FCSMWKL,FAA Part 107 Drone Exam AudioLearn: Complete Audio Review for the Remote Pilot Certification Exam,,,,$0.00,4.4,38,,https://www.amazon.com/Part-Drone-Exam-AudioLearn-Certification/dp/B07FCSMWKL/ref=sr_1_57?dib=eyJ2IjoiMSJ9.qTTIMxTfffYl5WCagiODk2F8Xm3-IwL8Zz_q5jFMwfezcwVVoBHiuu6CQxgRHktm8UeIpN8LTs9J70vev7RCvw.l02xUO_HqX1H5tD242f18O-vJtTzSNR7ZnKNtwp7-H8&dib_tag=se&keywords=drone&qid=1785833582&sr=8-57&xpid=fI2lm0uQBk0DG,https://m.media-amazon.com/images/I/A1tuBM6uQWL._AC_UL320_.jpg,drone
B0G48TTQHQ,"Drone for Kids with Camera, Foldable RC Quadcopter with 4.5"" Remote Screen, Brushless Motor, Optical Flow Hover, Adjustable Camera, 360° Flip, Gesture Photo/Video, One Key Start/Land, Birthday Gift Toy",,,,$87.99,4.2,28,100+ bought in past month,https://www.amazon.com/Foldable-Quadcopter-Brushless-Adjustable-Birthday/dp/B0G48TTQHQ/ref=sr_1_103?dib=eyJ2IjoiMSJ9.PHTm18AKerJpiu2Rezan-VbAF7gPE4lJNBP1QHKenMk3tbKZUkNy08zmi1gxqlMZJp6ScU7Sxc2aq5VFUn__Dm5CaolRrAW2HTjB3HbM4GrGP-hTtFvaJfPvTBvHTSrJEGdxuR4TfFQw-cPxPOelNR6sCnGYrtSvreIUx4JaVK1AFRwTC5BaKP1lnU4nTKbVFs7y_A4T7wohvk01sqlRovU33WHmGpq7Rbo1seAqPe-cfqNjYROG5_jZCWTxnPjPNdBTA-BGUbtSIntHX3Z0iSCKaP9b-BhP4NYcdFR7rnA.OcXGzPxYvD7Ka08vjNRFoanZQ6KHjukMMOaoEcjlwKk&dib_tag=se&keywords=drone&qid=1785811888&sr=8-103&xpid=RcpG2dJBJCW59,https://m.media-amazon.com/images/I/71KwqXhr2IL._AC_UL320_.jpg,drone
B0G4SK8FY7,DJI DJI Matrice 4TD (No Care),DJI,,,"$7,640.00",,,,https://www.amazon.com/DJI-Matrice-4TD-No-Care/dp/B0G4SK8FY7/ref=sr_1_109?dib=eyJ2IjoiMSJ9.PHTm18AKerJpiu2Rezan-VbAF7gPE4lJNBP1QHKenMk3tbKZUkNy08zmi1gxqlMZJp6ScU7Sxc2aq5VFUn__Dm5CaolRrAW2HTjB3HbM4GrGP-hTtFvaJfPvTBvHTSrJEGdxuR4TfFQw-cPxPOelNR6sCnGYrtSvreIUx4JaVK1AFRwTC5BaKP1lnU4nTKbVFs7y_A4T7wohvk01sqlRovU33WHmGpq7Rbo1seAqPe-cfqNjYROG5_jZCWTxnPjPNdBTA-BGUbtSIntHX3Z0iSCKaP9b-BhP4NYcdFR7rnA.OcXGzPxYvD7Ka08vjNRFoanZQ6KHjukMMOaoEcjlwKk&dib_tag=se&keywords=drone&qid=1785811888&sr=8-109&xpid=RcpG2dJBJCW59,https://m.media-amazon.com/images/I/51yQJmsJVuL._AC_UL320_.jpg,drone
B0GV432RCL,"2650 ft Control Range 4K Drone with Camera for Beginners–84 min Flight Time, WiFi Quadcopter Brushless Motor, Auto Hover, Follow Me (3 Batteries)",,,,$89.99,3.7,,100+ bought in past month,https://www.amazon.com/Control-Beginners-84-Quadcopter-Brushless-Batteries/dp/B0GV432RCL/ref=sr_1_137?dib=eyJ2IjoiMSJ9.i2xTQHCS88ARDUVgj4T2WWMRgUrGhZn8ZVaFSdhCgTutn0FtsmyX3iFVRU7B5v_WDHjePKrTRTSicrA3nyt58jN4SU4qE8gb5Cz0xJNyzVAG6JgFaFQYjEXbYLTXJ2zoHgaxUNu6YL2DB_HahUCu7FhaPhkj3UD-vqA1XzfJkhkHstpNzs6lXWcOy20F4ybMrwj7u1qlzgQcSgjGWFJlAjcofsBDen8s4khtwBC1uFTd_p2kXZV0o58SZ5IxFUN5-3zxSgITvXDhjrY1M0ZSSzUAYnroWuXq4hCy0jQLw54.5iM5abC3XpETsGr2ydZ5S4rG_APvtAiKMaBN5RvawXk&dib_tag=se&keywords=drone&qid=1785809853&sr=8-137&xpid=itLqQDKSO6foN,https://m.media-amazon.com/images/I/71OeMjuqbuL._AC_UL320_.jpg,drone
B09JYQ83BN,"Autel Robotics EVO MAX 4N V2, Starlight Night-Vision/Wide/T~hermal/L~aser | 4 Cameras in One, 5KM Night Vision Observation, A-Mesh, 720° Obstacle Avoidance, Triple Anti-Jamming, 42 Min, Autel SDK",Autel,,,"$8,699.00",5.0,3,,https://www.amazon.com/Autel-Night-Vision-Rangefinder-Anti-Jamming-Hot-Swappable/dp/B09JYQ83BN/ref=sr_1_106?dib=eyJ2IjoiMSJ9.PHTm18AKerJpiu2Rezan-VbAF7gPE4lJNBP1QHKenMk3tbKZUkNy08zmi1gxqlMZJp6ScU7Sxc2aq5VFUn__Dm5CaolRrAW2HTjB3HbM4GrGP-hTtFvaJfPvTBvHTSrJEGdxuR4TfFQw-cPxPOelNR6sCnGYrtSvreIUx4JaVK1AFRwTC5BaKP1lnU4nTKbVFs7y_A4T7wohvk01sqlRovU33WHmGpq7Rbo1seAqPe-cfqNjYROG5_jZCWTxnPjPNdBTA-BGUbtSIntHX3Z0iSCKaP9b-BhP4NYcdFR7rnA.OcXGzPxYvD7Ka08vjNRFoanZQ6KHjukMMOaoEcjlwKk&dib_tag=se&keywords=drone&qid=1785811888&sr=8-106&xpid=RcpG2dJBJCW59,https://m.media-amazon.com/images/I/71zHbB3P+AL._AC_UL320_.jpg,drone
B09HH8B79P,"DJI Mavic 3, Drone with 4/3 CMOS Hasselblad Camera, 5.1K Video, Omnidirectional Obstacle Sensing, 46 Mins Flight, Advanced Auto Return, 15km Video Transmission, FAA Remote ID Compliant, Gray",DJI,,,"$2,499.00",4.4,298,,https://www.amazon.com/DJI-Mavic-Hasselblad-Omnidirectional-Transmission/dp/B09HH8B79P/ref=sr_1_96?dib=eyJ2IjoiMSJ9.sZorxPVVNeNfF-Y0VEPJljIBHCjdqHX1MexPhWHLCg6hU5TT1nAxU83jXreVfJb_Oknfp41VMYyfjqLIjsXEsoiApvssEfC2REqzRml6NHIniE9qBO2Mwkya3jGB2XeOFkVGz8lgE-MvZSDACLSTjGBcVzOusNCxsffpBLev29QCJJ0oB8j7VeBfZC2kky_bQRZelui3RCC4TwCDHphxBxWRBzqtjuD6K9sbh4eArfM3kAsxR5envhtSvIQI9noefkZ9Ahxzwc524nTO569Cjk-byc8NY77WXJCN9BA5HhA.UrL8zU8Af3fJK6MRKCkE0chC2j5-23QckhGnJbp1wjg&dib_tag=se&keywords=drone&qid=1785833582&sr=8-96&xpid=fI2lm0uQBk0DG,https://m.media-amazon.com/images/I/518pbZ1jcOL._AC_UL320_.jpg,drone
B0FVG3688J,"Drone Engineering: A Complete Roadmap for Designing, Building and Flying UAVs",,,,$33.99,4.5,5,,https://www.amazon.com/Drone-Engineering-Complete-Designing-Building/dp/B0FVG3688J/ref=sr_1_80?dib=eyJ2IjoiMSJ9.sZorxPVVNeNfF-Y0VEPJljIBHCjdqHX1MexPhWHLCg6hU5TT1nAxU83jXreVfJb_Oknfp41VMYyfjqLIjsXEsoiApvssEfC2REqzRml6NHIniE9qBO2Mwkya3jGB2XeOFkVGz8lgE-MvZSDACLSTjGBcVzOusNCxsffpBLev29QCJJ0oB8j7VeBfZC2kky_bQRZelui3RCC4TwCDHphxBxWRBzqtjuD6K9sbh4eArfM3kAsxR5envhtSvIQI9noefkZ9Ahxzwc524nTO569Cjk-byc8NY77WXJCN9BA5HhA.UrL8zU8Af3fJK6MRKCkE0chC2j5-23QckhGnJbp1wjg&dib_tag=se&keywords=drone&qid=1785833582&sr=8-80&xpid=fI2lm0uQBk0DG,https://m.media-amazon.com/images/I/816iol57hYL._AC_UL320_.jpg,drone
B0FHT5BSGD,"DJI P4 Multispectral Agriculture Drone, 3-Axis Stabilized Camera, RGB + 5 Multispectral Sensors, RTK Module, 27-Min Flight Time, 4.4-Mile Range",DJI,,,"$6,999.00",,,,https://www.amazon.com/DJI-Multispectral-Agriculture-Stabilized-4-4-Mile/dp/B0FHT5BSGD/ref=sr_1_108?dib=eyJ2IjoiMSJ9.PHTm18AKerJpiu2Rezan-VbAF7gPE4lJNBP1QHKenMk3tbKZUkNy08zmi1gxqlMZJp6ScU7Sxc2aq5VFUn__Dm5CaolRrAW2HTjB3HbM4GrGP-hTtFvaJfPvTBvHTSrJEGdxuR4TfFQw-cPxPOelNR6sCnGYrtSvreIUx4JaVK1AFRwTC5BaKP1lnU4nTKbVFs7y_A4T7wohvk01sqlRovU33WHmGpq7Rbo1seAqPe-cfqNjYROG5_jZCWTxnPjPNdBTA-BGUbtSIntHX3Z0iSCKaP9b-BhP4NYcdFR7rnA.OcXGzPxYvD7Ka08vjNRFoanZQ6KHjukMMOaoEcjlwKk&dib_tag=se&keywords=drone&qid=1785811888&sr=8-108&xpid=RcpG2dJBJCW59,https://m.media-amazon.com/images/I/41wsMbeh1sL._AC_UL320_.jpg,drone
B0DQ6XY8NN,"Mini Drone with Camera, Remote Control Drone for Ages 8-12 & Beginner | 1080P FPV Camera RC Quadcopter for Exciting Indoor Outdoor Play, with 2 Batteries, Toy Gifts for Adults BeginnerS and Kids",,,,$39.99,4.0,,,https://www.amazon.com/sspa/click?ie=UTF8&spc=MTo5NzM3NDI4MzE4NjgyMjU6MTc4NTgwOTg1MzpzcF9hdGZfbmV4dDozMDEzODMwMTkxMDE5MDI6OjA6Og&url=%2FSozun-Drone-Camera-Mini-Beginner-Friendly%2Fdp%2FB0DQ6XY8NN%2Fref%3Dsr_1_97_sspa%3Fdib%3DeyJ2IjoiMSJ9.zuQGm6-Rv7oX9cs_SdiVIdanHNfpnKRMY49a1uPvBnU8sr5BI8ZsXwMIYHw9KiGrkdF3nQCFSYp1mFXGQAudgw.45MAcFaWdCKQe2v4DTlCp6RQXkFbLsuDT0kTrSDD3tQ%26dib_tag%3Dse%26keywords%3Ddrone%26qid%3D1785809853%26sr%3D8-97-spons%26xpid%3DitLqQDKSO6foN%26sp_csd%3Dd2lkZ2V0TmFtZT1zcF9hdGZfbmV4dA%26psc%3D1,https://m.media-amazon.com/images/I/61zq1KjHLFL._AC_UL320_.jpg,drone
B0GWV47WYM,"4K Dual-Camera Drone with GPS for Adults & Teens - Foldable RC Quadcopter with Auto Focus, 30 Mins Flight Time, Follow Me, Waypoint Flight, Headless Mode, 6-Axis Gyro, One-Key Emergency Stop - Black",,,,$109.90,3.3,,,https://www.amazon.com/sspa/click?ie=UTF8&spc=MTo5NzM3NDI4MzE4NjgyMjU6MTc4NTgwOTg1MzpzcF9hdGZfbmV4dDozMDEzNjg5MDk2MDcwMDI6OjA6Og&url=%2FDual-Camera-Drone-GPS-Adults-Teens%2Fdp%2FB0GWV47WYM%2Fref%3Dsr_1_98_sspa%3Fdib%3DeyJ2IjoiMSJ9.zuQGm6-Rv7oX9cs_SdiVIdanHNfpnKRMY49a1uPvBnU8sr5BI8ZsXwMIYHw9KiGrkdF3nQCFSYp1mFXGQAudgw.45MAcFaWdCKQe2v4DTlCp6RQXkFbLsuDT0kTrSDD3tQ%26dib_tag%3Dse%26keywords%3Ddrone%26qid%3D1785809853%26sr%3D8-98-spons%26xpid%3DitLqQDKSO6foN%26sp_csd%3Dd2lkZ2V0TmFtZT1zcF9hdGZfbmV4dA%26psc%3D1,https://m.media-amazon.com/images/I/61R+GkD4eaL._AC_UL320_.jpg,drone
B09KPVN2DH,"DRONEEYE 4DV13 Drone with 1080P HD Camera for Kids Adults,Remote Control Helicopter Quadcopter for Beginners boy Toys Gift,Waypoint Functions,Altitude Hold, Gesture Selfie,3D Flips,2 Batteries,Black",,,,$32.99,4.0,,50+ bought in past month,https://www.amazon.com/sspa/click?ie=UTF8&spc=MTo5NzM3NDI4MzE4NjgyMjU6MTc4NTgwOTg1MzpzcF9hdGZfbmV4dDozMDEzODI2MzcxODM4MDI6OjA6Og&url=%2FDRONEEYE-Foldable-Quadcopter-Beginners-Functions%2Fdp%2FB09KPVN2DH%2Fref%3Dsr_1_99_sspa%3Fdib%3DeyJ2IjoiMSJ9.zuQGm6-Rv7oX9cs_SdiVIdanHNfpnKRMY49a1uPvBnU8sr5BI8ZsXwMIYHw9KiGrkdF3nQCFSYp1mFXGQAudgw.45MAcFaWdCKQe2v4DTlCp6RQXkFbLsuDT0kTrSDD3tQ%26dib_tag%3Dse%26keywords%3Ddrone%26qid%3D1785809853%26sr%3D8-99-spons%26xpid%3DitLqQDKSO6foN%26sp_csd%3Dd2lkZ2V0TmFtZT1zcF9hdGZfbmV4dA%26psc%3D1,https://m.media-amazon.com/images/I/71rVlj7XblL._AC_UL320_.jpg,drone
B0GWCCLDBZ,"Veeniix Drone for Kids 360° RGB Rotation RC Quadcopter Altitude Hold | 3 Speed One key take off landing, side fly support, trim function, indoor outdoor flight, Gift for boys and girls",,,,$49.99,4.4,,,https://www.amazon.com/sspa/click?ie=UTF8&spc=MTo5NzM3NDI4MzE4NjgyMjU6MTc4NTgwOTg1MzpzcF9hdGZfbmV4dDozMDEzMzc5NDEwMDc3MDI6OjA6Og&url=%2FVeeniix-Drone-Rotation-Quadcopter-Altitude%2Fdp%2FB0GWCCLDBZ%2Fref%3Dsr_1_100_sspa%3Fdib%3DeyJ2IjoiMSJ9.zuQGm6-Rv7oX9cs_SdiVIdanHNfpnKRMY49a1uPvBnU8sr5BI8ZsXwMIYHw9KiGrkdF3nQCFSYp1mFXGQAudgw.45MAcFaWdCKQe2v4DTlCp6RQXkFbLsuDT0kTrSDD3tQ%26dib_tag%3Dse%26keywords%3Ddrone%26qid%3D1785809853%26sr%3D8-100-spons%26xpid%3DitLqQDKSO6foN%26sp_csd%3Dd2lkZ2V0TmFtZT1zcF9hdGZfbmV4dA%26psc%3D1,https://m.media-amazon.com/images/I/71fyJs0hplL._AC_UL320_.jpg,drone
B0FDKPQBB5,"Mini Drone with 1080P Camera for Adults and Beginner,RGB LED Light FPV Drone Quadcopter for Beginners,One Key Take Off/Land Altitude Hold,Optical Flow Positioning Gravity Gesture Control",,,,$39.99,4.5,,50+ bought in past month,https://www.amazon.com/sspa/click?ie=UTF8&spc=MTo5NzM3NDI4MzE4NjgyMjU6MTc4NTgwOTg1MzpzcF9tdGY6MzAwODg4NTMwNzk3NDAyOjowOjo&url=%2FBeginner-Quadcopter-Beginners-Altitude-Positioning%2Fdp%2FB0FDKPQBB5%2Fref%3Dsr_1_101_sspa%3Fdib%3DeyJ2IjoiMSJ9.zuQGm6-Rv7oX9cs_SdiVIdanHNfpnKRMY49a1uPvBnU8sr5BI8ZsXwMIYHw9KiGrkdF3nQCFSYp1mFXGQAudgw.45MAcFaWdCKQe2v4DTlCp6RQXkFbLsuDT0kTrSDD3tQ%26dib_tag%3Dse%26keywords%3Ddrone%26qid%3D1785809853%26sr%3D8-101-spons%26xpid%3DitLqQDKSO6foN%26sp_csd%3Dd2lkZ2V0TmFtZT1zcF9tdGY%26psc%3D1,https://m.media-amazon.com/images/I/711tbhYWLpL._AC_UL320_.jpg,drone
B0FHQDS8L9,"PLEGBLE Drones with Camera for Adults 4K, GPS Drone with Controller Screen | EIS 4K Camera, 5.0"" Screen on Controller, 70 Mins Flight, Long Range Transmission, AI Track & Orbit, Follow Me, Auto Return",,,,$199.99,4.2,,200+ bought in past month,https://www.amazon.com/Controller-Transmission-Lightweight-Foldable-Beginner/dp/B0FHQDS8L9/ref=sr_1_105?dib=eyJ2IjoiMSJ9.zuQGm6-Rv7oX9cs_SdiVIdanHNfpnKRMY49a1uPvBnU8sr5BI8ZsXwMIYHw9KiGrkdF3nQCFSYp1mFXGQAudgw.45MAcFaWdCKQe2v4DTlCp6RQXkFbLsuDT0kTrSDD3tQ&dib_tag=se&keywords=drone&qid=1785809853&sr=8-105&xpid=itLqQDKSO6foN,https://m.media-amazon.com/images/I/71Vsw7sINSL._AC_UL320_.jpg,drone
B0DZXHCV12,"Veeniix 6K Photo 3 Axis Gimbal Camera Drone Brushless Quadcopter | Outdoor aerial photography, adults beginners, 4K video, 70min flight, 10000ft FPV, FAA RID",,,,$159.89,4.2,361,50+ bought in past month,https://www.amazon.com/Beginner-Brushless-Batteries-10000Ft-Transmission/dp/B0DZXHCV12/ref=sr_1_60?dib=eyJ2IjoiMSJ9.AvqpZ02C7FD0Iyyg_KSigu0GCtqUPCin-69ueNzMmdJsaqw_brU4ci_8FD5wmV2_BGH9IE-70DiO3h23J9IVarQxaWwROYWHsrf_DkRGX_u2fDA4woTTKd0b0dA-iNLToIRy--WucwYd9fropfHPijLFcHXofabQC1ZuE0W0qqslbMNzNVqosUtTqFfRWHxNka3NtcZyWbmFS3Xm5qxEZb7NXX5S5Ruve_tNwfqTqNVbo0KEVkxvwVAuFqWQE1mEKYD7697VIqRJN4w-yCOpIGYNQQpbi9taYIAAFOnCqYA.mArGjuEdmUwkPCBsGafteTznXKIvwgLxG0VGxBT8v98&dib_tag=se&keywords=drone&qid=1785831426&sr=8-60,https://m.media-amazon.com/images/I/71uOG6j-JKL._AC_UL320_.jpg,drone
B0BL6VJSPD,"Contixo F19 Drone With 1080p HD FPV Camera, 20 Min Flight 360° Flips Brushless Motor RC Quadcopter With Altitude Hold, Obstacle Avoidance, Follow Me For Novice Beginner's Kids And Adults, 2 Batteries",Contixo,,,$44.99,3.3,,50+ bought in past month,https://www.amazon.com/sspa/click?ie=UTF8&spc=MTo5NzM3NDI4MzE4NjgyMjU6MTc4NTgwOTg1MzpzcF9tdGY6MzAxMzg3NDc2ODM0MDAyOjowOjo&url=%2FContixo-F19-Quadcopter-Beginner-Avoidance%2Fdp%2FB0BL6VJSPD%2Fref%3Dsr_1_108_sspa%3Fdib%3DeyJ2IjoiMSJ9.i2xTQHCS88ARDUVgj4T2WWMRgUrGhZn8ZVaFSdhCgTutn0FtsmyX3iFVRU7B5v_WDHjePKrTRTSicrA3nyt58jN4SU4qE8gb5Cz0xJNyzVAG6JgFaFQYjEXbYLTXJ2zoHgaxUNu6YL2DB_HahUCu7FhaPhkj3UD-vqA1XzfJkhkHstpNzs6lXWcOy20F4ybMrwj7u1qlzgQcSgjGWFJlAjcofsBDen8s4khtwBC1uFTd_p2kXZV0o58SZ5IxFUN5-3zxSgITvXDhjrY1M0ZSSzUAYnroWuXq4hCy0jQLw54.5iM5abC3XpETsGr2ydZ5S4rG_APvtAiKMaBN5RvawXk%26dib_tag%3Dse%26keywords%3Ddrone%26qid%3D1785809853%26sr%3D8-108-spons%26xpid%3DitLqQDKSO6foN%26sp_csd%3Dd2lkZ2V0TmFtZT1zcF9tdGY%26psc%3D1,https://m.media-amazon.com/images/I/71mLV-xfDHL._AC_UL320_.jpg,drone
B0GWHS9DHG,"K600GPS Brushless Drones with EIS Camera for Adults Beginners Kids, Drone with 4.5'' Screen on Controller, FPV Drone with Auto Return Follow Me Mode, Drone with GPS for Adult Holiday Gifts, Under 249g",,,,$139.98,4.4,,200+ bought in past month,https://www.amazon.com/sspa/click?ie=UTF8&spc=MTo5NzM3NDI4MzE4NjgyMjU6MTc4NTgwOTg1MzpzcF9tdGY6MzAxMjk3ODYzNjgxNTAyOjowOjo&url=%2FK600GPS-Brushless-Beginners-Controller-Holiday%2Fdp%2FB0GWHS9DHG%2Fref%3Dsr_1_109_sspa%3Fdib%3DeyJ2IjoiMSJ9.i2xTQHCS88ARDUVgj4T2WWMRgUrGhZn8ZVaFSdhCgTutn0FtsmyX3iFVRU7B5v_WDHjePKrTRTSicrA3nyt58jN4SU4qE8gb5Cz0xJNyzVAG6JgFaFQYjEXbYLTXJ2zoHgaxUNu6YL2DB_HahUCu7FhaPhkj3UD-vqA1XzfJkhkHstpNzs6lXWcOy20F4ybMrwj7u1qlzgQcSgjGWFJlAjcofsBDen8s4khtwBC1uFTd_p2kXZV0o58SZ5IxFUN5-3zxSgITvXDhjrY1M0ZSSzUAYnroWuXq4hCy0jQLw54.5iM5abC3XpETsGr2ydZ5S4rG_APvtAiKMaBN5RvawXk%26dib_tag%3Dse%26keywords%3Ddrone%26qid%3D1785809853%26sr%3D8-109-spons%26xpid%3DitLqQDKSO6foN%26sp_csd%3Dd2lkZ2V0TmFtZT1zcF9tdGY%26psc%3D1,https://m.media-amazon.com/images/I/61vLjHe-E4L._AC_UL320_.jpg,drone
B0DFY9KKHY,"BEZGAR Drone with LED Lights for Adults and Kids Beginners, White | 1080P HD Drone with Camera, Foldable Drones for Kids RC Quadcopter with One Key Take Off 3D Flips, 2 Batteries, Toys for Boys",,,,$36.99,4.0,,,https://www.amazon.com/sspa/click?ie=UTF8&spc=MTo5NzM3NDI4MzE4NjgyMjU6MTc4NTgwOTg1MzpzcF9tdGY6MzAxNDA4ODUxMDczNTAyOjowOjo&url=%2FBEZGAR-Mini-Drone-Camera-KIds%2Fdp%2FB0DFY9KKHY%2Fref%3Dsr_1_110_sspa%3Fdib%3DeyJ2IjoiMSJ9.i2xTQHCS88ARDUVgj4T2WWMRgUrGhZn8ZVaFSdhCgTutn0FtsmyX3iFVRU7B5v_WDHjePKrTRTSicrA3nyt58jN4SU4qE8gb5Cz0xJNyzVAG6JgFaFQYjEXbYLTXJ2zoHgaxUNu6YL2DB_HahUCu7FhaPhkj3UD-vqA1XzfJkhkHstpNzs6lXWcOy20F4ybMrwj7u1qlzgQcSgjGWFJlAjcofsBDen8s4khtwBC1uFTd_p2kXZV0o58SZ5IxFUN5-3zxSgITvXDhjrY1M0ZSSzUAYnroWuXq4hCy0jQLw54.5iM5abC3XpETsGr2ydZ5S4rG_APvtAiKMaBN5RvawXk%26dib_tag%3Dse%26keywords%3Ddrone%26qid%3D1785809853%26sr%3D8-110-spons%26xpid%3DitLqQDKSO6foN%26sp_csd%3Dd2lkZ2V0TmFtZT1zcF9tdGY%26psc%3D1,https://m.media-amazon.com/images/I/71TXmjNFngL._AC_UL320_.jpg,drone
B0FMJRRHKB,"JoyRapt Drones for Kids Foam RC Plane, Remote Control Airplane | Toys and Gifts for 6 8 10 Years Old Boys, Jet Helicopter Drones with LED Lights 360° Flip, 2 Rechargeable Batteries",,,,$25.49,3.8,,2K+ bought in past month,https://www.amazon.com/Airplane-Aircrafts-Helicopter-Rechargeable-Batteries/dp/B0FMJRRHKB/ref=sr_1_113?dib=eyJ2IjoiMSJ9.i2xTQHCS88ARDUVgj4T2WWMRgUrGhZn8ZVaFSdhCgTutn0FtsmyX3iFVRU7B5v_WDHjePKrTRTSicrA3nyt58jN4SU4qE8gb5Cz0xJNyzVAG6JgFaFQYjEXbYLTXJ2zoHgaxUNu6YL2DB_HahUCu7FhaPhkj3UD-vqA1XzfJkhkHstpNzs6lXWcOy20F4ybMrwj7u1qlzgQcSgjGWFJlAjcofsBDen8s4khtwBC1uFTd_p2kXZV0o58SZ5IxFUN5-3zxSgITvXDhjrY1M0ZSSzUAYnroWuXq4hCy0jQLw54.5iM5abC3XpETsGr2ydZ5S4rG_APvtAiKMaBN5RvawXk&dib_tag=se&keywords=drone&qid=1785809853&sr=8-113&xpid=itLqQDKSO6foN,https://m.media-amazon.com/images/I/71kdK0oNucL._AC_UL320_.jpg,drone
B08D2968XC,"SHARPER IMAGE 2.4GHz RC Glow Up Stunt Drone with LED Lights, Mini Remote Controlled Quadcopter with Assisted Landing, Small Plane for Kids and Beginners, Wireless and Rechargeable",,,,$24.99,4.1,258,300+ bought in past month,https://www.amazon.com/Controlled-Quadcopter-Assisted-Beginners-Rechargeable/dp/B08D2968XC/ref=sr_1_57?dib=eyJ2IjoiMSJ9.KWlsY3AlJ2mYXPtUnXTL5GoAu6U6QLukCrtv21z3-K7Pv-rw-_XnJswMKWSnt6O5rqoVvfD7lrdw37tDTQe2wG8fHQbDMaByitQHAsMNsD-8d-xXlia0D_6vvlQsusoz41bkaAFFH4mAN_JAfm1GSL73CydYp4qCxjR3t_xZSueMSRaI2QxeRYNYZMGwgvDlmIuOyfMqonf5IayNb84Ht70x1sUTJDbnaEDGv0DGE1Uq4HFYSbGA7VzDbP5yjcneNO4MmAhCLx2xnA3E6bwH95-JclHDPglALE4pHeeed04.7fR43qGeXT7MOavwLcKkeB_y6tcfBdCvYP7PNtgQMQE&dib_tag=se&keywords=drone&qid=1785833407&sr=8-57,https://m.media-amazon.com/images/I/81aSubmQ2DL._AC_UL320_.jpg,drone
B0GHDTJPHM,"Wing One GPS Camera Drone, 3-Axis Gimbal & Obstacle Avoidance | 3-axis gimbal, GPS return, touchscreen control and night vision help capture stable aerial footage with ease.",,,,$299.99,5.0,,,https://www.amazon.com/sspa/click?ie=UTF8&spc=MTo5NzM3NDI4MzE4NjgyMjU6MTc4NTgwOTg1MzpzcF9tdGY6MzAxMzQ2MDcyMjUzNTAyOjowOjo&url=%2FTODAMU-Camera-3-Axis-Obstacle-Avoidance%2Fdp%2FB0GHDTJPHM%2Fref%3Dsr_1_116_sspa%3Fdib%3DeyJ2IjoiMSJ9.i2xTQHCS88ARDUVgj4T2WWMRgUrGhZn8ZVaFSdhCgTutn0FtsmyX3iFVRU7B5v_WDHjePKrTRTSicrA3nyt58jN4SU4qE8gb5Cz0xJNyzVAG6JgFaFQYjEXbYLTXJ2zoHgaxUNu6YL2DB_HahUCu7FhaPhkj3UD-vqA1XzfJkhkHstpNzs6lXWcOy20F4ybMrwj7u1qlzgQcSgjGWFJlAjcofsBDen8s4khtwBC1uFTd_p2kXZV0o58SZ5IxFUN5-3zxSgITvXDhjrY1M0ZSSzUAYnroWuXq4hCy0jQLw54.5iM5abC3XpETsGr2ydZ5S4rG_APvtAiKMaBN5RvawXk%26dib_tag%3Dse%26keywords%3Ddrone%26qid%3D1785809853%26sr%3D8-116-spons%26xpid%3DitLqQDKSO6foN%26sp_csd%3Dd2lkZ2V0TmFtZT1zcF9tdGY%26psc%3D1,https://m.media-amazon.com/images/I/71YyUx9Z2ML._AC_UL320_.jpg,drone
B0F93J8KRX,"GPS Drone with 4K HD Camera for Adults,4.5 inch HD Screen on Remote Controller,FPV RC Drones with Auto Return, Follow Me and Lightweight,2 PCS Batteries for Long Flight Time,Easy Fly Quadcopter for Beginners,Under 250g",,,,$149.99,4.0,,100+ bought in past month,https://www.amazon.com/sspa/click?ie=UTF8&spc=MTo5NzM3NDI4MzE4NjgyMjU6MTc4NTgwOTg1MzpzcF9tdGY6MzAwODY2NzIzNjM0MDAyOjowOjo&url=%2FController-Distance-Transmission-Quadcopter-Beginner%2Fdp%2FB0F93J8KRX%2Fref%3Dsr_1_118_sspa%3Fdib%3DeyJ2IjoiMSJ9.i2xTQHCS88ARDUVgj4T2WWMRgUrGhZn8ZVaFSdhCgTutn0FtsmyX3iFVRU7B5v_WDHjePKrTRTSicrA3nyt58jN4SU4qE8gb5Cz0xJNyzVAG6JgFaFQYjEXbYLTXJ2zoHgaxUNu6YL2DB_HahUCu7FhaPhkj3UD-vqA1XzfJkhkHstpNzs6lXWcOy20F4ybMrwj7u1qlzgQcSgjGWFJlAjcofsBDen8s4khtwBC1uFTd_p2kXZV0o58SZ5IxFUN5-3zxSgITvXDhjrY1M0ZSSzUAYnroWuXq4hCy0jQLw54.5iM5abC3XpETsGr2ydZ5S4rG_APvtAiKMaBN5RvawXk%26dib_tag%3Dse%26keywords%3Ddrone%26qid%3D1785809853%26sr%3D8-118-spons%26xpid%3DitLqQDKSO6foN%26sp_csd%3Dd2lkZ2V0TmFtZT1zcF9tdGY%26psc%3D1,https://m.media-amazon.com/images/I/71tJ6AsMf8L._AC_UL320_.jpg,drone
B0FXGB5WW8,"X15 Drone with 1080P HD Camera for Adults Beginners, Drone with Brushless Motor, One Key Takeoff/Landing, Trajectory Flight, Gesture Control, 3 Speed Modes, Modular Battery, Gift for Adults",,,,$69.99,4.2,,50+ bought in past month,https://www.amazon.com/sspa/click?ie=UTF8&spc=MTo5NzM3NDI4MzE4NjgyMjU6MTc4NTgwOTg1MzpzcF9tdGY6MzAxMDY3NTA2MzY4NjAyOjowOjo&url=%2FBeginners-Brushless-Takeoff-Landing-Trajectory%2Fdp%2FB0FXGB5WW8%2Fref%3Dsr_1_119_sspa%3Fdib%3DeyJ2IjoiMSJ9.i2xTQHCS88ARDUVgj4T2WWMRgUrGhZn8ZVaFSdhCgTutn0FtsmyX3iFVRU7B5v_WDHjePKrTRTSicrA3nyt58jN4SU4qE8gb5Cz0xJNyzVAG6JgFaFQYjEXbYLTXJ2zoHgaxUNu6YL2DB_HahUCu7FhaPhkj3UD-vqA1XzfJkhkHstpNzs6lXWcOy20F4ybMrwj7u1qlzgQcSgjGWFJlAjcofsBDen8s4khtwBC1uFTd_p2kXZV0o58SZ5IxFUN5-3zxSgITvXDhjrY1M0ZSSzUAYnroWuXq4hCy0jQLw54.5iM5abC3XpETsGr2ydZ5S4rG_APvtAiKMaBN5RvawXk%26dib_tag%3Dse%26keywords%3Ddrone%26qid%3D1785809853%26sr%3D8-119-spons%26xpid%3DitLqQDKSO6foN%26sp_csd%3Dd2lkZ2V0TmFtZT1zcF9tdGY%26psc%3D1,https://m.media-amazon.com/images/I/71GBQaDrpfL._AC_UL320_.jpg,drone
B0GQH9SPKT,"Drone with 4K Camera for Adults - B16 GPS Under 250g, Brushless Motor, Lightweight and Foldable RC Quadcopter for Beginners Toys Birthday Present, 50 Mins Long Flight",,,,$139.99,4.4,,200+ bought in past month,https://www.amazon.com/Drone-Camera-Adults-Lightweight-Quadcopter/dp/B0GQH9SPKT/ref=sr_1_120?dib=eyJ2IjoiMSJ9.i2xTQHCS88ARDUVgj4T2WWMRgUrGhZn8ZVaFSdhCgTutn0FtsmyX3iFVRU7B5v_WDHjePKrTRTSicrA3nyt58jN4SU4qE8gb5Cz0xJNyzVAG6JgFaFQYjEXbYLTXJ2zoHgaxUNu6YL2DB_HahUCu7FhaPhkj3UD-vqA1XzfJkhkHstpNzs6lXWcOy20F4ybMrwj7u1qlzgQcSgjGWFJlAjcofsBDen8s4khtwBC1uFTd_p2kXZV0o58SZ5IxFUN5-3zxSgITvXDhjrY1M0ZSSzUAYnroWuXq4hCy0jQLw54.5iM5abC3XpETsGr2ydZ5S4rG_APvtAiKMaBN5RvawXk&dib_tag=se&keywords=drone&qid=1785809853&sr=8-120&xpid=itLqQDKSO6foN,https://m.media-amazon.com/images/I/71OuVDh7QNL._AC_UL320_.jpg,drone
B07D5R2JKL,"Parrot PF728000 ANAFI Drone, Foldable Quadcopter Drone with 4K HDR Camera, Compact, Silent & Autonomous, Realize your shots with a 180° vertical swivel camera, Dark Grey",Parrot,,,,3.8,1133,,https://www.amazon.com/Parrot-Foldable-Quadcopter-Autonomous-vertical/dp/B07D5R2JKL/ref=sr_1_65?dib=eyJ2IjoiMSJ9.sZorxPVVNeNfF-Y0VEPJljIBHCjdqHX1MexPhWHLCg6hU5TT1nAxU83jXreVfJb_Oknfp41VMYyfjqLIjsXEsoiApvssEfC2REqzRml6NHIniE9qBO2Mwkya3jGB2XeOFkVGz8lgE-MvZSDACLSTjGBcVzOusNCxsffpBLev29QCJJ0oB8j7VeBfZC2kky_bQRZelui3RCC4TwCDHphxBxWRBzqtjuD6K9sbh4eArfM3kAsxR5envhtSvIQI9noefkZ9Ahxzwc524nTO569Cjk-byc8NY77WXJCN9BA5HhA.UrL8zU8Af3fJK6MRKCkE0chC2j5-23QckhGnJbp1wjg&dib_tag=se&keywords=drone&qid=1785833582&sr=8-65&xpid=fI2lm0uQBk0DG,https://m.media-amazon.com/images/I/618vFVTdcQL._AC_UL320_.jpg,drone
B0DFXXKGDX,"BEZGAR LED Lights Drone with Camera for Adults and Kids Beginners, Black | Drone with Camera 1080P HD, Foldable Drones for Kids RC Quadcopter with One Key Take Off 3D Flips, 2 Batteries, Toys for Boys",,,,$39.99,4.0,,50+ bought in past month,https://www.amazon.com/sspa/click?ie=UTF8&spc=MTo5NzM3NDI4MzE4NjgyMjU6MTc4NTgwOTg1MzpzcF9tdGY6MzAxNDA4ODUxMDczMjAyOjowOjo&url=%2FMini-Drone-Camera-1080P-Quadcopter%2Fdp%2FB0DFXXKGDX%2Fref%3Dsr_1_124_sspa%3Fdib%3DeyJ2IjoiMSJ9.i2xTQHCS88ARDUVgj4T2WWMRgUrGhZn8ZVaFSdhCgTutn0FtsmyX3iFVRU7B5v_WDHjePKrTRTSicrA3nyt58jN4SU4qE8gb5Cz0xJNyzVAG6JgFaFQYjEXbYLTXJ2zoHgaxUNu6YL2DB_HahUCu7FhaPhkj3UD-vqA1XzfJkhkHstpNzs6lXWcOy20F4ybMrwj7u1qlzgQcSgjGWFJlAjcofsBDen8s4khtwBC1uFTd_p2kXZV0o58SZ5IxFUN5-3zxSgITvXDhjrY1M0ZSSzUAYnroWuXq4hCy0jQLw54.5iM5abC3XpETsGr2ydZ5S4rG_APvtAiKMaBN5RvawXk%26dib_tag%3Dse%26keywords%3Ddrone%26qid%3D1785809853%26sr%3D8-124-spons%26xpid%3DitLqQDKSO6foN%26sp_csd%3Dd2lkZ2V0TmFtZT1zcF9tdGY%26psc%3D1,https://m.media-amazon.com/images/I/71qtXojbD7L._AC_UL320_.jpg,drone
B0CF8NXJ57,"Potensic ATOM 4K GPS Drone, 3-Axis Gimbal, 96 Mins Flight, 6KM Transmission | 4K/30FPS QuickShots, Visual Tracking, Under 249g, Lightweight for Adults and Beginners, Travel Photographers, Fly More Combo",Potensic,,,$319.99,4.6,4126,100+ bought in past month,https://www.amazon.com/Potensic-Transmission-QuickShots-Lightweight-Beginners/dp/B0CF8NXJ57/ref=sr_1_25?dib=eyJ2IjoiMSJ9.AvqpZ02C7FD0Iyyg_KSigu0GCtqUPCin-69ueNzMmdJsaqw_brU4ci_8FD5wmV2_BGH9IE-70DiO3h23J9IVarQxaWwROYWHsrf_DkRGX_u2fDA4woTTKd0b0dA-iNLToIRy--WucwYd9fropfHPijLFcHXofabQC1ZuE0W0qqslbMNzNVqosUtTqFfRWHxNka3NtcZyWbmFS3Xm5qxEZb7NXX5S5Ruve_tNwfqTqNVbo0KEVkxvwVAuFqWQE1mEKYD7697VIqRJN4w-yCOpIGYNQQpbi9taYIAAFOnCqYA.mArGjuEdmUwkPCBsGafteTznXKIvwgLxG0VGxBT8v98&dib_tag=se&keywords=drone&qid=1785831426&sr=8-25,https://m.media-amazon.com/images/I/61jRqC2QCpL._AC_UL320_.jpg,drone
B0C6MDP4CJ,"Holy Stone HS600 2-Axis Gimbal Drones with Camera for Adults 4K EIS, Integrated Remote ID, 20000 FT Range Transmission, GPS Drone with Brushless Motors, 4K/30FPS, Follow Me, Level 6 Wind Resistance",Holy Stone,,,$249.99,4.2,,,https://www.amazon.com/Holy-Stone-Drone-Camera-Adults/dp/B0C6MDP4CJ/ref=sr_1_128?dib=eyJ2IjoiMSJ9.i2xTQHCS88ARDUVgj4T2WWMRgUrGhZn8ZVaFSdhCgTutn0FtsmyX3iFVRU7B5v_WDHjePKrTRTSicrA3nyt58jN4SU4qE8gb5Cz0xJNyzVAG6JgFaFQYjEXbYLTXJ2zoHgaxUNu6YL2DB_HahUCu7FhaPhkj3UD-vqA1XzfJkhkHstpNzs6lXWcOy20F4ybMrwj7u1qlzgQcSgjGWFJlAjcofsBDen8s4khtwBC1uFTd_p2kXZV0o58SZ5IxFUN5-3zxSgITvXDhjrY1M0ZSSzUAYnroWuXq4hCy0jQLw54.5iM5abC3XpETsGr2ydZ5S4rG_APvtAiKMaBN5RvawXk&dib_tag=se&keywords=drone&qid=1785809853&sr=8-128&xpid=itLqQDKSO6foN,https://m.media-amazon.com/images/I/71yglSAPL4L._AC_UL320_.jpg,drone
B0FDFSQHCM,"GPS Drone with EIS 4K Camera for Adults Kids, RC Drones with 4.5 inch HD Screen on Controller,Auto Return,2 Batteries for 45 min Flight Time,Long Range Transmission,Circle Fly and Follow Me Mode,Foldable Quadcopter for Beginner Kids Gifts Toy,Under 249g",,,,$145.99,4.1,,200+ bought in past month,https://www.amazon.com/Controller-Batteries-Transmission-Foldable-Quadcopter/dp/B0FDFSQHCM/ref=sr_1_129?dib=eyJ2IjoiMSJ9.i2xTQHCS88ARDUVgj4T2WWMRgUrGhZn8ZVaFSdhCgTutn0FtsmyX3iFVRU7B5v_WDHjePKrTRTSicrA3nyt58jN4SU4qE8gb5Cz0xJNyzVAG6JgFaFQYjEXbYLTXJ2zoHgaxUNu6YL2DB_HahUCu7FhaPhkj3UD-vqA1XzfJkhkHstpNzs6lXWcOy20F4ybMrwj7u1qlzgQcSgjGWFJlAjcofsBDen8s4khtwBC1uFTd_p2kXZV0o58SZ5IxFUN5-3zxSgITvXDhjrY1M0ZSSzUAYnroWuXq4hCy0jQLw54.5iM5abC3XpETsGr2ydZ5S4rG_APvtAiKMaBN5RvawXk&dib_tag=se&keywords=drone&qid=1785809853&sr=8-129&xpid=itLqQDKSO6foN,https://m.media-amazon.com/images/I/713CmlQ79lL._AC_UL320_.jpg,drone
B0H796199L,"1080P Drone with Camera for Kids & Adults Beginners, Foldable FPV Quadcopter with One Key Takeoff/Landing, Gesture Control, 360° Flips, 2 Batteries, Toy Gift for Teen Boys and Girls",,,,$44.99,4.6,,200+ bought in past month,https://www.amazon.com/Beginners-Foldable-Quadcopter-Takeoff-Batteries/dp/B0H796199L/ref=sr_1_130?dib=eyJ2IjoiMSJ9.i2xTQHCS88ARDUVgj4T2WWMRgUrGhZn8ZVaFSdhCgTutn0FtsmyX3iFVRU7B5v_WDHjePKrTRTSicrA3nyt58jN4SU4qE8gb5Cz0xJNyzVAG6JgFaFQYjEXbYLTXJ2zoHgaxUNu6YL2DB_HahUCu7FhaPhkj3UD-vqA1XzfJkhkHstpNzs6lXWcOy20F4ybMrwj7u1qlzgQcSgjGWFJlAjcofsBDen8s4khtwBC1uFTd_p2kXZV0o58SZ5IxFUN5-3zxSgITvXDhjrY1M0ZSSzUAYnroWuXq4hCy0jQLw54.5iM5abC3XpETsGr2ydZ5S4rG_APvtAiKMaBN5RvawXk&dib_tag=se&keywords=drone&qid=1785809853&sr=8-130&xpid=itLqQDKSO6foN,https://m.media-amazon.com/images/I/71bcWVb8lgL._AC_UL320_.jpg,drone
B01M25O8E0,Holy Stone HS190 Foldable Mini Nano RC Drone for Kids Gift Portable Pocket Quadcopter with Altitude Hold 3D Flips and Headless Mode Easy to Fly for Beginners,Holy Stone,,,$29.69,4.2,,200+ bought in past month,https://www.amazon.com/Holy-Stone-Foldable-Quadcopter-Beginners/dp/B01M25O8E0/ref=sr_1_131?dib=eyJ2IjoiMSJ9.i2xTQHCS88ARDUVgj4T2WWMRgUrGhZn8ZVaFSdhCgTutn0FtsmyX3iFVRU7B5v_WDHjePKrTRTSicrA3nyt58jN4SU4qE8gb5Cz0xJNyzVAG6JgFaFQYjEXbYLTXJ2zoHgaxUNu6YL2DB_HahUCu7FhaPhkj3UD-vqA1XzfJkhkHstpNzs6lXWcOy20F4ybMrwj7u1qlzgQcSgjGWFJlAjcofsBDen8s4khtwBC1uFTd_p2kXZV0o58SZ5IxFUN5-3zxSgITvXDhjrY1M0ZSSzUAYnroWuXq4hCy0jQLw54.5iM5abC3XpETsGr2ydZ5S4rG_APvtAiKMaBN5RvawXk&dib_tag=se&keywords=drone&qid=1785809853&sr=8-131&xpid=itLqQDKSO6foN,https://m.media-amazon.com/images/I/61p4hGk1HmL._AC_UL320_.jpg,drone
B0F66ZJYF5,"Bwine F7MINI 4K Video 8K Photo Drones with Camera for Adults, 3-Axis Gimbal EIS, 96Mins, 249g FAA-exempt, Over 6KM Transmission, Al GPS Smart Return, Follow, Waypoint, Orbit Fly, Better for Beginner",Bwine,,,$399.99,4.6,,,https://www.amazon.com/Bwine-F7MINI-Drones-Camera-Adults/dp/B0F66ZJYF5/ref=sr_1_132?dib=eyJ2IjoiMSJ9.i2xTQHCS88ARDUVgj4T2WWMRgUrGhZn8ZVaFSdhCgTutn0FtsmyX3iFVRU7B5v_WDHjePKrTRTSicrA3nyt58jN4SU4qE8gb5Cz0xJNyzVAG6JgFaFQYjEXbYLTXJ2zoHgaxUNu6YL2DB_HahUCu7FhaPhkj3UD-vqA1XzfJkhkHstpNzs6lXWcOy20F4ybMrwj7u1qlzgQcSgjGWFJlAjcofsBDen8s4khtwBC1uFTd_p2kXZV0o58SZ5IxFUN5-3zxSgITvXDhjrY1M0ZSSzUAYnroWuXq4hCy0jQLw54.5iM5abC3XpETsGr2ydZ5S4rG_APvtAiKMaBN5RvawXk&dib_tag=se&keywords=drone&qid=1785809853&sr=8-132&xpid=itLqQDKSO6foN,https://m.media-amazon.com/images/I/71PEvNR2VDL._AC_UL320_.jpg,drone
B0FNY58362,Drones: What Everyone Needs to Know®: What Everyone Needs To Know?,,,,$0.00,4.2,,,https://www.amazon.com/Drones-What-Everyone-Needs-Know%C2%AE/dp/B0FNY58362/ref=sr_1_135?dib=eyJ2IjoiMSJ9.i2xTQHCS88ARDUVgj4T2WWMRgUrGhZn8ZVaFSdhCgTutn0FtsmyX3iFVRU7B5v_WDHjePKrTRTSicrA3nyt58jN4SU4qE8gb5Cz0xJNyzVAG6JgFaFQYjEXbYLTXJ2zoHgaxUNu6YL2DB_HahUCu7FhaPhkj3UD-vqA1XzfJkhkHstpNzs6lXWcOy20F4ybMrwj7u1qlzgQcSgjGWFJlAjcofsBDen8s4khtwBC1uFTd_p2kXZV0o58SZ5IxFUN5-3zxSgITvXDhjrY1M0ZSSzUAYnroWuXq4hCy0jQLw54.5iM5abC3XpETsGr2ydZ5S4rG_APvtAiKMaBN5RvawXk&dib_tag=se&keywords=drone&qid=1785809853&sr=8-135&xpid=itLqQDKSO6foN,https://m.media-amazon.com/images/I/81zQfop83IL._AC_UL320_.jpg,drone
B0H2LX34C9,"LEFEET Civilian Drone, Waterproof Aerial & Underwater Hybrid Drone with HD Camera, GPS Navigation for Marine Exploration",,,,"$19,999.00",,,,https://www.amazon.com/LEFEET-Waterproof-Underwater-Navigation-Exploration/dp/B0H2LX34C9/ref=sr_1_136?dib=eyJ2IjoiMSJ9.i2xTQHCS88ARDUVgj4T2WWMRgUrGhZn8ZVaFSdhCgTutn0FtsmyX3iFVRU7B5v_WDHjePKrTRTSicrA3nyt58jN4SU4qE8gb5Cz0xJNyzVAG6JgFaFQYjEXbYLTXJ2zoHgaxUNu6YL2DB_HahUCu7FhaPhkj3UD-vqA1XzfJkhkHstpNzs6lXWcOy20F4ybMrwj7u1qlzgQcSgjGWFJlAjcofsBDen8s4khtwBC1uFTd_p2kXZV0o58SZ5IxFUN5-3zxSgITvXDhjrY1M0ZSSzUAYnroWuXq4hCy0jQLw54.5iM5abC3XpETsGr2ydZ5S4rG_APvtAiKMaBN5RvawXk&dib_tag=se&keywords=drone&qid=1785809853&sr=8-136&xpid=itLqQDKSO6foN,https://m.media-amazon.com/images/I/61RDk2C-42L._AC_UL320_.jpg,drone
B0GG8P2651,"HAWK’S WORK F450 DIY Drone Kit, Open Source DIY 450mm Quadcopter Set (A) | Pixhawk-based open source DIY kit, wide component compatibility, fast assembly, for UAV education & research",,,,$399.99,4.7,,,https://www.amazon.com/HAWKS-WORK-Engineering-Enthusiasts-Researchers/dp/B0GG8P2651/ref=sr_1_139?dib=eyJ2IjoiMSJ9.i2xTQHCS88ARDUVgj4T2WWMRgUrGhZn8ZVaFSdhCgTutn0FtsmyX3iFVRU7B5v_WDHjePKrTRTSicrA3nyt58jN4SU4qE8gb5Cz0xJNyzVAG6JgFaFQYjEXbYLTXJ2zoHgaxUNu6YL2DB_HahUCu7FhaPhkj3UD-vqA1XzfJkhkHstpNzs6lXWcOy20F4ybMrwj7u1qlzgQcSgjGWFJlAjcofsBDen8s4khtwBC1uFTd_p2kXZV0o58SZ5IxFUN5-3zxSgITvXDhjrY1M0ZSSzUAYnroWuXq4hCy0jQLw54.5iM5abC3XpETsGr2ydZ5S4rG_APvtAiKMaBN5RvawXk&dib_tag=se&keywords=drone&qid=1785809853&sr=8-139&xpid=itLqQDKSO6foN,https://m.media-amazon.com/images/I/71N5TOE8AyL._AC_UL320_.jpg,drone
B0DSL2KPRQ,"Autel Robotics EVO Lite 6K Enterprise Plus Combo, AI Target Recognition | 1'' CMOS 6K Camera, F2.8~F11 Aperture,16x Digital Zoom, 40 Minutes, 12KM Transmission, 3-Way Obstacle Sensing, 3 Batteries",Autel,,,"$1,899.00",5.0,,,https://www.amazon.com/Autel-Enterprise-Recognition-Transmission-Controller/dp/B0DSL2KPRQ/ref=sr_1_140?dib=eyJ2IjoiMSJ9.i2xTQHCS88ARDUVgj4T2WWMRgUrGhZn8ZVaFSdhCgTutn0FtsmyX3iFVRU7B5v_WDHjePKrTRTSicrA3nyt58jN4SU4qE8gb5Cz0xJNyzVAG6JgFaFQYjEXbYLTXJ2zoHgaxUNu6YL2DB_HahUCu7FhaPhkj3UD-vqA1XzfJkhkHstpNzs6lXWcOy20F4ybMrwj7u1qlzgQcSgjGWFJlAjcofsBDen8s4khtwBC1uFTd_p2kXZV0o58SZ5IxFUN5-3zxSgITvXDhjrY1M0ZSSzUAYnroWuXq4hCy0jQLw54.5iM5abC3XpETsGr2ydZ5S4rG_APvtAiKMaBN5RvawXk&dib_tag=se&keywords=drone&qid=1785809853&sr=8-140&xpid=itLqQDKSO6foN,https://m.media-amazon.com/images/I/71rY17bWXML._AC_UL320_.jpg,drone
B0H32JDJB5,"Drone with Camera 1080P for Kids, Adults & Beginners, Foldable Mini Drone, RC Quadcopter with 2 Batteries, One Key Takeoff and Landing, 360° Flip, Gesture Control, Toy Gift for Boys, Girls",,,,$44.99,3.9,,100+ bought in past month,https://www.amazon.com/Beginners-Foldable-Quadcopter-Batteries-Takeoff/dp/B0H32JDJB5/ref=sr_1_141?dib=eyJ2IjoiMSJ9.i2xTQHCS88ARDUVgj4T2WWMRgUrGhZn8ZVaFSdhCgTutn0FtsmyX3iFVRU7B5v_WDHjePKrTRTSicrA3nyt58jN4SU4qE8gb5Cz0xJNyzVAG6JgFaFQYjEXbYLTXJ2zoHgaxUNu6YL2DB_HahUCu7FhaPhkj3UD-vqA1XzfJkhkHstpNzs6lXWcOy20F4ybMrwj7u1qlzgQcSgjGWFJlAjcofsBDen8s4khtwBC1uFTd_p2kXZV0o58SZ5IxFUN5-3zxSgITvXDhjrY1M0ZSSzUAYnroWuXq4hCy0jQLw54.5iM5abC3XpETsGr2ydZ5S4rG_APvtAiKMaBN5RvawXk&dib_tag=se&keywords=drone&qid=1785809853&sr=8-141&xpid=itLqQDKSO6foN,https://m.media-amazon.com/images/I/719NghBL43L._AC_UL320_.jpg,drone
B0F62JTH3N,"Holy Stone HS790 6K Photo Drone with Camera for Adults, 3 Axis Brushless Gimbal 4K Video, 30000ft Transmission, 60Min Flight with Fast Charging Hub, AI Night Shot, GPS Smart Flight, Beginner Mode",Holy Stone,,,$369.99,4.4,,,https://www.amazon.com/Holy-Stone-Quadcopter-Transmission-QuickShots/dp/B0F62JTH3N/ref=sr_1_146?dib=eyJ2IjoiMSJ9.i2xTQHCS88ARDUVgj4T2WWMRgUrGhZn8ZVaFSdhCgTutn0FtsmyX3iFVRU7B5v_WDHjePKrTRTSicrA3nyt58jN4SU4qE8gb5Cz0xJNyzVAG6JgFaFQYjEXbYLTXJ2zoHgaxUNu6YL2DB_HahUCu7FhaPhkj3UD-vqA1XzfJkhkHstpNzs6lXWcOy20F4ybMrwj7u1qlzgQcSgjGWFJlAjcofsBDen8s4khtwBC1uFTd_p2kXZV0o58SZ5IxFUN5-3zxSgITvXDhjrY1M0ZSSzUAYnroWuXq4hCy0jQLw54.5iM5abC3XpETsGr2ydZ5S4rG_APvtAiKMaBN5RvawXk&dib_tag=se&keywords=drone&qid=1785809853&sr=8-146&xpid=itLqQDKSO6foN,https://m.media-amazon.com/images/I/61q7EcHsuQL._AC_UL320_.jpg,drone
B07YYBVR6D,"Drones: How to Make Money: Drones Series, Book 5",,,,$0.00,3.8,,,https://www.amazon.com/Drones-How-Make-Money-Book/dp/B07YYBVR6D/ref=sr_1_147?dib=eyJ2IjoiMSJ9.i2xTQHCS88ARDUVgj4T2WWMRgUrGhZn8ZVaFSdhCgTutn0FtsmyX3iFVRU7B5v_WDHjePKrTRTSicrA3nyt58jN4SU4qE8gb5Cz0xJNyzVAG6JgFaFQYjEXbYLTXJ2zoHgaxUNu6YL2DB_HahUCu7FhaPhkj3UD-vqA1XzfJkhkHstpNzs6lXWcOy20F4ybMrwj7u1qlzgQcSgjGWFJlAjcofsBDen8s4khtwBC1uFTd_p2kXZV0o58SZ5IxFUN5-3zxSgITvXDhjrY1M0ZSSzUAYnroWuXq4hCy0jQLw54.5iM5abC3XpETsGr2ydZ5S4rG_APvtAiKMaBN5RvawXk&dib_tag=se&keywords=drone&qid=1785809853&sr=8-147&xpid=itLqQDKSO6foN,https://m.media-amazon.com/images/I/81wcrNlYXgL._AC_UL320_.jpg,drone
B0GZ5KFV3B,"Beta-H07 Hybrid Tactical Drone, Fixed-Wing Quadcopter, Carbon Fiber and Aluminum Alloy, 7-Inch Propellers, VTOL RC Multirotor",,,,"$3,599.00",,,,https://www.amazon.com/Beta-H07-Fixed-Wing-Quadcopter-Propellers-Multirotor/dp/B0GZ5KFV3B/ref=sr_1_148?dib=eyJ2IjoiMSJ9.i2xTQHCS88ARDUVgj4T2WWMRgUrGhZn8ZVaFSdhCgTutn0FtsmyX3iFVRU7B5v_WDHjePKrTRTSicrA3nyt58jN4SU4qE8gb5Cz0xJNyzVAG6JgFaFQYjEXbYLTXJ2zoHgaxUNu6YL2DB_HahUCu7FhaPhkj3UD-vqA1XzfJkhkHstpNzs6lXWcOy20F4ybMrwj7u1qlzgQcSgjGWFJlAjcofsBDen8s4khtwBC1uFTd_p2kXZV0o58SZ5IxFUN5-3zxSgITvXDhjrY1M0ZSSzUAYnroWuXq4hCy0jQLw54.5iM5abC3XpETsGr2ydZ5S4rG_APvtAiKMaBN5RvawXk&dib_tag=se&keywords=drone&qid=1785809853&sr=8-148&xpid=itLqQDKSO6foN,https://m.media-amazon.com/images/I/41+ugajrjqL._AC_UL320_.jpg,drone
B0GZWNZH8V,"DJI Mavic 4 Pro 512GB Creator Combo with RC Pro 2 - Flagship Tri-Camera Drone, 100MP Hasselblad Camera, 4-Battery Bundle, Charging Hub, 128GB SD Card",DJI,,,"$4,899.00",,,,https://www.amazon.com/DJI-Mavic-512GB-Creator-Combo/dp/B0GZWNZH8V/ref=sr_1_110?dib=eyJ2IjoiMSJ9.PHTm18AKerJpiu2Rezan-VbAF7gPE4lJNBP1QHKenMk3tbKZUkNy08zmi1gxqlMZJp6ScU7Sxc2aq5VFUn__Dm5CaolRrAW2HTjB3HbM4GrGP-hTtFvaJfPvTBvHTSrJEGdxuR4TfFQw-cPxPOelNR6sCnGYrtSvreIUx4JaVK1AFRwTC5BaKP1lnU4nTKbVFs7y_A4T7wohvk01sqlRovU33WHmGpq7Rbo1seAqPe-cfqNjYROG5_jZCWTxnPjPNdBTA-BGUbtSIntHX3Z0iSCKaP9b-BhP4NYcdFR7rnA.OcXGzPxYvD7Ka08vjNRFoanZQ6KHjukMMOaoEcjlwKk&dib_tag=se&keywords=drone&qid=1785811888&sr=8-110&xpid=RcpG2dJBJCW59,https://m.media-amazon.com/images/I/71bBsaGu-wL._AC_UL320_.jpg,drone
B0GX598JFP,"S119 GPS 4K Drone with Camera and 5G Screen Remote | Obstacle Avoidance, Under 249g, 3 batteries up to 75 min, 2000m range, GPS auto return, Brushless motors, Beginner friendly",,,,$179.99,4.4,,50+ bought in past month,https://www.amazon.com/RAIGNV-Drone-Camera-Screen-Remote/dp/B0GX598JFP/ref=sr_1_150?dib=eyJ2IjoiMSJ9.i2xTQHCS88ARDUVgj4T2WWMRgUrGhZn8ZVaFSdhCgTutn0FtsmyX3iFVRU7B5v_WDHjePKrTRTSicrA3nyt58jN4SU4qE8gb5Cz0xJNyzVAG6JgFaFQYjEXbYLTXJ2zoHgaxUNu6YL2DB_HahUCu7FhaPhkj3UD-vqA1XzfJkhkHstpNzs6lXWcOy20F4ybMrwj7u1qlzgQcSgjGWFJlAjcofsBDen8s4khtwBC1uFTd_p2kXZV0o58SZ5IxFUN5-3zxSgITvXDhjrY1M0ZSSzUAYnroWuXq4hCy0jQLw54.5iM5abC3XpETsGr2ydZ5S4rG_APvtAiKMaBN5RvawXk&dib_tag=se&keywords=drone&qid=1785809853&sr=8-150&xpid=itLqQDKSO6foN,https://m.media-amazon.com/images/I/61kOns4GcFL._AC_UL320_.jpg,drone
B0GV7KGYGG,"Heavy-Lift Drone up to 110 lb (50kg) Payload, Waterproof, 5 mile (8 Km) Long Range UAV, Take-Off Weight 200 lb (90 kg), Delivery Quadcopter",,,,"$16,500.00",,,,https://www.amazon.com/Heavy-Lift-Waterproof-Take-Off-Delivery-Quadcopter/dp/B0GV7KGYGG/ref=sr_1_151?dib=eyJ2IjoiMSJ9.i2xTQHCS88ARDUVgj4T2WWMRgUrGhZn8ZVaFSdhCgTutn0FtsmyX3iFVRU7B5v_WDHjePKrTRTSicrA3nyt58jN4SU4qE8gb5Cz0xJNyzVAG6JgFaFQYjEXbYLTXJ2zoHgaxUNu6YL2DB_HahUCu7FhaPhkj3UD-vqA1XzfJkhkHstpNzs6lXWcOy20F4ybMrwj7u1qlzgQcSgjGWFJlAjcofsBDen8s4khtwBC1uFTd_p2kXZV0o58SZ5IxFUN5-3zxSgITvXDhjrY1M0ZSSzUAYnroWuXq4hCy0jQLw54.5iM5abC3XpETsGr2ydZ5S4rG_APvtAiKMaBN5RvawXk&dib_tag=se&keywords=drone&qid=1785809853&sr=8-151&xpid=itLqQDKSO6foN,https://m.media-amazon.com/images/I/51oHFiy50PL._AC_UL320_.jpg,drone
B0GJCSG61X,"【2026 New】QYSEA FIFISH V6 Expert M200A Underwater Drone with Robotic Arm, AI Vision Lock, Underwater Robot with Industrial Case, 6 Hours Working Time, 4K Camera, 660ft Dive",,,,"$4,298.00",,,,https://www.amazon.com/New%E3%80%91QYSEA-FIFISH-M200A-Underwater-Industrial/dp/B0GJCSG61X/ref=sr_1_152?dib=eyJ2IjoiMSJ9.i2xTQHCS88ARDUVgj4T2WWMRgUrGhZn8ZVaFSdhCgTutn0FtsmyX3iFVRU7B5v_WDHjePKrTRTSicrA3nyt58jN4SU4qE8gb5Cz0xJNyzVAG6JgFaFQYjEXbYLTXJ2zoHgaxUNu6YL2DB_HahUCu7FhaPhkj3UD-vqA1XzfJkhkHstpNzs6lXWcOy20F4ybMrwj7u1qlzgQcSgjGWFJlAjcofsBDen8s4khtwBC1uFTd_p2kXZV0o58SZ5IxFUN5-3zxSgITvXDhjrY1M0ZSSzUAYnroWuXq4hCy0jQLw54.5iM5abC3XpETsGr2ydZ5S4rG_APvtAiKMaBN5RvawXk&dib_tag=se&keywords=drone&qid=1785809853&sr=8-152&xpid=itLqQDKSO6foN,https://m.media-amazon.com/images/I/61u3uNi1baL._AC_UL320_.jpg,drone
B0FJ87YTPV,"Mini Drones with HD Camera for Adults 4K,Drone for Beginners | RC Drone with Screen On Remote Controller,Foldable Quadcopter,2 Batteries,Auto Return,Carrying Case,Toys Gifts for Kids Teens",,,,$75.99,4.1,,50+ bought in past month,https://www.amazon.com/Drones-Camera-Adults-Drone-Beginners/dp/B0FJ87YTPV/ref=sr_1_153?dib=eyJ2IjoiMSJ9.i2xTQHCS88ARDUVgj4T2WWMRgUrGhZn8ZVaFSdhCgTutn0FtsmyX3iFVRU7B5v_WDHjePKrTRTSicrA3nyt58jN4SU4qE8gb5Cz0xJNyzVAG6JgFaFQYjEXbYLTXJ2zoHgaxUNu6YL2DB_HahUCu7FhaPhkj3UD-vqA1XzfJkhkHstpNzs6lXWcOy20F4ybMrwj7u1qlzgQcSgjGWFJlAjcofsBDen8s4khtwBC1uFTd_p2kXZV0o58SZ5IxFUN5-3zxSgITvXDhjrY1M0ZSSzUAYnroWuXq4hCy0jQLw54.5iM5abC3XpETsGr2ydZ5S4rG_APvtAiKMaBN5RvawXk&dib_tag=se&keywords=drone&qid=1785809853&sr=8-153&xpid=itLqQDKSO6foN,https://m.media-amazon.com/images/I/71txNU9ZB0L._AC_UL320_.jpg,drone
B0GXFPPLG8,"Drones with Camera for Adults 4K, 3 batteries,Dark Gray | Under 249g, 8k Camera Drone with large screen controler and GPS Auto Return, Follow Me, Easy for Beginners,",,,,$279.99,4.1,,50+ bought in past month,https://www.amazon.com/Utceku-Drones-Camera-Adults-batteries/dp/B0GXFPPLG8/ref=sr_1_154?dib=eyJ2IjoiMSJ9.i2xTQHCS88ARDUVgj4T2WWMRgUrGhZn8ZVaFSdhCgTutn0FtsmyX3iFVRU7B5v_WDHjePKrTRTSicrA3nyt58jN4SU4qE8gb5Cz0xJNyzVAG6JgFaFQYjEXbYLTXJ2zoHgaxUNu6YL2DB_HahUCu7FhaPhkj3UD-vqA1XzfJkhkHstpNzs6lXWcOy20F4ybMrwj7u1qlzgQcSgjGWFJlAjcofsBDen8s4khtwBC1uFTd_p2kXZV0o58SZ5IxFUN5-3zxSgITvXDhjrY1M0ZSSzUAYnroWuXq4hCy0jQLw54.5iM5abC3XpETsGr2ydZ5S4rG_APvtAiKMaBN5RvawXk&dib_tag=se&keywords=drone&qid=1785809853&sr=8-154&xpid=itLqQDKSO6foN,https://m.media-amazon.com/images/I/610tM6eCmTL._AC_UL320_.jpg,drone
B09SVKGW92,FIFISH PRO W6 Underwater ROV Kit with Remote Controller and Robotic Arm,,,,"$36,999.00",,,,https://www.amazon.com/FIFISH-Underwater-Remote-Controller-Robotic/dp/B09SVKGW92/ref=sr_1_155?dib=eyJ2IjoiMSJ9.i2xTQHCS88ARDUVgj4T2WWMRgUrGhZn8ZVaFSdhCgTutn0FtsmyX3iFVRU7B5v_WDHjePKrTRTSicrA3nyt58jN4SU4qE8gb5Cz0xJNyzVAG6JgFaFQYjEXbYLTXJ2zoHgaxUNu6YL2DB_HahUCu7FhaPhkj3UD-vqA1XzfJkhkHstpNzs6lXWcOy20F4ybMrwj7u1qlzgQcSgjGWFJlAjcofsBDen8s4khtwBC1uFTd_p2kXZV0o58SZ5IxFUN5-3zxSgITvXDhjrY1M0ZSSzUAYnroWuXq4hCy0jQLw54.5iM5abC3XpETsGr2ydZ5S4rG_APvtAiKMaBN5RvawXk&dib_tag=se&keywords=drone&qid=1785809853&sr=8-155&xpid=itLqQDKSO6foN,https://m.media-amazon.com/images/I/61zL0SjuUqL._AC_UL320_.jpg,drone
B0H665RLL2,Drones: Beyond the Hobby: Exploring Commercial Applications and Future Trends in Drone Technology,,,,$0.00,,,,https://www.amazon.com/Drones-Exploring-Commercial-Applications-Technology/dp/B0H665RLL2/ref=sr_1_156?dib=eyJ2IjoiMSJ9.i2xTQHCS88ARDUVgj4T2WWMRgUrGhZn8ZVaFSdhCgTutn0FtsmyX3iFVRU7B5v_WDHjePKrTRTSicrA3nyt58jN4SU4qE8gb5Cz0xJNyzVAG6JgFaFQYjEXbYLTXJ2zoHgaxUNu6YL2DB_HahUCu7FhaPhkj3UD-vqA1XzfJkhkHstpNzs6lXWcOy20F4ybMrwj7u1qlzgQcSgjGWFJlAjcofsBDen8s4khtwBC1uFTd_p2kXZV0o58SZ5IxFUN5-3zxSgITvXDhjrY1M0ZSSzUAYnroWuXq4hCy0jQLw54.5iM5abC3XpETsGr2ydZ5S4rG_APvtAiKMaBN5RvawXk&dib_tag=se&keywords=drone&qid=1785809853&sr=8-156&xpid=itLqQDKSO6foN,https://m.media-amazon.com/images/I/61tN4gANLJL._AC_UL320_.jpg,drone
B0GWLC7PH7,"Heavy Lift Drone up to 200 lb, up to 5 mile Range UAV, Waterproof, Delivery Quadcopter (50 kg) 110 lb",,,,"$15,500.00",,,,https://www.amazon.com/Heavy-Drone-Waterproof-Delivery-Quadcopter/dp/B0GWLC7PH7/ref=sr_1_157?dib=eyJ2IjoiMSJ9.i2xTQHCS88ARDUVgj4T2WWMRgUrGhZn8ZVaFSdhCgTutn0FtsmyX3iFVRU7B5v_WDHjePKrTRTSicrA3nyt58jN4SU4qE8gb5Cz0xJNyzVAG6JgFaFQYjEXbYLTXJ2zoHgaxUNu6YL2DB_HahUCu7FhaPhkj3UD-vqA1XzfJkhkHstpNzs6lXWcOy20F4ybMrwj7u1qlzgQcSgjGWFJlAjcofsBDen8s4khtwBC1uFTd_p2kXZV0o58SZ5IxFUN5-3zxSgITvXDhjrY1M0ZSSzUAYnroWuXq4hCy0jQLw54.5iM5abC3XpETsGr2ydZ5S4rG_APvtAiKMaBN5RvawXk&dib_tag=se&keywords=drone&qid=1785809853&sr=8-157&xpid=itLqQDKSO6foN,https://m.media-amazon.com/images/I/411l7h5RYsL._AC_UL320_.jpg,drone
B0H2J32B1K,"LEFEET Autonomous Underwater Vehicle for Seabed Inspections, High-Precision Marine Survey Drone with Sonar & Camera, Waterproof",,,,"$19,999.99",,,,https://www.amazon.com/LEFEET-Autonomous-Underwater-Inspections-High-Precision/dp/B0H2J32B1K/ref=sr_1_158?dib=eyJ2IjoiMSJ9.i2xTQHCS88ARDUVgj4T2WWMRgUrGhZn8ZVaFSdhCgTutn0FtsmyX3iFVRU7B5v_WDHjePKrTRTSicrA3nyt58jN4SU4qE8gb5Cz0xJNyzVAG6JgFaFQYjEXbYLTXJ2zoHgaxUNu6YL2DB_HahUCu7FhaPhkj3UD-vqA1XzfJkhkHstpNzs6lXWcOy20F4ybMrwj7u1qlzgQcSgjGWFJlAjcofsBDen8s4khtwBC1uFTd_p2kXZV0o58SZ5IxFUN5-3zxSgITvXDhjrY1M0ZSSzUAYnroWuXq4hCy0jQLw54.5iM5abC3XpETsGr2ydZ5S4rG_APvtAiKMaBN5RvawXk&dib_tag=se&keywords=drone&qid=1785809853&sr=8-158&xpid=itLqQDKSO6foN,https://m.media-amazon.com/images/I/51LH26L8OsL._AC_UL320_.jpg,drone
B0DDCLFNMF,"Veeniix V11PRO Drone for Adults 3-Axis Gimbal Quadcopter 8K Camera | 48 Million Pixels, 4K/30fps Footage, 2 Batteries 80Min Flight Time, 6KM Video Transmission, Professional Aerial Photography",,,,$279.99,4.2,361,,https://www.amazon.com/sspa/click?ie=UTF8&spc=MTozNzI3NjU0NjQ1ODI2MzY6MTc4NTgzMTQyNjpzcF9tdGY6MzAwOTQwOTU0OTY5NDAyOjowOjo&url=%2FVeeniix-Batteries-Transmission-Quadcopter-Professional%2Fdp%2FB0DDCLFNMF%2Fref%3Dsr_1_13_sspa%3Fdib%3DeyJ2IjoiMSJ9.AvqpZ02C7FD0Iyyg_KSigu0GCtqUPCin-69ueNzMmdJsaqw_brU4ci_8FD5wmV2_BGH9IE-70DiO3h23J9IVarQxaWwROYWHsrf_DkRGX_u2fDA4woTTKd0b0dA-iNLToIRy--WucwYd9fropfHPijLFcHXofabQC1ZuE0W0qqslbMNzNVqosUtTqFfRWHxNka3NtcZyWbmFS3Xm5qxEZb7NXX5S5Ruve_tNwfqTqNVbo0KEVkxvwVAuFqWQE1mEKYD7697VIqRJN4w-yCOpIGYNQQpbi9taYIAAFOnCqYA.mArGjuEdmUwkPCBsGafteTznXKIvwgLxG0VGxBT8v98%26dib_tag%3Dse%26keywords%3Ddrone%26qid%3D1785831426%26sr%3D8-13-spons%26sp_csd%3Dd2lkZ2V0TmFtZT1zcF9tdGY%26psc%3D1,https://m.media-amazon.com/images/I/71FgautvLML._AC_UL320_.jpg,drone
B0FS5YJ4L9,"Skyrover S1 Mini Drone Combo with Camera 4K/60fps Video, 48MP Photo with 8K Image Quality, 3-Axis Gimbal Stabilization, 39,000ft Video Transmission, Under 249g, Auto Track, 120-Min Flight Time with 3 Batteries",,,,$319.00,4.3,327,300+ bought in past month,https://www.amazon.com/sspa/click?ie=UTF8&spc=MTozNzI3NjU0NjQ1ODI2MzY6MTc4NTgzMTQyNjpzcF9tdGY6MzAwOTkyMzI2NTU5MDAyOjowOjo&url=%2FSkyrover-Quality-Stabilization-Transmission-Batteries%2Fdp%2FB0FS5YJ4L9%2Fref%3Dsr_1_20_sspa%3Fdib%3DeyJ2IjoiMSJ9.AvqpZ02C7FD0Iyyg_KSigu0GCtqUPCin-69ueNzMmdJsaqw_brU4ci_8FD5wmV2_BGH9IE-70DiO3h23J9IVarQxaWwROYWHsrf_DkRGX_u2fDA4woTTKd0b0dA-iNLToIRy--WucwYd9fropfHPijLFcHXofabQC1ZuE0W0qqslbMNzNVqosUtTqFfRWHxNka3NtcZyWbmFS3Xm5qxEZb7NXX5S5Ruve_tNwfqTqNVbo0KEVkxvwVAuFqWQE1mEKYD7697VIqRJN4w-yCOpIGYNQQpbi9taYIAAFOnCqYA.mArGjuEdmUwkPCBsGafteTznXKIvwgLxG0VGxBT8v98%26dib_tag%3Dse%26keywords%3Ddrone%26qid%3D1785831426%26sr%3D8-20-spons%26sp_csd%3Dd2lkZ2V0TmFtZT1zcF9tdGY%26psc%3D1,https://m.media-amazon.com/images/I/61GUF8LRJLL._AC_UL320_.jpg,drone
B0H36PJY9D,"Skyrover S1 Mini Drone Camera Combo with Screen Controller, 4K/60fps Video, 8K Photo, 7.45-Mi Video Transmission, Under 249g, Auto Track, Vertical Shooting, 120-Min Flight Time with 3 Batteries",,,,$519.00,4.3,325,100+ bought in past month,https://www.amazon.com/sspa/click?ie=UTF8&spc=MToyOTYzMTMwOTUyNjg2NTI1OjE3ODU4MTE1OTg6c3BfbXRmOjMwMTM1NjYyNTY3MTMwMjo6MDo6&url=%2FSkyrover-Controller-Transmission-Vertical-Batteries%2Fdp%2FB0H36PJY9D%2Fref%3Dsr_1_22_sspa%3Fdib%3DeyJ2IjoiMSJ9.yhJmkx3Yw-gjTeJ8C7axuHwD25Z3iKpT2rTS8bKMpwpDe7WZZ6iZhckY-hVGdAIqDGlD8w9Ub6pRXq-u9mzRwuGYL3mq7TI_h_0_6vzu8nW_WdXh6qu7fZRMLcsi9gQRUdImQeN0uEHQX9NJ3jIT19s0EBHkXzLiPq4TXfCPVbNyDEgnDgQge1j3vAkrQdYSY9tbMmPqZdwlIHM6lEguLEc1zAjTN1EDLAp92wIBBesa8W5-rmpROHoDPNsNh4TSiYN40SApsCf-5eKqxCRU5AIxI1CjcLPhY0o-cawgbNI.Zyrx1DrnhjGOZ4VqUwObkyqwW58WINwqccGpezZ74aA%26dib_tag%3Dse%26keywords%3Ddrone%26qid%3D1785811598%26sr%3D8-22-spons%26sp_csd%3Dd2lkZ2V0TmFtZT1zcF9tdGY%26psc%3D1,https://m.media-amazon.com/images/I/710jwgBxEjL._AC_UL320_.jpg,drone
B0GYSYJZN3,4K Drone with 3-Axis Gimbal Camera for Adults GPS Return | Under 249g | 3-axis gimbal | 4K camera | GPS return | Obstacle sensing | 70 mins flight time | Brushless motor | 2 batteries,,,,$499.99,5.0,4,,https://www.amazon.com/sspa/click?ie=UTF8&spc=MToyOTYzMTMwOTUyNjg2NTI1OjE3ODU4MTE1OTg6c3BfbXRmOjMwMTM5NjA0MDIxMDgwMjo6MDo6&url=%2FRAIGNV-3-Axis-Gimbal-Camera-Adults%2Fdp%2FB0GYSYJZN3%2Fref%3Dsr_1_23_sspa%3Fdib%3DeyJ2IjoiMSJ9.yhJmkx3Yw-gjTeJ8C7axuHwD25Z3iKpT2rTS8bKMpwpDe7WZZ6iZhckY-hVGdAIqDGlD8w9Ub6pRXq-u9mzRwuGYL3mq7TI_h_0_6vzu8nW_WdXh6qu7fZRMLcsi9gQRUdImQeN0uEHQX9NJ3jIT19s0EBHkXzLiPq4TXfCPVbNyDEgnDgQge1j3vAkrQdYSY9tbMmPqZdwlIHM6lEguLEc1zAjTN1EDLAp92wIBBesa8W5-rmpROHoDPNsNh4TSiYN40SApsCf-5eKqxCRU5AIxI1CjcLPhY0o-cawgbNI.Zyrx1DrnhjGOZ4VqUwObkyqwW58WINwqccGpezZ74aA%26dib_tag%3Dse%26keywords%3Ddrone%26qid%3D1785811598%26sr%3D8-23-spons%26sp_csd%3Dd2lkZ2V0TmFtZT1zcF9tdGY%26psc%3D1,https://m.media-amazon.com/images/I/71RmaLdYZqL._AC_UL320_.jpg,drone
B0FCXRB5N5,"SKYROVER X1 Drone with Camera 4K, Mini Drone for Adults, 8K Photo, Under 249g, 9.32-Mi Transmission, 360 Degree Obstacle Sensing, 32-Min Flight Time",,,,$459.00,4.4,413,,https://www.amazon.com/sspa/click?ie=UTF8&spc=MTozMzUxMTExNjE4NTQ1OTI3OjE3ODU4MTE4ODg6c3BfYXRmX25leHQ6MzAxMTQ3NTIxMDkwNTAyOjowOjo&url=%2FSKYROVER-50000ft-Transmission-Obstacle-Sensing%2Fdp%2FB0FCXRB5N5%2Fref%3Dsr_1_50_sspa%3Fdib%3DeyJ2IjoiMSJ9.PHTm18AKerJpiu2Rezan-VbAF7gPE4lJNBP1QHKenMk3tbKZUkNy08zmi1gxqlMZJp6ScU7Sxc2aq5VFUn__Dm5CaolRrAW2HTjB3HbM4GrGP-hTtFvaJfPvTBvHTSrJEGdxuR4TfFQw-cPxPOelNR6sCnGYrtSvreIUx4JaVK1AFRwTC5BaKP1lnU4nTKbVFs7y_A4T7wohvk01sqlRovU33WHmGpq7Rbo1seAqPe-cfqNjYROG5_jZCWTxnPjPNdBTA-BGUbtSIntHX3Z0iSCKaP9b-BhP4NYcdFR7rnA.OcXGzPxYvD7Ka08vjNRFoanZQ6KHjukMMOaoEcjlwKk%26dib_tag%3Dse%26keywords%3Ddrone%26qid%3D1785811888%26sr%3D8-50-spons%26xpid%3DRcpG2dJBJCW59%26sp_csd%3Dd2lkZ2V0TmFtZT1zcF9hdGZfbmV4dA%26psc%3D1,https://m.media-amazon.com/images/I/61uOD-HVCEL._AC_UL320_.jpg,drone
B0DKHHSX7H,"Potensic ATOM 2 Drone with Camera for Adults 4K HDR Video, 8K Photo, Under 249g, 3-Axis Gimbal, 10KM Transmission, AI Track, Vertical Shooting, AI Night Shot, QuickShots, Standard Kit (32-Min Flight)",Potensic,,,$279.99,4.5,1870,100+ bought in past month,https://www.amazon.com/sspa/click?ie=UTF8&spc=MTozMzUxMTExNjE4NTQ1OTI3OjE3ODU4MTE4ODg6c3BfYXRmX25leHQ6MzAxMDYzODQyODc4ODAyOjowOjo&url=%2FPotensic-Transmission-Vertical-Shooting-QuickShots%2Fdp%2FB0DKHHSX7H%2Fref%3Dsr_1_52_sspa%3Fdib%3DeyJ2IjoiMSJ9.PHTm18AKerJpiu2Rezan-VbAF7gPE4lJNBP1QHKenMk3tbKZUkNy08zmi1gxqlMZJp6ScU7Sxc2aq5VFUn__Dm5CaolRrAW2HTjB3HbM4GrGP-hTtFvaJfPvTBvHTSrJEGdxuR4TfFQw-cPxPOelNR6sCnGYrtSvreIUx4JaVK1AFRwTC5BaKP1lnU4nTKbVFs7y_A4T7wohvk01sqlRovU33WHmGpq7Rbo1seAqPe-cfqNjYROG5_jZCWTxnPjPNdBTA-BGUbtSIntHX3Z0iSCKaP9b-BhP4NYcdFR7rnA.OcXGzPxYvD7Ka08vjNRFoanZQ6KHjukMMOaoEcjlwKk%26dib_tag%3Dse%26keywords%3Ddrone%26qid%3D1785811888%26sr%3D8-52-spons%26xpid%3DRcpG2dJBJCW59%26sp_csd%3Dd2lkZ2V0TmFtZT1zcF9hdGZfbmV4dA%26psc%3D1,https://m.media-amazon.com/images/I/61QWLd+u+9L._AC_UL320_.jpg,drone
B0H2V7WWYZ,"SKYROVER X1 Drone with Camera Combo with Screen Controller, 4K/60fps Video, 8K Photo, 360° Obstacle Avoidance, Under 249g, 9.32-Mi Transmission, AI Night Shot, 96-Min Flight Time with 3 Batteries",,,,$719.00,4.4,413,400+ bought in past month,https://www.amazon.com/sspa/click?ie=UTF8&spc=MTozMzUxMTExNjE4NTQ1OTI3OjE3ODU4MTE4ODg6c3BfbXRmOjMwMTM0MjMxODQ4MDcwMjo6MDo6&url=%2FSKYROVER-Controller-Avoidance-Transmission-Batteries%2Fdp%2FB0H2V7WWYZ%2Fref%3Dsr_1_62_sspa%3Fdib%3DeyJ2IjoiMSJ9.PHTm18AKerJpiu2Rezan-VbAF7gPE4lJNBP1QHKenMk3tbKZUkNy08zmi1gxqlMZJp6ScU7Sxc2aq5VFUn__Dm5CaolRrAW2HTjB3HbM4GrGP-hTtFvaJfPvTBvHTSrJEGdxuR4TfFQw-cPxPOelNR6sCnGYrtSvreIUx4JaVK1AFRwTC5BaKP1lnU4nTKbVFs7y_A4T7wohvk01sqlRovU33WHmGpq7Rbo1seAqPe-cfqNjYROG5_jZCWTxnPjPNdBTA-BGUbtSIntHX3Z0iSCKaP9b-BhP4NYcdFR7rnA.OcXGzPxYvD7Ka08vjNRFoanZQ6KHjukMMOaoEcjlwKk%26dib_tag%3Dse%26keywords%3Ddrone%26qid%3D1785811888%26sr%3D8-62-spons%26xpid%3DRcpG2dJBJCW59%26sp_csd%3Dd2lkZ2V0TmFtZT1zcF9tdGY%26psc%3D1,https://m.media-amazon.com/images/I/617LRAslcoL._AC_UL320_.jpg,drone
B0FS6BWML9,"Skyrover S1 Mini Drone with Camera, 4K/60fps Video, 8K/48MP Photos | 40-Min Flight Time, 7.45-Mile Transmission, Forward Obstacle Avoidance, Auto Track, 3-Axis Gimbal Stabilization, Under 249g",,,,$236.00,4.3,327,300+ bought in past month,https://www.amazon.com/sspa/click?ie=UTF8&spc=MTozNzI3NjU0NjQ1ODI2MzY6MTc4NTgzMTQyNjpzcF9tdGY6MzAwOTkyMzI2NTU4OTAyOjowOjo&url=%2FSkyrover-Camera-Quality-Stabilization-Transmission%2Fdp%2FB0FS6BWML9%2Fref%3Dsr_1_21_sspa%3Fdib%3DeyJ2IjoiMSJ9.AvqpZ02C7FD0Iyyg_KSigu0GCtqUPCin-69ueNzMmdJsaqw_brU4ci_8FD5wmV2_BGH9IE-70DiO3h23J9IVarQxaWwROYWHsrf_DkRGX_u2fDA4woTTKd0b0dA-iNLToIRy--WucwYd9fropfHPijLFcHXofabQC1ZuE0W0qqslbMNzNVqosUtTqFfRWHxNka3NtcZyWbmFS3Xm5qxEZb7NXX5S5Ruve_tNwfqTqNVbo0KEVkxvwVAuFqWQE1mEKYD7697VIqRJN4w-yCOpIGYNQQpbi9taYIAAFOnCqYA.mArGjuEdmUwkPCBsGafteTznXKIvwgLxG0VGxBT8v98%26dib_tag%3Dse%26keywords%3Ddrone%26qid%3D1785831426%26sr%3D8-21-spons%26sp_csd%3Dd2lkZ2V0TmFtZT1zcF9tdGY%26psc%3D1,https://m.media-amazon.com/images/I/51oUdoghXOL._AC_UL320_.jpg,drone
B0H14KVJPY,"Potensic ATOM 3 Fly More Combo(RC PTD 2), Drones with Camera for Adults 4K 60fps, 8K Photo, 5.5’’ Display, 120-Min Flight, 16KM Transmission, 1/1.3’’ CMOS, AI Track 2.0, QuickShots, Under 249g",Potensic,,,$679.99,4.2,124,,https://www.amazon.com/sspa/click?ie=UTF8&spc=MTozMzUxMTExNjE4NTQ1OTI3OjE3ODU4MTE4ODg6c3BfbXRmOjMwMTMyODg5ODU0NjkwMjo6MDo6&url=%2FPotensic-Display-120-Min-Transmission-QuickShots%2Fdp%2FB0H14KVJPY%2Fref%3Dsr_1_71_sspa%3Fdib%3DeyJ2IjoiMSJ9.PHTm18AKerJpiu2Rezan-VbAF7gPE4lJNBP1QHKenMk3tbKZUkNy08zmi1gxqlMZJp6ScU7Sxc2aq5VFUn__Dm5CaolRrAW2HTjB3HbM4GrGP-hTtFvaJfPvTBvHTSrJEGdxuR4TfFQw-cPxPOelNR6sCnGYrtSvreIUx4JaVK1AFRwTC5BaKP1lnU4nTKbVFs7y_A4T7wohvk01sqlRovU33WHmGpq7Rbo1seAqPe-cfqNjYROG5_jZCWTxnPjPNdBTA-BGUbtSIntHX3Z0iSCKaP9b-BhP4NYcdFR7rnA.OcXGzPxYvD7Ka08vjNRFoanZQ6KHjukMMOaoEcjlwKk%26dib_tag%3Dse%26keywords%3Ddrone%26qid%3D1785811888%26sr%3D8-71-spons%26xpid%3DRcpG2dJBJCW59%26sp_csd%3Dd2lkZ2V0TmFtZT1zcF9tdGY%26psc%3D1,https://m.media-amazon.com/images/I/61A0zO0B5VL._AC_UL320_.jpg,drone
B0HBQGB2M4,"1080P FPV App Control Drone with Camera, Foldable Quadcopter with Optical Flow Hover, Trajectory Flight, Gesture Photo, 2 Batteries & Case, Smart Beginner Drone for Adults and Teens",,,,$19.99,,,,https://www.amazon.com/Foldable-Quadcopter-Trajectory-Batteries-Beginner/dp/B0HBQGB2M4/ref=sr_1_96?dib=eyJ2IjoiMSJ9.PHTm18AKerJpiu2Rezan-VbAF7gPE4lJNBP1QHKenMk3tbKZUkNy08zmi1gxqlMZJp6ScU7Sxc2aq5VFUn__Dm5CaolRrAW2HTjB3HbM4GrGP-hTtFvaJfPvTBvHTSrJEGdxuR4TfFQw-cPxPOelNR6sCnGYrtSvreIUx4JaVK1AFRwTC5BaKP1lnU4nTKbVFs7y_A4T7wohvk01sqlRovU33WHmGpq7Rbo1seAqPe-cfqNjYROG5_jZCWTxnPjPNdBTA-BGUbtSIntHX3Z0iSCKaP9b-BhP4NYcdFR7rnA.OcXGzPxYvD7Ka08vjNRFoanZQ6KHjukMMOaoEcjlwKk&dib_tag=se&keywords=drone&qid=1785811888&sr=8-96&xpid=RcpG2dJBJCW59,https://m.media-amazon.com/images/I/71YbfqHQRFL._AC_UL320_.jpg,drone
B0FF4M8CLW,"GPS Drone 4K Camera for Adults 5"" Screen FPV Quadcopter Auto Return | Brushless Motor 60 Min Flight Time GPS Follow Circle Fly Under 249g Lightweight Foldable Drone for Beginners",,,,$199.99,3.8,355,200+ bought in past month,https://www.amazon.com/sspa/click?ie=UTF8&spc=MTozNzI3NjU0NjQ1ODI2MzY6MTc4NTgzMTQyNjpzcF9tdGY6MzAwODc0NjkxMTI3OTAyOjowOjo&url=%2FQuadcopter-Brushless-Lightweight-Foldable-Beginners%2Fdp%2FB0FF4M8CLW%2Fref%3Dsr_1_14_sspa%3Fdib%3DeyJ2IjoiMSJ9.AvqpZ02C7FD0Iyyg_KSigu0GCtqUPCin-69ueNzMmdJsaqw_brU4ci_8FD5wmV2_BGH9IE-70DiO3h23J9IVarQxaWwROYWHsrf_DkRGX_u2fDA4woTTKd0b0dA-iNLToIRy--WucwYd9fropfHPijLFcHXofabQC1ZuE0W0qqslbMNzNVqosUtTqFfRWHxNka3NtcZyWbmFS3Xm5qxEZb7NXX5S5Ruve_tNwfqTqNVbo0KEVkxvwVAuFqWQE1mEKYD7697VIqRJN4w-yCOpIGYNQQpbi9taYIAAFOnCqYA.mArGjuEdmUwkPCBsGafteTznXKIvwgLxG0VGxBT8v98%26dib_tag%3Dse%26keywords%3Ddrone%26qid%3D1785831426%26sr%3D8-14-spons%26sp_csd%3Dd2lkZ2V0TmFtZT1zcF9tdGY%26psc%3D1,https://m.media-amazon.com/images/I/71QAt0QGeNL._AC_UL320_.jpg,drone
B0G1H35HTF,"GPS Drone with 4K Camera, 4.5"" LCD Display Screen Controller- 3,280ft RC Range, Auto return, Follow Me, Go Home, Gesture Control, One Key Takeoff/Landing, Altitude Hold,led Light, Professional Quadcopter for Aerial Photography Control and Video Recording, Adult Beginner-Friendly FPV RC Quadcopter (Black)",,,,$169.99,3.7,18,,https://www.amazon.com/sspa/click?ie=UTF8&spc=MTozNzI3NjU0NjQ1ODI2MzY6MTc4NTgzMTQyNjpzcF9tdGY6MzAxMzQ1MTMxMzgwNjAyOjowOjo&url=%2FController-%25EF%25BC%258CProfessional-Quadcopter-Photography-Beginner-Friendly%2Fdp%2FB0G1H35HTF%2Fref%3Dsr_1_23_sspa%3Fdib%3DeyJ2IjoiMSJ9.AvqpZ02C7FD0Iyyg_KSigu0GCtqUPCin-69ueNzMmdJsaqw_brU4ci_8FD5wmV2_BGH9IE-70DiO3h23J9IVarQxaWwROYWHsrf_DkRGX_u2fDA4woTTKd0b0dA-iNLToIRy--WucwYd9fropfHPijLFcHXofabQC1ZuE0W0qqslbMNzNVqosUtTqFfRWHxNka3NtcZyWbmFS3Xm5qxEZb7NXX5S5Ruve_tNwfqTqNVbo0KEVkxvwVAuFqWQE1mEKYD7697VIqRJN4w-yCOpIGYNQQpbi9taYIAAFOnCqYA.mArGjuEdmUwkPCBsGafteTznXKIvwgLxG0VGxBT8v98%26dib_tag%3Dse%26keywords%3Ddrone%26qid%3D1785831426%26sr%3D8-23-spons%26sp_csd%3Dd2lkZ2V0TmFtZT1zcF9tdGY%26psc%3D1,https://m.media-amazon.com/images/I/61YBPc5WBkL._AC_UL320_.jpg,drone
B0FMK68W1S,"F417PRO Drone with Camera 1080P for Adults Kids, Mini Drone with HD Screen | Adult Drone, Dual 90° Lens, LED Lights, Optical Flow, Modular Battery, Beginner Drone, One Key Start, Headless, 3D Flip, Case",,,,$99.99,4.5,187,1K+ bought in past month,https://www.amazon.com/F417PRO-Drone-Camera-Adults-Screen/dp/B0FMK68W1S/ref=sr_1_47?dib=eyJ2IjoiMSJ9.AvqpZ02C7FD0Iyyg_KSigu0GCtqUPCin-69ueNzMmdJsaqw_brU4ci_8FD5wmV2_BGH9IE-70DiO3h23J9IVarQxaWwROYWHsrf_DkRGX_u2fDA4woTTKd0b0dA-iNLToIRy--WucwYd9fropfHPijLFcHXofabQC1ZuE0W0qqslbMNzNVqosUtTqFfRWHxNka3NtcZyWbmFS3Xm5qxEZb7NXX5S5Ruve_tNwfqTqNVbo0KEVkxvwVAuFqWQE1mEKYD7697VIqRJN4w-yCOpIGYNQQpbi9taYIAAFOnCqYA.mArGjuEdmUwkPCBsGafteTznXKIvwgLxG0VGxBT8v98&dib_tag=se&keywords=drone&qid=1785831426&sr=8-47,https://m.media-amazon.com/images/I/71y6mgz-L-L._AC_UL320_.jpg,drone
B0CD1YVBB3,"Drone Remote Control Intelligent Mechanical Claw, Fishing Baiting Line, Air Drop claw Release device",GiereR,one-martian,Drone Remote Control Intelligent Mechanical Claw,$61.00,3.9,11,,https://www.amazon.com/sspa/click?ie=UTF8&spc=MTo2MDE1ODU0MTkxNzY2MDczOjE3ODU4MzM0MDc6c3BfbXRmOjMwMDc1ODQ3Mzk1MDMwMjo6MDo6&url=%2FControl-Intelligent-Mechanical-Fishing-Baiting%2Fdp%2FB0CD1YVBB3%2Fref%3Dsr_1_6_sspa%3Fdib%3DeyJ2IjoiMSJ9.KWlsY3AlJ2mYXPtUnXTL5GoAu6U6QLukCrtv21z3-K7Pv-rw-_XnJswMKWSnt6O5rqoVvfD7lrdw37tDTQe2wG8fHQbDMaByitQHAsMNsD-8d-xXlia0D_6vvlQsusoz41bkaAFFH4mAN_JAfm1GSL73CydYp4qCxjR3t_xZSueMSRaI2QxeRYNYZMGwgvDlmIuOyfMqonf5IayNb84Ht70x1sUTJDbnaEDGv0DGE1Uq4HFYSbGA7VzDbP5yjcneNO4MmAhCLx2xnA3E6bwH95-JclHDPglALE4pHeeed04.7fR43qGeXT7MOavwLcKkeB_y6tcfBdCvYP7PNtgQMQE%26dib_tag%3Dse%26keywords%3Ddrone%26qid%3D1785833407%26sr%3D8-6-spons%26sp_csd%3Dd2lkZ2V0TmFtZT1zcF9tdGY%26psc%3D1,https://m.media-amazon.com/images/I/51zketaoxlL._AC_UL320_.jpg,drone
B0756BXDTX,"Occer 12x25 Compact Binoculars for Adults and Kids | High Powered, Easy Focus, Large Eyepiece for Bird Watching, Cruise Ship, Outdoor Hunting, Travel, Sightseeing",,,,$35.99,4.4,33535,10K+ bought in past month,https://www.amazon.com/sspa/click?ie=UTF8&spc=MTo1NTE3NTU1MzU2NTAxODQ3OjE3ODU4MzM1ODI6c3BfYXRmX25leHQ6MjAwMDgxMjYyODgxNzExOjowOjo&url=%2FBinoculars-Waterproof-Binocular-Traveling-Sightseeing%2Fdp%2FB0756BXDTX%2Fref%3Dsr_1_50_sspa%3Fdib%3DeyJ2IjoiMSJ9.qTTIMxTfffYl5WCagiODk2F8Xm3-IwL8Zz_q5jFMwfezcwVVoBHiuu6CQxgRHktm8UeIpN8LTs9J70vev7RCvw.l02xUO_HqX1H5tD242f18O-vJtTzSNR7ZnKNtwp7-H8%26dib_tag%3Dse%26keywords%3Ddrone%26qid%3D1785833582%26sr%3D8-50-spons%26xpid%3DfI2lm0uQBk0DG%26sp_csd%3Dd2lkZ2V0TmFtZT1zcF9hdGZfbmV4dA%26psc%3D1,https://m.media-amazon.com/images/I/71ni6tWpQ0L._AC_UL320_.jpg,drone
B0FMR14MSD,"GPS Drone with 4K Camera for Adults, 4.5"" Remote Control Screen, Auto Return, Auto Obstacle Avoidance, 22 Min Flight, Foldable FPV RC Quadcopter with Follow Me, Waypoint Fly, Gift for Beginners",govogorc,,F180,$109.99,3.9,115,,https://www.amazon.com/sspa/click?ie=UTF8&spc=MToyNTA3MDg1ODIwNzkxNTE5OjE3ODU4NDUwMTU6c3BfbXRmOjMwMTA0MDQ3NDE5MjYwMjo6MDo6&url=%2FObstacle-Avoidance-Foldable-Quadcopter-Beginners%2Fdp%2FB0FMR14MSD%2Fref%3Dsr_1_13_sspa%3Fdib%3DeyJ2IjoiMSJ9.SI1h3-CiQG8DEJ6r8Y7nr7qjz5Q7a0b8DfCmXqc5FVBhWDOsaYICUS0mBi5pqAEvyutBGWiF4EPV0QTuAN7qwoFFp6yN85J1z9A3B8ep0DuiyU_CiKa59YdzSbrndRNELeOHSSP8EmU3BtBNKhB7_yVAeEWp08f3CTMK1ew5XibTjS2xcAsoT5tjIph2mEAQa6OoFOp7Bn3WP0q8Rl48pZ9OAfFhUIVVIwiI3yDSMfEw0-URBR1ydSg4dr5TKx1WePMz70IYmdM7XqmI8PC5MrrgYkX2nb_kKaK4KiWO98w.inGe-lEL_Kcyq0GKOjRMGupHwXpGXMEp-dXNKnb6fTY%26dib_tag%3Dse%26keywords%3Dthermal%2Bimaging%2Bdrone%26qid%3D1785845015%26sr%3D8-13-spons%26sp_csd%3Dd2lkZ2V0TmFtZT1zcF9tdGY%26psc%3D1,https://m.media-amazon.com/images/I/81IaH7mxpyL._AC_UL320_.jpg,thermal imaging drone
B0G41JZTFC,"CADDXFPV Protos FPV Drone RTF Kit – Walksnail Ascent VTX with FPV Goggles | 1080P/60FPS HD Video, 3 Flight Modes, Smart Hover, 4.5"" FPV Goggles, 3-Battery Charging Hub, Beginner-Friendly FPV Kit",,,,$359.99,3.9,63,,https://www.amazon.com/CADDXFPV-Walksnail-Transmission-Batteries-Beginners/dp/B0G41JZTFC/ref=sr_1_54?dib=eyJ2IjoiMSJ9.qTTIMxTfffYl5WCagiODk2F8Xm3-IwL8Zz_q5jFMwfezcwVVoBHiuu6CQxgRHktm8UeIpN8LTs9J70vev7RCvw.l02xUO_HqX1H5tD242f18O-vJtTzSNR7ZnKNtwp7-H8&dib_tag=se&keywords=drone&qid=1785833582&sr=8-54&xpid=fI2lm0uQBk0DG,https://m.media-amazon.com/images/I/613dKWSVGTL._AC_UL320_.jpg,drone
B08J4FNTND,"Contixo F16 Camera Drone For Kids, 360° Flip Brushless Motor 2.4G RC Quadcopter Foldable Gesture Control FPV Flying Drones with 17 Mins Intelligent Flight Time For Beginners children Indoor Outdoor",Contixo,,F16,$39.99,3.7,140,,https://www.amazon.com/sspa/click?ie=UTF8&spc=MToyNTA3MDg1ODIwNzkxNTE5OjE3ODU4NDUwMTU6c3BfbXRmOjMwMTM0ODAzMTQ4NDIwMjo6MDo6&url=%2FContixo-F16-Quadcopter-Altitude-Batteries%2Fdp%2FB08J4FNTND%2Fref%3Dsr_1_14_sspa%3Fdib%3DeyJ2IjoiMSJ9.SI1h3-CiQG8DEJ6r8Y7nr7qjz5Q7a0b8DfCmXqc5FVBhWDOsaYICUS0mBi5pqAEvyutBGWiF4EPV0QTuAN7qwoFFp6yN85J1z9A3B8ep0DuiyU_CiKa59YdzSbrndRNELeOHSSP8EmU3BtBNKhB7_yVAeEWp08f3CTMK1ew5XibTjS2xcAsoT5tjIph2mEAQa6OoFOp7Bn3WP0q8Rl48pZ9OAfFhUIVVIwiI3yDSMfEw0-URBR1ydSg4dr5TKx1WePMz70IYmdM7XqmI8PC5MrrgYkX2nb_kKaK4KiWO98w.inGe-lEL_Kcyq0GKOjRMGupHwXpGXMEp-dXNKnb6fTY%26dib_tag%3Dse%26keywords%3Dthermal%2Bimaging%2Bdrone%26qid%3D1785845015%26sr%3D8-14-spons%26sp_csd%3Dd2lkZ2V0TmFtZT1zcF9tdGY%26psc%3D1,https://m.media-amazon.com/images/I/712mGzc5iqL._AC_UL320_.jpg,thermal imaging drone
B078XV32CJ,DJI Tello Drone with 720P Camera EZ Shots - 13 Minutes Flight time - 8D Stunts - pre-Order,DJI,,,,4.2,2723,,https://www.amazon.com/DJI-CP-PT-00000210-01-Ryze-Tello/dp/B078XV32CJ/ref=sr_1_56?dib=eyJ2IjoiMSJ9.qTTIMxTfffYl5WCagiODk2F8Xm3-IwL8Zz_q5jFMwfezcwVVoBHiuu6CQxgRHktm8UeIpN8LTs9J70vev7RCvw.l02xUO_HqX1H5tD242f18O-vJtTzSNR7ZnKNtwp7-H8&dib_tag=se&keywords=drone&qid=1785833582&sr=8-56&xpid=fI2lm0uQBk0DG,https://m.media-amazon.com/images/I/615aqdHoR6L._AC_UL320_.jpg,drone
B0BL3Q4M8S,"DJI Mini 3 Fly More Combo, Lightweight 3x Mechanical Gimbal Mini Camera Drone with 4K HDR Video, 3 Batteries for 114-min Flight Time, up to 32800ft (10km) Video Transmission, True Vertical Shooting",DJI,,,,4.6,515,,https://www.amazon.com/DJI-Mini-Fly-More-Combo/dp/B0BL3Q4M8S/ref=sr_1_58?dib=eyJ2IjoiMSJ9.qTTIMxTfffYl5WCagiODk2F8Xm3-IwL8Zz_q5jFMwfezcwVVoBHiuu6CQxgRHktm8UeIpN8LTs9J70vev7RCvw.l02xUO_HqX1H5tD242f18O-vJtTzSNR7ZnKNtwp7-H8&dib_tag=se&keywords=drone&qid=1785833582&sr=8-58&xpid=fI2lm0uQBk0DG,https://m.media-amazon.com/images/I/61zcze7g1NL._AC_UL320_.jpg,drone
B0CS6L6D6J,"DJI Goggles 3, FPV Goggles with Stunning Micro-OLED Screens, Immersive Flight Experience, O4 HD Video Transmission, Adjustable Diopters, Wireless Streaming, Drone Goggles with Real View PiP | FPV, Stunning Micro-OLED Screens, Immersive Flight Experience, O4 HD Video Transmission, Adjustable Diopters",DJI,,,$590.00,4.6,620,50+ bought in past month,https://www.amazon.com/DJI-Micro-OLED-Experience-Transmission-Adjustable/dp/B0CS6L6D6J/ref=sr_1_64?dib=eyJ2IjoiMSJ9.sZorxPVVNeNfF-Y0VEPJljIBHCjdqHX1MexPhWHLCg6hU5TT1nAxU83jXreVfJb_Oknfp41VMYyfjqLIjsXEsoiApvssEfC2REqzRml6NHIniE9qBO2Mwkya3jGB2XeOFkVGz8lgE-MvZSDACLSTjGBcVzOusNCxsffpBLev29QCJJ0oB8j7VeBfZC2kky_bQRZelui3RCC4TwCDHphxBxWRBzqtjuD6K9sbh4eArfM3kAsxR5envhtSvIQI9noefkZ9Ahxzwc524nTO569Cjk-byc8NY77WXJCN9BA5HhA.UrL8zU8Af3fJK6MRKCkE0chC2j5-23QckhGnJbp1wjg&dib_tag=se&keywords=drone&qid=1785833582&sr=8-64&xpid=fI2lm0uQBk0DG,https://m.media-amazon.com/images/I/6184JUNS83L._AC_UL320_.jpg,drone
B09B9QM6L2,"Loolinn | Drone for Kids 8+ Gift with Camera - Mini Drone, Remote Control Quadcopter Drone with 90° Adjustable Camera, Safe for Kids, Photos and Videos, Easy to Fly (Gift for Boys and Girls)",Loolinn,,U61,$69.99,4.4,283,,https://www.amazon.com/Loolinn-Drones-Kids-Camera-Transmission/dp/B09B9QM6L2/ref=sr_1_9?dib=eyJ2IjoiMSJ9.SI1h3-CiQG8DEJ6r8Y7nr7qjz5Q7a0b8DfCmXqc5FVBhWDOsaYICUS0mBi5pqAEvyutBGWiF4EPV0QTuAN7qwoFFp6yN85J1z9A3B8ep0DuiyU_CiKa59YdzSbrndRNELeOHSSP8EmU3BtBNKhB7_yVAeEWp08f3CTMK1ew5XibTjS2xcAsoT5tjIph2mEAQa6OoFOp7Bn3WP0q8Rl48pZ9OAfFhUIVVIwiI3yDSMfEw0-URBR1ydSg4dr5TKx1WePMz70IYmdM7XqmI8PC5MrrgYkX2nb_kKaK4KiWO98w.inGe-lEL_Kcyq0GKOjRMGupHwXpGXMEp-dXNKnb6fTY&dib_tag=se&keywords=thermal+imaging+drone&qid=1785845015&sr=8-9,https://m.media-amazon.com/images/I/610UoA8kFoL._AC_UL320_.jpg,thermal imaging drone
B0FP9R7KSQ,"E55 Air Drone with Screen Controller with SD Card, 2 Batteries.",elecci,,E55 Air,$49.99,3.3,19,,https://www.amazon.com/sspa/click?ie=UTF8&spc=MTo2MDE1ODU0MTkxNzY2MDczOjE3ODU4MzM0MDc6c3BfbXRmOjMwMTI5NTcxOTM2NTUwMjo6MDo6&url=%2FDrone-Screen-Controller-Card-Batteries%2Fdp%2FB0FP9R7KSQ%2Fref%3Dsr_1_22_sspa%3Fdib%3DeyJ2IjoiMSJ9.KWlsY3AlJ2mYXPtUnXTL5GoAu6U6QLukCrtv21z3-K7Pv-rw-_XnJswMKWSnt6O5rqoVvfD7lrdw37tDTQe2wG8fHQbDMaByitQHAsMNsD-8d-xXlia0D_6vvlQsusoz41bkaAFFH4mAN_JAfm1GSL73CydYp4qCxjR3t_xZSueMSRaI2QxeRYNYZMGwgvDlmIuOyfMqonf5IayNb84Ht70x1sUTJDbnaEDGv0DGE1Uq4HFYSbGA7VzDbP5yjcneNO4MmAhCLx2xnA3E6bwH95-JclHDPglALE4pHeeed04.7fR43qGeXT7MOavwLcKkeB_y6tcfBdCvYP7PNtgQMQE%26dib_tag%3Dse%26keywords%3Ddrone%26qid%3D1785833407%26sr%3D8-22-spons%26sp_csd%3Dd2lkZ2V0TmFtZT1zcF9tdGY%26psc%3D1,https://m.media-amazon.com/images/I/71MC5rjUhqL._AC_UL320_.jpg,drone
B0CCDLDM16,Drone remote control intelligent mechanical claw/hook air releaser pick-up device fishing cast bait fixed-point drop device for DJI drone （We don't sell drones）,Sunliang,,fly-drone1,$58.00,3.6,13,,https://www.amazon.com/sspa/click?ie=UTF8&spc=MTo2MDE1ODU0MTkxNzY2MDczOjE3ODU4MzM0MDc6c3BfbXRmOjMwMDg3MDk2NzExNDkwMjo6MDo6&url=%2Fcontrol-intelligent-mechanical-releaser-fixed-point%2Fdp%2FB0CCDLDM16%2Fref%3Dsr_1_20_sspa%3Fdib%3DeyJ2IjoiMSJ9.KWlsY3AlJ2mYXPtUnXTL5GoAu6U6QLukCrtv21z3-K7Pv-rw-_XnJswMKWSnt6O5rqoVvfD7lrdw37tDTQe2wG8fHQbDMaByitQHAsMNsD-8d-xXlia0D_6vvlQsusoz41bkaAFFH4mAN_JAfm1GSL73CydYp4qCxjR3t_xZSueMSRaI2QxeRYNYZMGwgvDlmIuOyfMqonf5IayNb84Ht70x1sUTJDbnaEDGv0DGE1Uq4HFYSbGA7VzDbP5yjcneNO4MmAhCLx2xnA3E6bwH95-JclHDPglALE4pHeeed04.7fR43qGeXT7MOavwLcKkeB_y6tcfBdCvYP7PNtgQMQE%26dib_tag%3Dse%26keywords%3Ddrone%26qid%3D1785833407%26sr%3D8-20-spons%26sp_csd%3Dd2lkZ2V0TmFtZT1zcF9tdGY%26psc%3D1,https://m.media-amazon.com/images/I/51pPkiTTZOL._AC_UL320_.jpg,drone
B0D2B25YQQ,"Drones with Camera for Adults 4K, Beginner RC Drone with Anti-Lost Alarm | 2 Batteries 1500mAh, 130° Lens, WiFi FPV, Voice & Gesture Control, Propeller Guards, Foldable Design, Gift for Beginners",PLEGBLE,,PL-515,$40.84,3.9,666,200+ bought in past month,https://www.amazon.com/sspa/click?ie=UTF8&spc=MTo2MDE1ODU0MTkxNzY2MDczOjE3ODU4MzM0MDc6c3BfbXRmOjMwMTE0MDk3NDQ4ODIwMjo6MDo6&url=%2FDrones-Camera-Adults-Beginner-Anti-Lost%2Fdp%2FB0D2B25YQQ%2Fref%3Dsr_1_13_sspa%3Fdib%3DeyJ2IjoiMSJ9.KWlsY3AlJ2mYXPtUnXTL5GoAu6U6QLukCrtv21z3-K7Pv-rw-_XnJswMKWSnt6O5rqoVvfD7lrdw37tDTQe2wG8fHQbDMaByitQHAsMNsD-8d-xXlia0D_6vvlQsusoz41bkaAFFH4mAN_JAfm1GSL73CydYp4qCxjR3t_xZSueMSRaI2QxeRYNYZMGwgvDlmIuOyfMqonf5IayNb84Ht70x1sUTJDbnaEDGv0DGE1Uq4HFYSbGA7VzDbP5yjcneNO4MmAhCLx2xnA3E6bwH95-JclHDPglALE4pHeeed04.7fR43qGeXT7MOavwLcKkeB_y6tcfBdCvYP7PNtgQMQE%26dib_tag%3Dse%26keywords%3Ddrone%26qid%3D1785833407%26sr%3D8-13-spons%26sp_csd%3Dd2lkZ2V0TmFtZT1zcF9tdGY%26psc%3D1,https://m.media-amazon.com/images/I/81hIr9IQfLL._AC_UL320_.jpg,drone
B0BJVP3XW7,"BETAFPV Cetus X FPV Kit Betaflight FC DVR Recording Function Ready to Fly | Support FPV Simulator, with LiteRadio 3 VR03 FPV Goggles, BT2.0 550mAh 1S Battery, 2S Power Advanced RTF for Outdoor",BetaFPV,,,$254.99,3.6,169,50+ bought in past month,https://www.amazon.com/BETAFPV-LiteRadio-Transmitter-Recording-Betaflight/dp/B0BJVP3XW7/ref=sr_1_59?dib=eyJ2IjoiMSJ9.sZorxPVVNeNfF-Y0VEPJljIBHCjdqHX1MexPhWHLCg6hU5TT1nAxU83jXreVfJb_Oknfp41VMYyfjqLIjsXEsoiApvssEfC2REqzRml6NHIniE9qBO2Mwkya3jGB2XeOFkVGz8lgE-MvZSDACLSTjGBcVzOusNCxsffpBLev29QCJJ0oB8j7VeBfZC2kky_bQRZelui3RCC4TwCDHphxBxWRBzqtjuD6K9sbh4eArfM3kAsxR5envhtSvIQI9noefkZ9Ahxzwc524nTO569Cjk-byc8NY77WXJCN9BA5HhA.UrL8zU8Af3fJK6MRKCkE0chC2j5-23QckhGnJbp1wjg&dib_tag=se&keywords=drone&qid=1785833582&sr=8-59&xpid=fI2lm0uQBk0DG,https://m.media-amazon.com/images/I/719H7RwfcPL._AC_UL320_.jpg,drone
B0BQ2SKG18,"DJI Mini 2 SE Fly More Combo, Mini Drone with 10km Video Transmission, 3 Batteries for 93 Mins Max Flight Time, Under 249 g, QHD Video, Auto Return to Home, QuickShots, Drone with Camera for Beginners | 10km Video Transmission, 3 Batteries for 93 Mins Max Flight Time, Under 249 g, QHD Video, Auto Return to Home",DJI,,,,4.5,2080,,https://www.amazon.com/DJI-Lightweight-Transmission-Batteries-Automatic/dp/B0BQ2SKG18/ref=sr_1_66?dib=eyJ2IjoiMSJ9.sZorxPVVNeNfF-Y0VEPJljIBHCjdqHX1MexPhWHLCg6hU5TT1nAxU83jXreVfJb_Oknfp41VMYyfjqLIjsXEsoiApvssEfC2REqzRml6NHIniE9qBO2Mwkya3jGB2XeOFkVGz8lgE-MvZSDACLSTjGBcVzOusNCxsffpBLev29QCJJ0oB8j7VeBfZC2kky_bQRZelui3RCC4TwCDHphxBxWRBzqtjuD6K9sbh4eArfM3kAsxR5envhtSvIQI9noefkZ9Ahxzwc524nTO569Cjk-byc8NY77WXJCN9BA5HhA.UrL8zU8Af3fJK6MRKCkE0chC2j5-23QckhGnJbp1wjg&dib_tag=se&keywords=drone&qid=1785833582&sr=8-66&xpid=fI2lm0uQBk0DG,https://m.media-amazon.com/images/I/51P4CDZumDL._AC_UL320_.jpg,drone
B0FP9QMYQF,"E55 Air Drone with Screen Controller with SD Card, 2 Batteries.",,,,$49.99,3.3,19,,https://www.amazon.com/sspa/click?ie=UTF8&spc=MTo1NTE3NTU1MzU2NTAxODQ3OjE3ODU4MzM1ODI6c3BfbXRmOjMwMTI5NTcxOTM2NTYwMjo6MDo6&url=%2FDrone-Screen-Controller-Card-Batteries%2Fdp%2FB0FP9QMYQF%2Fref%3Dsr_1_62_sspa%3Fdib%3DeyJ2IjoiMSJ9.sZorxPVVNeNfF-Y0VEPJljIBHCjdqHX1MexPhWHLCg6hU5TT1nAxU83jXreVfJb_Oknfp41VMYyfjqLIjsXEsoiApvssEfC2REqzRml6NHIniE9qBO2Mwkya3jGB2XeOFkVGz8lgE-MvZSDACLSTjGBcVzOusNCxsffpBLev29QCJJ0oB8j7VeBfZC2kky_bQRZelui3RCC4TwCDHphxBxWRBzqtjuD6K9sbh4eArfM3kAsxR5envhtSvIQI9noefkZ9Ahxzwc524nTO569Cjk-byc8NY77WXJCN9BA5HhA.UrL8zU8Af3fJK6MRKCkE0chC2j5-23QckhGnJbp1wjg%26dib_tag%3Dse%26keywords%3Ddrone%26qid%3D1785833582%26sr%3D8-62-spons%26xpid%3DfI2lm0uQBk0DG%26sp_csd%3Dd2lkZ2V0TmFtZT1zcF9tdGY%26psc%3D1,https://m.media-amazon.com/images/I/71T22wEBCcL._AC_UL320_.jpg,drone
B0C7R39KJH,"SYMA X550 RC Plane, 4CH Tiltrotor for Kids & Beginners, Stunt Flight | 6 Stunt Moves with 360° Flips, Spins, Climbing Spins, Circles and Jumps, Plus One-key Takeoff/Landing and 2 Speeds",Syma,,,$59.99,4.5,213,100+ bought in past month,https://www.amazon.com/sspa/click?ie=UTF8&spc=MToyMjAzNDQ0NTgwNDQ4MDUyOjE3ODU4MzE1ODc6c3BfbXRmOjMwMTM4Nzg5MzQ0ODEwMjo6MDo6&url=%2FSYMA-Military-Helicopters-Helicopter-Collectibles%2Fdp%2FB0C7R39KJH%2Fref%3Dsr_1_69_sspa%3Fdib%3DeyJ2IjoiMSJ9.D6CwyRS8nGR9IKTZEoxc6vD2CUDe2LHacunXuRl0utYkJpNOkwprZ7h8aCYOpB_Npntvl2v5F8LTrMNg4mBMjuz5lqws5Dt0VY527rY1sOGegn5DJJEwMN1mmH591ydIz7MaL34tDvaVkzd3cT9cTpWO9PpJHAYrmbk-AYRr4dcC9Pxxv4ad0zHKtH0YjVoHmI1hufoZwZTum-xRHeQuxqdRd_MePPriNBF7kXorY8yN8N_tOfDrMAs8DyZLav5huSmL1xpJfYnpkSocHUPAV0-byc8NY77WXJCN9BA5HhA.8Swm4iGfpXVq5u1qL-4t5yqa_3RAyP11Q3TqSRXHJXY%26dib_tag%3Dse%26keywords%3Ddrone%26qid%3D1785831587%26sr%3D8-69-spons%26xpid%3DTtIitUURkL8Js%26sp_csd%3Dd2lkZ2V0TmFtZT1zcF9tdGY%26psc%3D1,https://m.media-amazon.com/images/I/71R7KRxAU4L._AC_UL320_.jpg,drone
B09KV8L7WN,"MOCVOO Drones with Camera for Adults Kids, Foldable RC Quadcopter, Helicopter Toys, 1080P FPV Video Drone for Beginners, 2 Batteries, Carrying Case, One Key Start, Altitude Hold,Headless Mode,3D Flips",MOCVOO,,F62,$26.99,3.6,1210,100+ bought in past month,https://www.amazon.com/sspa/click?ie=UTF8&spc=MTo0OTM2MjAwODI1NzIyODQzOjE3ODU4NDE3NjI6c3BfYXRmX25leHQ6MzAxMDc2ODgzMTAyNDAyOjowOjo&url=%2FFoldable-Quadcopter-Beginners-Batteries-Waypoints%2Fdp%2FB09KV8L7WN%2Fref%3Dsr_1_51_sspa%3Fdib%3DeyJ2IjoiMSJ9.UJBqqcEi-BxJZs31dpbVPmQ01tjRFH2eHcVF8fSR8aXate8_A_80BqUs2wCWepnbY7G-9kJwPynW2onRcwWVzQ.g0M4NHrSJH5A1pOTv-zr_vZRDDdBeeqYm15NCKuMagU%26dib_tag%3Dse%26keywords%3Ddrone%2Bbrushless%2Bmotor%26qid%3D1785841762%26sr%3D8-51-spons%26xpid%3DnaSbYTUw6ULrn%26sp_csd%3Dd2lkZ2V0TmFtZT1zcF9hdGZfbmV4dA%26psc%3D1,https://m.media-amazon.com/images/I/71CnUN6LfCL._AC_UL320_.jpg,drone brushless motor
B0DQYJK16H,FPV DRONE ESSENTIALS: The ultimate mastery guide to starting FPV DRONE,,,,$85.00,5.0,1,,https://www.amazon.com/sspa/click?ie=UTF8&spc=MToyMzcwMDk4MDQ4OTU5MzY3OjE3ODU4MzI5MTc6c3BfbXRmOjMwMTEyODcwMzMwNDMwMjo6MDo6&url=%2FFPV-DRONE-ESSENTIALS-ultimate-starting%2Fdp%2FB0DQYJK16H%2Fref%3Dsr_1_22_sspa%3Fdib%3DeyJ2IjoiMSJ9.7eBc4QGYIK4zbMkmTCrL-0ne2Xm3LgHuj9OGlVtQM0YdhK7ZPgxJj9KbTwDYa3ejT3v4SMxYtBUmsJSY0TC_-eS3gfCLmv1k5f-YMkBUIvusyz_Ln81zCJtIjkagVynYdHpz5AJYQx9iJaJgOpP1zr73CydYp4qCxjR3t_xZSueZzPE3njSohpmRqGLQPUZvWAUcSIsBPvdrDEbm85tmY9EQMvEO_mQYUHIEaa0tahEO9JIxGLK5GjgPQoSHjY5gemUuHDQVi_Q1n6_S5Q5syZ-JclHDPglALE4pHeeed04.JKFlX2UmKRoL2Eskks5dFwSutNFfuUmfxUOxrPaphZM%26dib_tag%3Dse%26keywords%3Ddrone%26qid%3D1785832917%26sr%3D8-22-spons%26sp_csd%3Dd2lkZ2V0TmFtZT1zcF9tdGY%26psc%3D1,https://m.media-amazon.com/images/I/8104cVQgm7L._AC_UL320_.jpg,drone
B098XMSQ3P,"DJI Mini Neo, Drone Quadcopter with 3-Axis Gimbal, Less Than 249g, Improved Scale 5 Wind Resistance, Return to Home, for Drone Beginners, Gray",DJI,,,,4.6,3890,,https://www.amazon.com/DJI-Mini-SE-Improved-Resistance/dp/B098XMSQ3P/ref=sr_1_75?dib=eyJ2IjoiMSJ9.sZorxPVVNeNfF-Y0VEPJljIBHCjdqHX1MexPhWHLCg6hU5TT1nAxU83jXreVfJb_Oknfp41VMYyfjqLIjsXEsoiApvssEfC2REqzRml6NHIniE9qBO2Mwkya3jGB2XeOFkVGz8lgE-MvZSDACLSTjGBcVzOusNCxsffpBLev29QCJJ0oB8j7VeBfZC2kky_bQRZelui3RCC4TwCDHphxBxWRBzqtjuD6K9sbh4eArfM3kAsxR5envhtSvIQI9noefkZ9Ahxzwc524nTO569Cjk-byc8NY77WXJCN9BA5HhA.UrL8zU8Af3fJK6MRKCkE0chC2j5-23QckhGnJbp1wjg&dib_tag=se&keywords=drone&qid=1785833582&sr=8-75&xpid=fI2lm0uQBk0DG,https://m.media-amazon.com/images/I/61uV306+HXL._AC_UL320_.jpg,drone
B0DT43FHC2,"Quadrotor Drone DIY Kit: A Unique STEM Project with Brushless Motor, Optical Flow Hovering, One-Click Takeoff and Landing, and 360° Flip for DIY Enthusiasts to Learn Drone Basics",EIELEDIY,,RM,$69.99,4.2,82,50+ bought in past month,https://www.amazon.com/Quadrotor-Drone-DIY-Kit-Enthusiasts/dp/B0DT43FHC2/ref=sr_1_19?dib=eyJ2IjoiMSJ9.qULum_x3SWyKIMnWaDzOUoeg094yGM0mTD7X6PwzYOeP5eCdF-yR0pI-lJj9VdYZF7ZoOxSkkrKNVJvEiIkeefXN1237gmb7vojYbJ-DnGvhufkkhii4f7DykJJyw-i8NsRdhCPeUjNQVU5aO58qepMkG_1CUAU1uFGshHofhNWp2fgu9So7AY6YMiGjFcZVwIQQB5Lp5WypS-5fH81qnDL5uvw9B9pP8c3tF6AJBgXOZruX-_J2POgP2y9ADtJ9Il79Ws_Zaq2w6eCTdKf64qEC_j-TErCoC7XTL4MzLV8.6PC1Ur0woQuWAoGIxKTybTlZnWyE8OAqvHvW_8LUAQk&dib_tag=se&keywords=drone+brushless+motor&qid=1785841578&sr=8-19,https://m.media-amazon.com/images/I/71rbutA22yL._AC_UL320_.jpg,drone brushless motor
B0C6FFZPJS,DroneMask 2 | FPV Goggles for All Camera Drones | Unibody Lens | HD FPV Goggles | Compatible Versatile Skyview FPV Drone Goggles | Clear Immersive View | All GPS Camera Drone,,,,$179.00,4.1,221,50+ bought in past month,https://www.amazon.com/DroneMask2-Goggles-Compatible-Versatile-Immersive/dp/B0C6FFZPJS/ref=sr_1_67?dib=eyJ2IjoiMSJ9.sZorxPVVNeNfF-Y0VEPJljIBHCjdqHX1MexPhWHLCg6hU5TT1nAxU83jXreVfJb_Oknfp41VMYyfjqLIjsXEsoiApvssEfC2REqzRml6NHIniE9qBO2Mwkya3jGB2XeOFkVGz8lgE-MvZSDACLSTjGBcVzOusNCxsffpBLev29QCJJ0oB8j7VeBfZC2kky_bQRZelui3RCC4TwCDHphxBxWRBzqtjuD6K9sbh4eArfM3kAsxR5envhtSvIQI9noefkZ9Ahxzwc524nTO569Cjk-byc8NY77WXJCN9BA5HhA.UrL8zU8Af3fJK6MRKCkE0chC2j5-23QckhGnJbp1wjg&dib_tag=se&keywords=drone&qid=1785833582&sr=8-67&xpid=fI2lm0uQBk0DG,https://m.media-amazon.com/images/I/81wosoZycQL._AC_UL320_.jpg,drone
B09WDBDGBZ,"DJI Mini 3 Pro (DJI RC), Mini Drone with 4K Video, 48MP Photo, 34 Mins Flight Time, Less than 249 g, Obstacle Sensing, Return to Home, FAA Remote ID Compliant, Drone with Camera for Adults",DJI,,,,4.7,9724,,https://www.amazon.com/DJI-Flight-Obstacle-Sensing-Compliant/dp/B09WDBDGBZ/ref=sr_1_77?dib=eyJ2IjoiMSJ9.sZorxPVVNeNfF-Y0VEPJljIBHCjdqHX1MexPhWHLCg6hU5TT1nAxU83jXreVfJb_Oknfp41VMYyfjqLIjsXEsoiApvssEfC2REqzRml6NHIniE9qBO2Mwkya3jGB2XeOFkVGz8lgE-MvZSDACLSTjGBcVzOusNCxsffpBLev29QCJJ0oB8j7VeBfZC2kky_bQRZelui3RCC4TwCDHphxBxWRBzqtjuD6K9sbh4eArfM3kAsxR5envhtSvIQI9noefkZ9Ahxzwc524nTO569Cjk-byc8NY77WXJCN9BA5HhA.UrL8zU8Af3fJK6MRKCkE0chC2j5-23QckhGnJbp1wjg&dib_tag=se&keywords=drone&qid=1785833582&sr=8-77&xpid=fI2lm0uQBk0DG,https://m.media-amazon.com/images/I/8158yXh5E3L._AC_UL320_.jpg,drone
B07LBSBX5L,"【5-Years Data Recovery】 GIGASTONE 128GB Micro SD Card, 4K Video Recording for GoPro, Action Camera, DJI, Drone, Nintendo-Switch, R/W up to 100/50 MB/s MicroSDXC Memory Card UHS-I U3 A2 V30 C10",Gigastone,,GS-2IN1-A2V30-128GB-B,$49.99,4.6,8639,6K+ bought in past month,https://www.amazon.com/sspa/click?ie=UTF8&spc=MTo2MDE1ODU0MTkxNzY2MDczOjE3ODU4MzM0MDc6c3BfbXRmOjMwMDc5Njg1MDkyNTIwMjo6MDo6&url=%2FRecovery%25E3%2580%2591-GIGASTONE-Recording-Nintendo-Switch-MicroSDXC%2Fdp%2FB07LBSBX5L%2Fref%3Dsr_1_14_sspa%3Fdib%3DeyJ2IjoiMSJ9.KWlsY3AlJ2mYXPtUnXTL5GoAu6U6QLukCrtv21z3-K7Pv-rw-_XnJswMKWSnt6O5rqoVvfD7lrdw37tDTQe2wG8fHQbDMaByitQHAsMNsD-8d-xXlia0D_6vvlQsusoz41bkaAFFH4mAN_JAfm1GSL73CydYp4qCxjR3t_xZSueMSRaI2QxeRYNYZMGwgvDlmIuOyfMqonf5IayNb84Ht70x1sUTJDbnaEDGv0DGE1Uq4HFYSbGA7VzDbP5yjcneNO4MmAhCLx2xnA3E6bwH95-JclHDPglALE4pHeeed04.7fR43qGeXT7MOavwLcKkeB_y6tcfBdCvYP7PNtgQMQE%26dib_tag%3Dse%26keywords%3Ddrone%26qid%3D1785833407%26sr%3D8-14-spons%26sp_csd%3Dd2lkZ2V0TmFtZT1zcF9tdGY%26psc%3D1,https://m.media-amazon.com/images/I/71+nKH03X0S._AC_UL320_.jpg,drone
B0D9H1R11M,"Drones for Kids, RC Drone with Cool Led Lights Mini Remote Control Beginner Drone Indoor Outdoor RC Quadcopter with 3D Flip and 2 Rechargeable Battery Flying Toys Gift for Boys Girls, White",,,,$28.49,4.0,48,50+ bought in past month,https://www.amazon.com/HALIVITA-Control-Beginner-Quadcopter-Rechargeable/dp/B0D9H1R11M/ref=sr_1_81?dib=eyJ2IjoiMSJ9.sZorxPVVNeNfF-Y0VEPJljIBHCjdqHX1MexPhWHLCg6hU5TT1nAxU83jXreVfJb_Oknfp41VMYyfjqLIjsXEsoiApvssEfC2REqzRml6NHIniE9qBO2Mwkya3jGB2XeOFkVGz8lgE-MvZSDACLSTjGBcVzOusNCxsffpBLev29QCJJ0oB8j7VeBfZC2kky_bQRZelui3RCC4TwCDHphxBxWRBzqtjuD6K9sbh4eArfM3kAsxR5envhtSvIQI9noefkZ9Ahxzwc524nTO569Cjk-byc8NY77WXJCN9BA5HhA.UrL8zU8Af3fJK6MRKCkE0chC2j5-23QckhGnJbp1wjg&dib_tag=se&keywords=drone&qid=1785833582&sr=8-81&xpid=fI2lm0uQBk0DG,https://m.media-amazon.com/images/I/71y1i1Pnt8L._AC_UL320_.jpg,drone
B07FRWQPGV,"DJI RC 2, Remote Controller with Next-Gen Processor, 20km O4 Transmission, 5.5-inch FHD Screen, 2T4R Antennas, Smart Controller for Drones, Light and Compact | 20km O4 Transmission, 5.5-inch FHD Screen, 2T4R Antennas, Light, Compact, Next-Gen Processor",DJI,,,,4.7,841,300+ bought in past month,https://www.amazon.com/DJI-Controller-Next-Gen-Processor-Transmission/dp/B07FRWQPGV/ref=sr_1_78?dib=eyJ2IjoiMSJ9.sZorxPVVNeNfF-Y0VEPJljIBHCjdqHX1MexPhWHLCg6hU5TT1nAxU83jXreVfJb_Oknfp41VMYyfjqLIjsXEsoiApvssEfC2REqzRml6NHIniE9qBO2Mwkya3jGB2XeOFkVGz8lgE-MvZSDACLSTjGBcVzOusNCxsffpBLev29QCJJ0oB8j7VeBfZC2kky_bQRZelui3RCC4TwCDHphxBxWRBzqtjuD6K9sbh4eArfM3kAsxR5envhtSvIQI9noefkZ9Ahxzwc524nTO569Cjk-byc8NY77WXJCN9BA5HhA.UrL8zU8Af3fJK6MRKCkE0chC2j5-23QckhGnJbp1wjg&dib_tag=se&keywords=drone&qid=1785833582&sr=8-78&xpid=fI2lm0uQBk0DG,https://m.media-amazon.com/images/I/71wh7bQJDQL._AC_UL320_.jpg,drone
B08Z333QRK,DJI FPV Drone Replacement Aircraft only(Includes Gimbal Camera) for Crash or Lost - NEW,DJI,,,$395.00,3.9,93,,https://www.amazon.com/Drone-Replacement-Aircraft-Gimbal-Camera/dp/B08Z333QRK/ref=sr_1_74?dib=eyJ2IjoiMSJ9.sZorxPVVNeNfF-Y0VEPJljIBHCjdqHX1MexPhWHLCg6hU5TT1nAxU83jXreVfJb_Oknfp41VMYyfjqLIjsXEsoiApvssEfC2REqzRml6NHIniE9qBO2Mwkya3jGB2XeOFkVGz8lgE-MvZSDACLSTjGBcVzOusNCxsffpBLev29QCJJ0oB8j7VeBfZC2kky_bQRZelui3RCC4TwCDHphxBxWRBzqtjuD6K9sbh4eArfM3kAsxR5envhtSvIQI9noefkZ9Ahxzwc524nTO569Cjk-byc8NY77WXJCN9BA5HhA.UrL8zU8Af3fJK6MRKCkE0chC2j5-23QckhGnJbp1wjg&dib_tag=se&keywords=drone&qid=1785833582&sr=8-74&xpid=fI2lm0uQBk0DG,https://m.media-amazon.com/images/I/51rwG+CxIDL._AC_UL320_.jpg,drone
B0C8B76PVX,Swellpro Fisherman MAX Heavy Lift Fishing Drone with 4K Camera 3.5kg Bait Release FD2 Waterproof Drone IP67 Fish Finder (FD2 Advanced Version),,,,,3.7,17,,https://www.amazon.com/Swellpro-Fisherman-Fishing-Waterproof-Advanced/dp/B0C8B76PVX/ref=sr_1_79?dib=eyJ2IjoiMSJ9.sZorxPVVNeNfF-Y0VEPJljIBHCjdqHX1MexPhWHLCg6hU5TT1nAxU83jXreVfJb_Oknfp41VMYyfjqLIjsXEsoiApvssEfC2REqzRml6NHIniE9qBO2Mwkya3jGB2XeOFkVGz8lgE-MvZSDACLSTjGBcVzOusNCxsffpBLev29QCJJ0oB8j7VeBfZC2kky_bQRZelui3RCC4TwCDHphxBxWRBzqtjuD6K9sbh4eArfM3kAsxR5envhtSvIQI9noefkZ9Ahxzwc524nTO569Cjk-byc8NY77WXJCN9BA5HhA.UrL8zU8Af3fJK6MRKCkE0chC2j5-23QckhGnJbp1wjg&dib_tag=se&keywords=drone&qid=1785833582&sr=8-79&xpid=fI2lm0uQBk0DG,https://m.media-amazon.com/images/I/61tI7cr8eHL._AC_UL320_.jpg,drone
B0GRC75MLJ,"Antigravity A1 Infinity Bundle 8K 360 Drone | Vision Goggles + Grip Motion Controller, 3 High-Capacity Batteries, Obstacle Avoidance (DE001-03) + 64GB Card + Landing Pad + More (29pc Bundle)",Antigravity,,,,3.0,1,,https://www.amazon.com/Antigravity-Controller-High-Capacity-Batteries-Avoidance/dp/B0GRC75MLJ/ref=sr_1_82?dib=eyJ2IjoiMSJ9.sZorxPVVNeNfF-Y0VEPJljIBHCjdqHX1MexPhWHLCg6hU5TT1nAxU83jXreVfJb_Oknfp41VMYyfjqLIjsXEsoiApvssEfC2REqzRml6NHIniE9qBO2Mwkya3jGB2XeOFkVGz8lgE-MvZSDACLSTjGBcVzOusNCxsffpBLev29QCJJ0oB8j7VeBfZC2kky_bQRZelui3RCC4TwCDHphxBxWRBzqtjuD6K9sbh4eArfM3kAsxR5envhtSvIQI9noefkZ9Ahxzwc524nTO569Cjk-byc8NY77WXJCN9BA5HhA.UrL8zU8Af3fJK6MRKCkE0chC2j5-23QckhGnJbp1wjg&dib_tag=se&keywords=drone&qid=1785833582&sr=8-82&xpid=fI2lm0uQBk0DG,https://m.media-amazon.com/images/I/71bUh0aGW6L._AC_UL320_.jpg,drone
B09J42HK5N,New SwellPro Fisherman Drone FD1+ Fishing Drone with Dual Bait Release (No camera) Standard Bundle,,,,,2.6,13,,https://www.amazon.com/SwellPro-Fisherman-Drone-Fishing-Bundle/dp/B09J42HK5N/ref=sr_1_84?dib=eyJ2IjoiMSJ9.sZorxPVVNeNfF-Y0VEPJljIBHCjdqHX1MexPhWHLCg6hU5TT1nAxU83jXreVfJb_Oknfp41VMYyfjqLIjsXEsoiApvssEfC2REqzRml6NHIniE9qBO2Mwkya3jGB2XeOFkVGz8lgE-MvZSDACLSTjGBcVzOusNCxsffpBLev29QCJJ0oB8j7VeBfZC2kky_bQRZelui3RCC4TwCDHphxBxWRBzqtjuD6K9sbh4eArfM3kAsxR5envhtSvIQI9noefkZ9Ahxzwc524nTO569Cjk-byc8NY77WXJCN9BA5HhA.UrL8zU8Af3fJK6MRKCkE0chC2j5-23QckhGnJbp1wjg&dib_tag=se&keywords=drone&qid=1785833582&sr=8-84&xpid=fI2lm0uQBk0DG,https://m.media-amazon.com/images/I/61Th7Qx4jVL._AC_UL320_.jpg,drone
B07FTGVX27,"DJI O4 Air Unit Pro for FPV Drone, Digital Transmission System, 15ms Low Latency, 15km Max Range, 4K/120fps Video Recording, 1080p/100fps Live View, 155° FOV, 1/1.3-inch CMOS Sensor",DJI,,,,4.7,328,100+ bought in past month,https://www.amazon.com/DJI-Digital-Transmission-Recording-1-3-inch/dp/B07FTGVX27/ref=sr_1_85?dib=eyJ2IjoiMSJ9.sZorxPVVNeNfF-Y0VEPJljIBHCjdqHX1MexPhWHLCg6hU5TT1nAxU83jXreVfJb_Oknfp41VMYyfjqLIjsXEsoiApvssEfC2REqzRml6NHIniE9qBO2Mwkya3jGB2XeOFkVGz8lgE-MvZSDACLSTjGBcVzOusNCxsffpBLev29QCJJ0oB8j7VeBfZC2kky_bQRZelui3RCC4TwCDHphxBxWRBzqtjuD6K9sbh4eArfM3kAsxR5envhtSvIQI9noefkZ9Ahxzwc524nTO569Cjk-byc8NY77WXJCN9BA5HhA.UrL8zU8Af3fJK6MRKCkE0chC2j5-23QckhGnJbp1wjg&dib_tag=se&keywords=drone&qid=1785833582&sr=8-85&xpid=fI2lm0uQBk0DG,https://m.media-amazon.com/images/I/51P-HOGjzUL._AC_UL320_.jpg,drone
B09SZ74YFK,"HAWK’S WORK F450 DIY Drone Kit, Open Source DIY 450mm Quadcopter Set (B) | Pixhawk-based open source DIY kit, wide component compatibility, fast assembly, for UAV education & research",,,,$356.99,4.3,19,,https://www.amazon.com/HAWKS-WORK-Controller-Unassembled-Quadcopter/dp/B09SZ74YFK/ref=sr_1_83?dib=eyJ2IjoiMSJ9.sZorxPVVNeNfF-Y0VEPJljIBHCjdqHX1MexPhWHLCg6hU5TT1nAxU83jXreVfJb_Oknfp41VMYyfjqLIjsXEsoiApvssEfC2REqzRml6NHIniE9qBO2Mwkya3jGB2XeOFkVGz8lgE-MvZSDACLSTjGBcVzOusNCxsffpBLev29QCJJ0oB8j7VeBfZC2kky_bQRZelui3RCC4TwCDHphxBxWRBzqtjuD6K9sbh4eArfM3kAsxR5envhtSvIQI9noefkZ9Ahxzwc524nTO569Cjk-byc8NY77WXJCN9BA5HhA.UrL8zU8Af3fJK6MRKCkE0chC2j5-23QckhGnJbp1wjg&dib_tag=se&keywords=drone&qid=1785833582&sr=8-83&xpid=fI2lm0uQBk0DG,https://m.media-amazon.com/images/I/612OiGGzMPL._AC_UL320_.jpg,drone
B0F2FGNMJ8,"CADDXFPV Walksnail Avatar HD FPV Goggles X - 1080P/100FPS, 50° FOV, OLED | 22ms Low Latency, Head Tracking Support, HDMI/AV Input, Compatible FPV Drone Goggles for All Walksnail Avatar VTX Kit",,,,$459.99,4.4,100,100+ bought in past month,https://www.amazon.com/CADDXFPV-Walksnail-Avatar-FPV-Goggles/dp/B0F2FGNMJ8/ref=sr_1_86?dib=eyJ2IjoiMSJ9.sZorxPVVNeNfF-Y0VEPJljIBHCjdqHX1MexPhWHLCg6hU5TT1nAxU83jXreVfJb_Oknfp41VMYyfjqLIjsXEsoiApvssEfC2REqzRml6NHIniE9qBO2Mwkya3jGB2XeOFkVGz8lgE-MvZSDACLSTjGBcVzOusNCxsffpBLev29QCJJ0oB8j7VeBfZC2kky_bQRZelui3RCC4TwCDHphxBxWRBzqtjuD6K9sbh4eArfM3kAsxR5envhtSvIQI9noefkZ9Ahxzwc524nTO569Cjk-byc8NY77WXJCN9BA5HhA.UrL8zU8Af3fJK6MRKCkE0chC2j5-23QckhGnJbp1wjg&dib_tag=se&keywords=drone&qid=1785833582&sr=8-86&xpid=fI2lm0uQBk0DG,https://m.media-amazon.com/images/I/51JwJZXONML._AC_UL320_.jpg,drone
B07DB2NQ3N,"Holy Stone Mini Drone for Kids and Beginners RC Nano Quadcopter Indoor Small Helicopter Plane with Auto Hovering, 3D Flips, Headless Mode and 3 Batteries, Great Gift Toy for Boys and Girls, HS210 Red",Holy Stone,,,,4.2,16086,200+ bought in past month,https://www.amazon.com/Holy-Stone-Quadcopter-Beginners-Helicopter/dp/B07DB2NQ3N/ref=sr_1_87?dib=eyJ2IjoiMSJ9.sZorxPVVNeNfF-Y0VEPJljIBHCjdqHX1MexPhWHLCg6hU5TT1nAxU83jXreVfJb_Oknfp41VMYyfjqLIjsXEsoiApvssEfC2REqzRml6NHIniE9qBO2Mwkya3jGB2XeOFkVGz8lgE-MvZSDACLSTjGBcVzOusNCxsffpBLev29QCJJ0oB8j7VeBfZC2kky_bQRZelui3RCC4TwCDHphxBxWRBzqtjuD6K9sbh4eArfM3kAsxR5envhtSvIQI9noefkZ9Ahxzwc524nTO569Cjk-byc8NY77WXJCN9BA5HhA.UrL8zU8Af3fJK6MRKCkE0chC2j5-23QckhGnJbp1wjg&dib_tag=se&keywords=drone&qid=1785833582&sr=8-87&xpid=fI2lm0uQBk0DG,https://m.media-amazon.com/images/I/71XCDKkGN9L._AC_UL320_.jpg,drone
B0CS6JCX2W,DJI FPV Remote Controller 3,DJI,,,$159.00,4.7,2166,1K+ bought in past month,https://www.amazon.com/DJI-FPV-Remote-Controller-Compatibility/dp/B0CS6JCX2W/ref=sr_1_88?dib=eyJ2IjoiMSJ9.sZorxPVVNeNfF-Y0VEPJljIBHCjdqHX1MexPhWHLCg6hU5TT1nAxU83jXreVfJb_Oknfp41VMYyfjqLIjsXEsoiApvssEfC2REqzRml6NHIniE9qBO2Mwkya3jGB2XeOFkVGz8lgE-MvZSDACLSTjGBcVzOusNCxsffpBLev29QCJJ0oB8j7VeBfZC2kky_bQRZelui3RCC4TwCDHphxBxWRBzqtjuD6K9sbh4eArfM3kAsxR5envhtSvIQI9noefkZ9Ahxzwc524nTO569Cjk-byc8NY77WXJCN9BA5HhA.UrL8zU8Af3fJK6MRKCkE0chC2j5-23QckhGnJbp1wjg&dib_tag=se&keywords=drone&qid=1785833582&sr=8-88&xpid=fI2lm0uQBk0DG,https://m.media-amazon.com/images/I/61B5wkAZ6CL._AC_UL320_.jpg,drone
B0G5PHMKWD,Antigravity A1 8K 360 Drone Explorer Bundle,Antigravity,,,,5.0,1,,https://www.amazon.com/Antigravity-360-Drone-Explorer-Bundle/dp/B0G5PHMKWD/ref=sr_1_89?dib=eyJ2IjoiMSJ9.sZorxPVVNeNfF-Y0VEPJljIBHCjdqHX1MexPhWHLCg6hU5TT1nAxU83jXreVfJb_Oknfp41VMYyfjqLIjsXEsoiApvssEfC2REqzRml6NHIniE9qBO2Mwkya3jGB2XeOFkVGz8lgE-MvZSDACLSTjGBcVzOusNCxsffpBLev29QCJJ0oB8j7VeBfZC2kky_bQRZelui3RCC4TwCDHphxBxWRBzqtjuD6K9sbh4eArfM3kAsxR5envhtSvIQI9noefkZ9Ahxzwc524nTO569Cjk-byc8NY77WXJCN9BA5HhA.UrL8zU8Af3fJK6MRKCkE0chC2j5-23QckhGnJbp1wjg&dib_tag=se&keywords=drone&qid=1785833582&sr=8-89&xpid=fI2lm0uQBk0DG,https://m.media-amazon.com/images/I/51-OSrkg7AL._AC_UL320_.jpg,drone
B07GD9XY6J,"DJI Mavic 2 Zoom - Drone Quadcopter UAV with Optical Zoom Camera 3-Axis Gimbal 4K Video 12MP 1/2.3"" CMOS Sensor, up to 48mph, Gray",DJI,,,,4.6,306,,https://www.amazon.com/DJI-Quadcopter-24-48mm-Optical-Version/dp/B07GD9XY6J/ref=sr_1_90?dib=eyJ2IjoiMSJ9.sZorxPVVNeNfF-Y0VEPJljIBHCjdqHX1MexPhWHLCg6hU5TT1nAxU83jXreVfJb_Oknfp41VMYyfjqLIjsXEsoiApvssEfC2REqzRml6NHIniE9qBO2Mwkya3jGB2XeOFkVGz8lgE-MvZSDACLSTjGBcVzOusNCxsffpBLev29QCJJ0oB8j7VeBfZC2kky_bQRZelui3RCC4TwCDHphxBxWRBzqtjuD6K9sbh4eArfM3kAsxR5envhtSvIQI9noefkZ9Ahxzwc524nTO569Cjk-byc8NY77WXJCN9BA5HhA.UrL8zU8Af3fJK6MRKCkE0chC2j5-23QckhGnJbp1wjg&dib_tag=se&keywords=drone&qid=1785833582&sr=8-90&xpid=fI2lm0uQBk0DG,https://m.media-amazon.com/images/I/51EcQmWZOPL._AC_UL320_.jpg,drone
B0FVFMQN9V,"Upgraded Flying Sword RC Drone with Colorful LED Lights, ABS Metal Remote Control Airplane with Hand Gesture & Smart Watch Control, 3 Speed Modes & Stunt Drone for Kids Adults, Upgraded Gold",,,,$41.99,3.6,26,100+ bought in past month,https://www.amazon.com/Virellia-Upgraded-Colorful-Control-Airplane/dp/B0FVFMQN9V/ref=sr_1_91?dib=eyJ2IjoiMSJ9.sZorxPVVNeNfF-Y0VEPJljIBHCjdqHX1MexPhWHLCg6hU5TT1nAxU83jXreVfJb_Oknfp41VMYyfjqLIjsXEsoiApvssEfC2REqzRml6NHIniE9qBO2Mwkya3jGB2XeOFkVGz8lgE-MvZSDACLSTjGBcVzOusNCxsffpBLev29QCJJ0oB8j7VeBfZC2kky_bQRZelui3RCC4TwCDHphxBxWRBzqtjuD6K9sbh4eArfM3kAsxR5envhtSvIQI9noefkZ9Ahxzwc524nTO569Cjk-byc8NY77WXJCN9BA5HhA.UrL8zU8Af3fJK6MRKCkE0chC2j5-23QckhGnJbp1wjg&dib_tag=se&keywords=drone&qid=1785833582&sr=8-91&xpid=fI2lm0uQBk0DG,https://m.media-amazon.com/images/I/71TMbkpCUdL._AC_UL320_.jpg,drone
B0H7SSQFTQ,"Drone Thermography for Beginners 2026: The Practical Field Guide to Thermal Drone Inspections, Solar Panels, Roofs, Image Interpretation, Field Workflows, ... Reports (Ashwick Exam Prep Series™)",,,,$0.99,4.9,22,,https://www.amazon.com/Drone-Thermography-Beginners-2026-Interpretation-ebook/dp/B0H7SSQFTQ/ref=sr_1_92?dib=eyJ2IjoiMSJ9.sZorxPVVNeNfF-Y0VEPJljIBHCjdqHX1MexPhWHLCg6hU5TT1nAxU83jXreVfJb_Oknfp41VMYyfjqLIjsXEsoiApvssEfC2REqzRml6NHIniE9qBO2Mwkya3jGB2XeOFkVGz8lgE-MvZSDACLSTjGBcVzOusNCxsffpBLev29QCJJ0oB8j7VeBfZC2kky_bQRZelui3RCC4TwCDHphxBxWRBzqtjuD6K9sbh4eArfM3kAsxR5envhtSvIQI9noefkZ9Ahxzwc524nTO569Cjk-byc8NY77WXJCN9BA5HhA.UrL8zU8Af3fJK6MRKCkE0chC2j5-23QckhGnJbp1wjg&dib_tag=se&keywords=drone&qid=1785833582&sr=8-92&xpid=fI2lm0uQBk0DG,https://m.media-amazon.com/images/I/81+V-tCdojL._AC_UL320_.jpg,drone
B07WHDGR2R,Parrot Anafi - FPV Drone Set - Lightweight and Foldable Quadcopter - FPV Cockpitglasses 3 for Immersive Flights - Full HD Live Streaming - Comprehensive and Compact Set with Backpack,Parrot,,,,3.8,136,,https://www.amazon.com/Parrot-Anafi-Lightweight-Cockpitglasses-Comprehensive/dp/B07WHDGR2R/ref=sr_1_93?dib=eyJ2IjoiMSJ9.sZorxPVVNeNfF-Y0VEPJljIBHCjdqHX1MexPhWHLCg6hU5TT1nAxU83jXreVfJb_Oknfp41VMYyfjqLIjsXEsoiApvssEfC2REqzRml6NHIniE9qBO2Mwkya3jGB2XeOFkVGz8lgE-MvZSDACLSTjGBcVzOusNCxsffpBLev29QCJJ0oB8j7VeBfZC2kky_bQRZelui3RCC4TwCDHphxBxWRBzqtjuD6K9sbh4eArfM3kAsxR5envhtSvIQI9noefkZ9Ahxzwc524nTO569Cjk-byc8NY77WXJCN9BA5HhA.UrL8zU8Af3fJK6MRKCkE0chC2j5-23QckhGnJbp1wjg&dib_tag=se&keywords=drone&qid=1785833582&sr=8-93&xpid=fI2lm0uQBk0DG,https://m.media-amazon.com/images/I/51i28Z2QCQL._AC_UL320_.jpg,drone
B0BV23H4R1,"DJI Mavic 3 Pro Cine with DJI RC Pro (High-Bright Screen), Flagship Triple-Camera Drone, Tri-Camera Apple ProRes Support with 1TB of Storage, 3 Intelligent Flight Batteries, FAA Remote ID Compliant",DJI,,,,3.6,52,,https://www.amazon.com/DJI-high-bright-Triple-Camera-Tri-Camera-Intelligent/dp/B0BV23H4R1/ref=sr_1_94?dib=eyJ2IjoiMSJ9.sZorxPVVNeNfF-Y0VEPJljIBHCjdqHX1MexPhWHLCg6hU5TT1nAxU83jXreVfJb_Oknfp41VMYyfjqLIjsXEsoiApvssEfC2REqzRml6NHIniE9qBO2Mwkya3jGB2XeOFkVGz8lgE-MvZSDACLSTjGBcVzOusNCxsffpBLev29QCJJ0oB8j7VeBfZC2kky_bQRZelui3RCC4TwCDHphxBxWRBzqtjuD6K9sbh4eArfM3kAsxR5envhtSvIQI9noefkZ9Ahxzwc524nTO569Cjk-byc8NY77WXJCN9BA5HhA.UrL8zU8Af3fJK6MRKCkE0chC2j5-23QckhGnJbp1wjg&dib_tag=se&keywords=drone&qid=1785833582&sr=8-94&xpid=fI2lm0uQBk0DG,https://m.media-amazon.com/images/I/6161+8l7U8L._AC_UL320_.jpg,drone
B0H3CPYXDF,"Antigravity A1 Creator Bundle 1TB- 8K 360 Drone for Immersive Flight, Point-to-Fly Motion Control, Obstacle Avoidance, Deep Track, Auto Return, 10km Transmission(Standard Bundle/Propeller Guards/Landing Pad/High Capacity Battery)",Antigravity,,,,,,,https://www.amazon.com/Antigravity-Immersive-Avoidance-Transmission-Propeller/dp/B0H3CPYXDF/ref=sr_1_95?dib=eyJ2IjoiMSJ9.sZorxPVVNeNfF-Y0VEPJljIBHCjdqHX1MexPhWHLCg6hU5TT1nAxU83jXreVfJb_Oknfp41VMYyfjqLIjsXEsoiApvssEfC2REqzRml6NHIniE9qBO2Mwkya3jGB2XeOFkVGz8lgE-MvZSDACLSTjGBcVzOusNCxsffpBLev29QCJJ0oB8j7VeBfZC2kky_bQRZelui3RCC4TwCDHphxBxWRBzqtjuD6K9sbh4eArfM3kAsxR5envhtSvIQI9noefkZ9Ahxzwc524nTO569Cjk-byc8NY77WXJCN9BA5HhA.UrL8zU8Af3fJK6MRKCkE0chC2j5-23QckhGnJbp1wjg&dib_tag=se&keywords=drone&qid=1785833582&sr=8-95&xpid=fI2lm0uQBk0DG,https://m.media-amazon.com/images/I/61lKLMtq5PL._AC_UL320_.jpg,drone
B07W9FG474,"Force1 Scoot Duo Hand Operated Drone for Kids or Adults - 2pk Hands Free Motion Sensor Mini Drones, Easy Indoor Flying Ball Small UFO Toys for Boys and Girls (Red and Blue)",,,,$34.99,3.9,3304,200+ bought in past month,https://www.amazon.com/Force1-Scoot-Hand-Drones-Kids/dp/B07W9FG474/ref=sr_1_97?dib=eyJ2IjoiMSJ9.sZorxPVVNeNfF-Y0VEPJljIBHCjdqHX1MexPhWHLCg6hU5TT1nAxU83jXreVfJb_Oknfp41VMYyfjqLIjsXEsoiApvssEfC2REqzRml6NHIniE9qBO2Mwkya3jGB2XeOFkVGz8lgE-MvZSDACLSTjGBcVzOusNCxsffpBLev29QCJJ0oB8j7VeBfZC2kky_bQRZelui3RCC4TwCDHphxBxWRBzqtjuD6K9sbh4eArfM3kAsxR5envhtSvIQI9noefkZ9Ahxzwc524nTO569Cjk-byc8NY77WXJCN9BA5HhA.UrL8zU8Af3fJK6MRKCkE0chC2j5-23QckhGnJbp1wjg&dib_tag=se&keywords=drone&qid=1785833582&sr=8-97&xpid=fI2lm0uQBk0DG,https://m.media-amazon.com/images/I/81gz+k+6ISL._AC_UL320_.jpg,drone
B0CNWPDKX9,SwellPro Fisherman MAX Heavy Lift Fishing waterproof Drone FD2 advanced with 4K Camera and Bait Release,,,,,3.4,2,,https://www.amazon.com/SwellPro-Fisherman-Fishing-waterproof-advanced/dp/B0CNWPDKX9/ref=sr_1_100?dib=eyJ2IjoiMSJ9.sZorxPVVNeNfF-Y0VEPJljIBHCjdqHX1MexPhWHLCg6hU5TT1nAxU83jXreVfJb_Oknfp41VMYyfjqLIjsXEsoiApvssEfC2REqzRml6NHIniE9qBO2Mwkya3jGB2XeOFkVGz8lgE-MvZSDACLSTjGBcVzOusNCxsffpBLev29QCJJ0oB8j7VeBfZC2kky_bQRZelui3RCC4TwCDHphxBxWRBzqtjuD6K9sbh4eArfM3kAsxR5envhtSvIQI9noefkZ9Ahxzwc524nTO569Cjk-byc8NY77WXJCN9BA5HhA.UrL8zU8Af3fJK6MRKCkE0chC2j5-23QckhGnJbp1wjg&dib_tag=se&keywords=drone&qid=1785833582&sr=8-100&xpid=fI2lm0uQBk0DG,https://m.media-amazon.com/images/I/61tI7cr8eHL._AC_UL320_.jpg,drone
B09WDC1S17,"DJI Mini 3 Pro, Mini Drone with 4K Video, 48MP Photo, 34 Mins Flight Time, Less than 249 g, Tri-Directional Obstacle Sensing, Return to Home, FAA Remote ID Compliant, Drone with Camera for Adults",DJI,,,,4.4,1529,,https://www.amazon.com/DJI-Mini-Pro-Lightweight-Tri-Directional/dp/B09WDC1S17/ref=sr_1_99?dib=eyJ2IjoiMSJ9.sZorxPVVNeNfF-Y0VEPJljIBHCjdqHX1MexPhWHLCg6hU5TT1nAxU83jXreVfJb_Oknfp41VMYyfjqLIjsXEsoiApvssEfC2REqzRml6NHIniE9qBO2Mwkya3jGB2XeOFkVGz8lgE-MvZSDACLSTjGBcVzOusNCxsffpBLev29QCJJ0oB8j7VeBfZC2kky_bQRZelui3RCC4TwCDHphxBxWRBzqtjuD6K9sbh4eArfM3kAsxR5envhtSvIQI9noefkZ9Ahxzwc524nTO569Cjk-byc8NY77WXJCN9BA5HhA.UrL8zU8Af3fJK6MRKCkE0chC2j5-23QckhGnJbp1wjg&dib_tag=se&keywords=drone&qid=1785833582&sr=8-99&xpid=fI2lm0uQBk0DG,https://m.media-amazon.com/images/I/61koi1zbnNL._AC_UL320_.jpg,drone
B0H8SZMHK3,"Drone Inspection Workflow Guide : Use Drones for Roofs, Solar Panels, Farms, Construction Sites, and Property Surveys",,,,$2.99,,,,https://www.amazon.com/Drone-Inspection-Workflow-Guide-Construction-ebook/dp/B0H8SZMHK3/ref=sr_1_98?dib=eyJ2IjoiMSJ9.sZorxPVVNeNfF-Y0VEPJljIBHCjdqHX1MexPhWHLCg6hU5TT1nAxU83jXreVfJb_Oknfp41VMYyfjqLIjsXEsoiApvssEfC2REqzRml6NHIniE9qBO2Mwkya3jGB2XeOFkVGz8lgE-MvZSDACLSTjGBcVzOusNCxsffpBLev29QCJJ0oB8j7VeBfZC2kky_bQRZelui3RCC4TwCDHphxBxWRBzqtjuD6K9sbh4eArfM3kAsxR5envhtSvIQI9noefkZ9Ahxzwc524nTO569Cjk-byc8NY77WXJCN9BA5HhA.UrL8zU8Af3fJK6MRKCkE0chC2j5-23QckhGnJbp1wjg&dib_tag=se&keywords=drone&qid=1785833582&sr=8-98&xpid=fI2lm0uQBk0DG,https://m.media-amazon.com/images/I/81DAWkYUHpL._AC_UL320_.jpg,drone
B0B7GJZZ48,"DJI Avata Pro-View Combo (DJI Goggles 2) - First-Person View Drone UAV Quadcopter with 4K Stabilized Video, Super-Wide 155° FOV, Built-in Propeller Guard, HD Low-Latency Transmission",DJI,,,,4.4,310,,https://www.amazon.com/DJI-Avata-Pro-View-Goggles-Built/dp/B0B7GJZZ48/ref=sr_1_102?dib=eyJ2IjoiMSJ9.sZorxPVVNeNfF-Y0VEPJljIBHCjdqHX1MexPhWHLCg6hU5TT1nAxU83jXreVfJb_Oknfp41VMYyfjqLIjsXEsoiApvssEfC2REqzRml6NHIniE9qBO2Mwkya3jGB2XeOFkVGz8lgE-MvZSDACLSTjGBcVzOusNCxsffpBLev29QCJJ0oB8j7VeBfZC2kky_bQRZelui3RCC4TwCDHphxBxWRBzqtjuD6K9sbh4eArfM3kAsxR5envhtSvIQI9noefkZ9Ahxzwc524nTO569Cjk-byc8NY77WXJCN9BA5HhA.UrL8zU8Af3fJK6MRKCkE0chC2j5-23QckhGnJbp1wjg&dib_tag=se&keywords=drone&qid=1785833582&sr=8-102&xpid=fI2lm0uQBk0DG,https://m.media-amazon.com/images/I/51FlVO1AXbL._AC_UL320_.jpg,drone
B0GNN1MGC7,"LiteWing - ESP32 based Programmable Drone Development Board without Battery for Makers, Developers and Educators (Ready to Fly)",,,,$70.00,5.0,1,,https://www.amazon.com/LiteWing-Programmable-Development-Developers-Educators/dp/B0GNN1MGC7/ref=sr_1_101?dib=eyJ2IjoiMSJ9.sZorxPVVNeNfF-Y0VEPJljIBHCjdqHX1MexPhWHLCg6hU5TT1nAxU83jXreVfJb_Oknfp41VMYyfjqLIjsXEsoiApvssEfC2REqzRml6NHIniE9qBO2Mwkya3jGB2XeOFkVGz8lgE-MvZSDACLSTjGBcVzOusNCxsffpBLev29QCJJ0oB8j7VeBfZC2kky_bQRZelui3RCC4TwCDHphxBxWRBzqtjuD6K9sbh4eArfM3kAsxR5envhtSvIQI9noefkZ9Ahxzwc524nTO569Cjk-byc8NY77WXJCN9BA5HhA.UrL8zU8Af3fJK6MRKCkE0chC2j5-23QckhGnJbp1wjg&dib_tag=se&keywords=drone&qid=1785833582&sr=8-101&xpid=fI2lm0uQBk0DG,https://m.media-amazon.com/images/I/51U9AYF-I-L._AC_UL320_.jpg,drone
B097PY7WCN,"DJI Air 2S Fly More Combo with Smart Controller - Drone with 4K Camera, 5.4K Video, 1-Inch CMOS Sensor, 4 Directions of Obstacle Sensing, 31-Min Flight Time, Max 7.5-Mile Video Transmission, Gray",DJI,,,,4.4,308,,https://www.amazon.com/DJI-More-Combo-Smart-Controller/dp/B097PY7WCN/ref=sr_1_103?dib=eyJ2IjoiMSJ9.sZorxPVVNeNfF-Y0VEPJljIBHCjdqHX1MexPhWHLCg6hU5TT1nAxU83jXreVfJb_Oknfp41VMYyfjqLIjsXEsoiApvssEfC2REqzRml6NHIniE9qBO2Mwkya3jGB2XeOFkVGz8lgE-MvZSDACLSTjGBcVzOusNCxsffpBLev29QCJJ0oB8j7VeBfZC2kky_bQRZelui3RCC4TwCDHphxBxWRBzqtjuD6K9sbh4eArfM3kAsxR5envhtSvIQI9noefkZ9Ahxzwc524nTO569Cjk-byc8NY77WXJCN9BA5HhA.UrL8zU8Af3fJK6MRKCkE0chC2j5-23QckhGnJbp1wjg&dib_tag=se&keywords=drone&qid=1785833582&sr=8-103&xpid=fI2lm0uQBk0DG,https://m.media-amazon.com/images/I/515Zn3GMzjL._AC_UL320_.jpg,drone
B0D7WB923J,"Universal Drone Airdrop System, Release Device, Payload Clip, Airdropper | Fish Bait Delivery Device , Drone Accessories,Compatible with DJI Mini 5/4 Pro, Mini 3/2, Air 2/2S/3, Mavic 3/2 & Spark",DJI,,,$37.78,4.2,54,100+ bought in past month,https://www.amazon.com/Airdrop-Release-Payload-Airdropper-Accessories/dp/B0D7WB923J/ref=sr_1_104?dib=eyJ2IjoiMSJ9.sZorxPVVNeNfF-Y0VEPJljIBHCjdqHX1MexPhWHLCg6hU5TT1nAxU83jXreVfJb_Oknfp41VMYyfjqLIjsXEsoiApvssEfC2REqzRml6NHIniE9qBO2Mwkya3jGB2XeOFkVGz8lgE-MvZSDACLSTjGBcVzOusNCxsffpBLev29QCJJ0oB8j7VeBfZC2kky_bQRZelui3RCC4TwCDHphxBxWRBzqtjuD6K9sbh4eArfM3kAsxR5envhtSvIQI9noefkZ9Ahxzwc524nTO569Cjk-byc8NY77WXJCN9BA5HhA.UrL8zU8Af3fJK6MRKCkE0chC2j5-23QckhGnJbp1wjg&dib_tag=se&keywords=drone&qid=1785833582&sr=8-104&xpid=fI2lm0uQBk0DG,https://m.media-amazon.com/images/I/61OvQGsfTLL._AC_UL320_.jpg,drone
B0GGQGGL7K,"JoyRapt Foam RC Plane Drones for Kids, Remote Control Airplane, Aircrafts for Boys and Girls, Jet Helicopter Drones with LED Lights 360° Flip, 4 Rechargeable Batteries (Two Pack)",,,,$47.99,3.8,223,100+ bought in past month,https://www.amazon.com/JoyRapt-Aircrafts-Helicopter-Rechargeable-Batteries/dp/B0GGQGGL7K/ref=sr_1_105?dib=eyJ2IjoiMSJ9.sZorxPVVNeNfF-Y0VEPJljIBHCjdqHX1MexPhWHLCg6hU5TT1nAxU83jXreVfJb_Oknfp41VMYyfjqLIjsXEsoiApvssEfC2REqzRml6NHIniE9qBO2Mwkya3jGB2XeOFkVGz8lgE-MvZSDACLSTjGBcVzOusNCxsffpBLev29QCJJ0oB8j7VeBfZC2kky_bQRZelui3RCC4TwCDHphxBxWRBzqtjuD6K9sbh4eArfM3kAsxR5envhtSvIQI9noefkZ9Ahxzwc524nTO569Cjk-byc8NY77WXJCN9BA5HhA.UrL8zU8Af3fJK6MRKCkE0chC2j5-23QckhGnJbp1wjg&dib_tag=se&keywords=drone&qid=1785833582&sr=8-105&xpid=fI2lm0uQBk0DG,https://m.media-amazon.com/images/I/713lmuDHLaL._AC_UL320_.jpg,drone
B09ZP3GZSN,"DJI RC, Remote Controller with Lightweight Body, FHD Screen, 4hr Battery, Precision Control Sticks, O3+ Transmission | 4hr Battery, O3 + Transmission, Lightweight Body, FHD Screen, Precision Control Sticks",DJI,,,$250.00,4.6,1748,100+ bought in past month,https://www.amazon.com/DJI-Controller-Lightweight-Precision-Transmission/dp/B09ZP3GZSN/ref=sr_1_106?dib=eyJ2IjoiMSJ9.sZorxPVVNeNfF-Y0VEPJljIBHCjdqHX1MexPhWHLCg6hU5TT1nAxU83jXreVfJb_Oknfp41VMYyfjqLIjsXEsoiApvssEfC2REqzRml6NHIniE9qBO2Mwkya3jGB2XeOFkVGz8lgE-MvZSDACLSTjGBcVzOusNCxsffpBLev29QCJJ0oB8j7VeBfZC2kky_bQRZelui3RCC4TwCDHphxBxWRBzqtjuD6K9sbh4eArfM3kAsxR5envhtSvIQI9noefkZ9Ahxzwc524nTO569Cjk-byc8NY77WXJCN9BA5HhA.UrL8zU8Af3fJK6MRKCkE0chC2j5-23QckhGnJbp1wjg&dib_tag=se&keywords=drone&qid=1785833582&sr=8-106&xpid=fI2lm0uQBk0DG,https://m.media-amazon.com/images/I/51yLUyndiJL._AC_UL320_.jpg,drone
B0GKV2ZLZV,12.5L Hexacopter Heavy-Lift Granular Spreader Drone Kit 1380mm Wheelbase 6215 Power System 30mm Carbon Frame for Industrial UAV 1Set(White Cover Frame),,,,"$3,147.84",,,,https://www.amazon.com/Hexacopter-Heavy-Lift-Granular-Wheelbase-Industrial/dp/B0GKV2ZLZV/ref=sr_1_109?dib=eyJ2IjoiMSJ9.sZorxPVVNeNfF-Y0VEPJljIBHCjdqHX1MexPhWHLCg6hU5TT1nAxU83jXreVfJb_Oknfp41VMYyfjqLIjsXEsoiApvssEfC2REqzRml6NHIniE9qBO2Mwkya3jGB2XeOFkVGz8lgE-MvZSDACLSTjGBcVzOusNCxsffpBLev29QCJJ0oB8j7VeBfZC2kky_bQRZelui3RCC4TwCDHphxBxWRBzqtjuD6K9sbh4eArfM3kAsxR5envhtSvIQI9noefkZ9Ahxzwc524nTO569Cjk-byc8NY77WXJCN9BA5HhA.UrL8zU8Af3fJK6MRKCkE0chC2j5-23QckhGnJbp1wjg&dib_tag=se&keywords=drone&qid=1785833582&sr=8-109&xpid=fI2lm0uQBk0DG,https://m.media-amazon.com/images/I/412i+lTPLNL._AC_UL320_.jpg,drone
B0CG9XRDJX,Drone XC 2K LTE/Wi-Fi/GPS Dash Camera with aftermarket Remote Start & Security Alarm System Integration,,,,$379.99,3.8,17,,https://www.amazon.com/Drone-LTE-Wi-Fi-Dash-aftermarket/dp/B0CG9XRDJX/ref=sr_1_107?dib=eyJ2IjoiMSJ9.sZorxPVVNeNfF-Y0VEPJljIBHCjdqHX1MexPhWHLCg6hU5TT1nAxU83jXreVfJb_Oknfp41VMYyfjqLIjsXEsoiApvssEfC2REqzRml6NHIniE9qBO2Mwkya3jGB2XeOFkVGz8lgE-MvZSDACLSTjGBcVzOusNCxsffpBLev29QCJJ0oB8j7VeBfZC2kky_bQRZelui3RCC4TwCDHphxBxWRBzqtjuD6K9sbh4eArfM3kAsxR5envhtSvIQI9noefkZ9Ahxzwc524nTO569Cjk-byc8NY77WXJCN9BA5HhA.UrL8zU8Af3fJK6MRKCkE0chC2j5-23QckhGnJbp1wjg&dib_tag=se&keywords=drone&qid=1785833582&sr=8-107&xpid=fI2lm0uQBk0DG,https://m.media-amazon.com/images/I/51lnbFv-JkL._AC_UL320_.jpg,drone
B0FWYQGXT6,Drone,,,,,3.5,3,,https://www.amazon.com/Drone-Jason-Bourque/dp/B0FWYQGXT6/ref=sr_1_108?dib=eyJ2IjoiMSJ9.sZorxPVVNeNfF-Y0VEPJljIBHCjdqHX1MexPhWHLCg6hU5TT1nAxU83jXreVfJb_Oknfp41VMYyfjqLIjsXEsoiApvssEfC2REqzRml6NHIniE9qBO2Mwkya3jGB2XeOFkVGz8lgE-MvZSDACLSTjGBcVzOusNCxsffpBLev29QCJJ0oB8j7VeBfZC2kky_bQRZelui3RCC4TwCDHphxBxWRBzqtjuD6K9sbh4eArfM3kAsxR5envhtSvIQI9noefkZ9Ahxzwc524nTO569Cjk-byc8NY77WXJCN9BA5HhA.UrL8zU8Af3fJK6MRKCkE0chC2j5-23QckhGnJbp1wjg&dib_tag=se&keywords=drone&qid=1785833582&sr=8-108&xpid=fI2lm0uQBk0DG,https://m.media-amazon.com/images/I/812vsJSdcDL._AC_UL320_.jpg,drone
B0GZLQG9LF,"SANDISK 2TB Extreme microSD UHS-I Card - Up to 245MB/s Read Speed and 150MB/s Write Speed, 5.3K Video, 4K UHD Video, high-Performance for Action cams, Drones, Android Devices - SDSQXH9-2T00-GN6MA",,,,$539.99,4.8,520,100+ bought in past month,https://www.amazon.com/SANDISK-Extreme-microSD-UHS-I-SDSQXH9-2T00-GN6MA/dp/B0GZLQG9LF/ref=sr_1_110?dib=eyJ2IjoiMSJ9.sZorxPVVNeNfF-Y0VEPJljIBHCjdqHX1MexPhWHLCg6hU5TT1nAxU83jXreVfJb_Oknfp41VMYyfjqLIjsXEsoiApvssEfC2REqzRml6NHIniE9qBO2Mwkya3jGB2XeOFkVGz8lgE-MvZSDACLSTjGBcVzOusNCxsffpBLev29QCJJ0oB8j7VeBfZC2kky_bQRZelui3RCC4TwCDHphxBxWRBzqtjuD6K9sbh4eArfM3kAsxR5envhtSvIQI9noefkZ9Ahxzwc524nTO569Cjk-byc8NY77WXJCN9BA5HhA.UrL8zU8Af3fJK6MRKCkE0chC2j5-23QckhGnJbp1wjg&dib_tag=se&keywords=drone&qid=1785833582&sr=8-110&xpid=fI2lm0uQBk0DG,https://m.media-amazon.com/images/I/61c-zmM-zaL._AC_UL320_.jpg,drone
B081RJ8DW1,"Gskyer Telescope, 70mm Aperture 400mm AZ Mount Astronomical Refracting Telescope for Kids Beginners - Travel Telescope with Carry Bag, Phone Adapter and Wireless Remote.",,,,$96.99,4.3,22039,1K+ bought in past month,https://www.amazon.com/sspa/click?ie=UTF8&spc=MTo1NTE3NTU1MzU2NTAxODQ3OjE3ODU4MzM1ODI6c3BfYXRmX25leHQ6MjAwMDkzNzAwNDM4NjYxOjowOjo&url=%2FGskyer-Telescope-AZ-Astronomical-Refracting%2Fdp%2FB081RJ8DW1%2Fref%3Dsr_1_51_sspa%3Fdib%3DeyJ2IjoiMSJ9.qTTIMxTfffYl5WCagiODk2F8Xm3-IwL8Zz_q5jFMwfezcwVVoBHiuu6CQxgRHktm8UeIpN8LTs9J70vev7RCvw.l02xUO_HqX1H5tD242f18O-vJtTzSNR7ZnKNtwp7-H8%26dib_tag%3Dse%26keywords%3Ddrone%26qid%3D1785833582%26sr%3D8-51-spons%26xpid%3DfI2lm0uQBk0DG%26sp_csd%3Dd2lkZ2V0TmFtZT1zcF9hdGZfbmV4dA%26psc%3D1,https://m.media-amazon.com/images/I/71cb2RCy+aL._AC_UL320_.jpg,drone
B0DRYR7H7G,"LEAMBE Brushless 4 Channel RC Plane, Ready to Fly Aerobatic Aircraft, Easy Control for Beginners, P51 Mustang RC Airplane for Adults Green",,,,$162.42,4.2,972,,https://www.amazon.com/sspa/click?ie=UTF8&spc=MTo3NjAxMjgzMTAwMjEyNDMyOjE3ODU4MzM3NTY6c3BfYXRmX25leHQ6MzAxNDAzMzAzODUxMzAyOjowOjo&url=%2FLEAMBE-Brushless-Aerobatics-Controlled-Beginners%2Fdp%2FB0DRYR7H7G%2Fref%3Dsr_1_97_sspa%3Fdib%3DeyJ2IjoiMSJ9.kTSh5FhB5sCxnr9zCed0WU_UyOZoMy0rnAlH6LA_-WfUZdokCN7w6X4ZOsJSl0iyjN3DtAOb9UtBiLxOrvpF1g.VWZwXeKUQpvFyDA-lOSJYCTMOI8cTgmcttMXBdsJZJI%26dib_tag%3Dse%26keywords%3Ddrone%26qid%3D1785833756%26sr%3D8-97-spons%26xpid%3DfI2lm0uQBk0DG%26sp_csd%3Dd2lkZ2V0TmFtZT1zcF9hdGZfbmV4dA%26psc%3D1,https://m.media-amazon.com/images/I/61uEPPIwIDL._AC_UL320_.jpg,drone
B0DBH21B56,"Propeller Guard+16PCS Propeller Blade +Propeller Holder Starp for DJI Mini 2 Mini 4K/Specta Drone,Light Weight Props Guard Bumper for Mavic Mini SE Drone Protective Accessory",DJI,,,$16.99,4.3,136,50+ bought in past month,https://www.amazon.com/sspa/click?ie=UTF8&spc=MTo1NTE3NTU1MzU2NTAxODQ3OjE3ODU4MzM1ODI6c3BfbXRmOjMwMDQxNTE1NDU2OTcwMjo6MDo6&url=%2FPropeller-Holder-Weight-Protective-Accessory%2Fdp%2FB0DBH21B56%2Fref%3Dsr_1_76_sspa%3Fdib%3DeyJ2IjoiMSJ9.sZorxPVVNeNfF-Y0VEPJljIBHCjdqHX1MexPhWHLCg6hU5TT1nAxU83jXreVfJb_Oknfp41VMYyfjqLIjsXEsoiApvssEfC2REqzRml6NHIniE9qBO2Mwkya3jGB2XeOFkVGz8lgE-MvZSDACLSTjGBcVzOusNCxsffpBLev29QCJJ0oB8j7VeBfZC2kky_bQRZelui3RCC4TwCDHphxBxWRBzqtjuD6K9sbh4eArfM3kAsxR5envhtSvIQI9noefkZ9Ahxzwc524nTO569Cjk-byc8NY77WXJCN9BA5HhA.UrL8zU8Af3fJK6MRKCkE0chC2j5-23QckhGnJbp1wjg%26dib_tag%3Dse%26keywords%3Ddrone%26qid%3D1785833582%26sr%3D8-76-spons%26xpid%3DfI2lm0uQBk0DG%26sp_csd%3Dd2lkZ2V0TmFtZT1zcF9tdGY%26psc%3D1,https://m.media-amazon.com/images/I/61kdnHen2ML._AC_UL320_.jpg,drone
B09WD4LRQT,"MEIJIA All Weather IP67 Waterproof Hard Camera Case,Hard Protective Case,Hard Case with Customizable Foam,Fit Use of Drones,Camera,Equipments,Pistols(Orange,19.78x15.77x7.41inches)",,,,$129.99,4.7,2611,,https://www.amazon.com/sspa/click?ie=UTF8&spc=MTo3OTM1Mzg3MjEzMTQ3MDgwOjE3ODU4MzE3NjI6c3BfYXRmX25leHQ6MzAwNzM5MzU5MjIyMTAyOjowOjo&url=%2FMEIJIA-Waterproof-Protective-Customisable-Equipments%2Fdp%2FB09WD4LRQT%2Fref%3Dsr_1_100_sspa%3Fdib%3DeyJ2IjoiMSJ9.XzmMem8Sbs9fDGrb456XnygGP-4ZAzAqq_LmmTxJOclQYlUjdHR45W9MIg65RGHBpMDhtb0jflv7NyLdoUOqVQ.o59dL9MxeniGiXLSktNJqbd-ld_di4znszPiB7iZpcE%26dib_tag%3Dse%26keywords%3Ddrone%26qid%3D1785831761%26sr%3D8-100-spons%26xpid%3DTtIitUURkL8Js%26sp_csd%3Dd2lkZ2V0TmFtZT1zcF9hdGZfbmV4dA%26psc%3D1,https://m.media-amazon.com/images/I/61u3cyHC5fL._AC_UL320_.jpg,drone
B0H7XP64D3,"Drone Thermography for Beginners 2026: The Practical Field Guide to Thermal Drone Inspections, Solar Panels, Roofs, Image Interpretation, Field ... Reports (Ashwick Exam Prep Series™)",by James R. Holloway(Author)Format: Paperback,,,$29.95,4.9,22,,https://www.amazon.com/sspa/click?ie=UTF8&spc=MToyNTA3MDg1ODIwNzkxNTE5OjE3ODU4NDUwMTU6c3BfbXRmOjMwMTM2NDY1MjY0ODAwMjo6MDo6&url=%2FDrone-Thermography-Beginners-2026-Interpretation%2Fdp%2FB0H7XP64D3%2Fref%3Dsr_1_6_sspa%3Fdib%3DeyJ2IjoiMSJ9.SI1h3-CiQG8DEJ6r8Y7nr7qjz5Q7a0b8DfCmXqc5FVBhWDOsaYICUS0mBi5pqAEvyutBGWiF4EPV0QTuAN7qwoFFp6yN85J1z9A3B8ep0DuiyU_CiKa59YdzSbrndRNELeOHSSP8EmU3BtBNKhB7_yVAeEWp08f3CTMK1ew5XibTjS2xcAsoT5tjIph2mEAQa6OoFOp7Bn3WP0q8Rl48pZ9OAfFhUIVVIwiI3yDSMfEw0-URBR1ydSg4dr5TKx1WePMz70IYmdM7XqmI8PC5MrrgYkX2nb_kKaK4KiWO98w.inGe-lEL_Kcyq0GKOjRMGupHwXpGXMEp-dXNKnb6fTY%26dib_tag%3Dse%26keywords%3Dthermal%2Bimaging%2Bdrone%26qid%3D1785845015%26sr%3D8-6-spons%26sp_csd%3Dd2lkZ2V0TmFtZT1zcF9tdGY%26psc%3D1,https://m.media-amazon.com/images/I/71yWeYBIgrL._AC_UL320_.jpg,thermal imaging drone
B08JGYF5W1,"DJI Mini 2 – Ultralight and Foldable Drone Quadcopter, 3-Axis Gimbal with 4K Camera, 12MP Photo, 31 Mins Flight Time, OcuSync 2.0 10km HD Video Transmission, QuickShots Gray",DJI,,,,4.6,8478,,https://www.amazon.com/DJI-Mini-Ultralight-Quadcopter-Transmission/dp/B08JGYF5W1/ref=sr_1_102?dib=eyJ2IjoiMSJ9.XzmMem8Sbs9fDGrb456XnygGP-4ZAzAqq_LmmTxJOclQYlUjdHR45W9MIg65RGHBpMDhtb0jflv7NyLdoUOqVQ.o59dL9MxeniGiXLSktNJqbd-ld_di4znszPiB7iZpcE&dib_tag=se&keywords=drone&qid=1785831761&sr=8-102&xpid=TtIitUURkL8Js,https://m.media-amazon.com/images/I/51PpwI26rXL._AC_UL320_.jpg,drone
B0GS5SG1LB,"BETAFPV Air65 II Brushless Whoop Quadcopter, for Champion FPV Drone | 1S FPV Drone, Ultra-Lightweight, Matrix 1S 5IN1 II 12A FC, 0702 36000KV Motor 1207 3-B Prop, C03 Camera, Air II Canopy&Frame",BetaFPV,,,$119.99,4.0,17,,https://www.amazon.com/BETAFPV-Air65-Brushless-Quadcopter-Champion/dp/B0GS5SG1LB/ref=sr_1_61?dib=eyJ2IjoiMSJ9.qULum_x3SWyKIMnWaDzOUoeg094yGM0mTD7X6PwzYOeP5eCdF-yR0pI-lJj9VdYZF7ZoOxSkkrKNVJvEiIkeefXN1237gmb7vojYbJ-DnGvhufkkhii4f7DykJJyw-i8NsRdhCPeUjNQVU5aO58qepMkG_1CUAU1uFGshHofhNWp2fgu9So7AY6YMiGjFcZVwIQQB5Lp5WypS-5fH81qnDL5uvw9B9pP8c3tF6AJBgXOZruX-_J2POgP2y9ADtJ9Il79Ws_Zaq2w6eCTdKf64qEC_j-TErCoC7XTL4MzLV8.6PC1Ur0woQuWAoGIxKTybTlZnWyE8OAqvHvW_8LUAQk&dib_tag=se&keywords=drone+brushless+motor&qid=1785841578&sr=8-61,https://m.media-amazon.com/images/I/61z4ypRZQfL._AC_UL320_.jpg,drone brushless motor
B0G3XMG4JY,"STARTRC Propeller Guard for DJI Neo 2, Black | Anti-Collision Protector, Height Increasing, Shockproof Crash Guard, Propeller Protective Cover, Neo 2 Drone Protection",DJI,,,$19.99,4.2,79,100+ bought in past month,https://www.amazon.com/sspa/click?ie=UTF8&spc=MTo1NTE3NTU1MzU2NTAxODQ3OjE3ODU4MzM1ODI6c3BfbXRmOjMwMTEwNDc2MjI3NDgwMjo6MDo6&url=%2FSTARTRC-Propeller-Guard-Neo-Anti-Collision%2Fdp%2FB0G3XMG4JY%2Fref%3Dsr_1_68_sspa%3Fdib%3DeyJ2IjoiMSJ9.sZorxPVVNeNfF-Y0VEPJljIBHCjdqHX1MexPhWHLCg6hU5TT1nAxU83jXreVfJb_Oknfp41VMYyfjqLIjsXEsoiApvssEfC2REqzRml6NHIniE9qBO2Mwkya3jGB2XeOFkVGz8lgE-MvZSDACLSTjGBcVzOusNCxsffpBLev29QCJJ0oB8j7VeBfZC2kky_bQRZelui3RCC4TwCDHphxBxWRBzqtjuD6K9sbh4eArfM3kAsxR5envhtSvIQI9noefkZ9Ahxzwc524nTO569Cjk-byc8NY77WXJCN9BA5HhA.UrL8zU8Af3fJK6MRKCkE0chC2j5-23QckhGnJbp1wjg%26dib_tag%3Dse%26keywords%3Ddrone%26qid%3D1785833582%26sr%3D8-68-spons%26xpid%3DfI2lm0uQBk0DG%26sp_csd%3Dd2lkZ2V0TmFtZT1zcF9tdGY%26psc%3D1,https://m.media-amazon.com/images/I/81YmV-kcMOL._AC_UL320_.jpg,drone
B0G13FFSSB,"Hard Case for DJI Mini 4 Pro/Mini 3/Pro- Waterproof,Shockproof | For DJI Mini 4 Pro/Mini 3/Pro and RC2/RC/RC-N2/N1 & Controllers , Lightweight for Travel & Commute,6-Battery Storage",DJI,,,$35.99,4.6,16,,https://www.amazon.com/sspa/click?ie=UTF8&spc=MTo3NjAxMjgzMTAwMjEyNDMyOjE3ODU4MzM3NTY6c3BfYXRmX25leHQ6MzAxMzg5NzEyMDA2NzAyOjowOjo&url=%2FBAGAKE-DJI-Mini-Pro-Controllers%2Fdp%2FB0G13FFSSB%2Fref%3Dsr_1_100_sspa%3Fdib%3DeyJ2IjoiMSJ9.kTSh5FhB5sCxnr9zCed0WU_UyOZoMy0rnAlH6LA_-WfUZdokCN7w6X4ZOsJSl0iyjN3DtAOb9UtBiLxOrvpF1g.VWZwXeKUQpvFyDA-lOSJYCTMOI8cTgmcttMXBdsJZJI%26dib_tag%3Dse%26keywords%3Ddrone%26qid%3D1785833756%26sr%3D8-100-spons%26xpid%3DfI2lm0uQBk0DG%26sp_csd%3Dd2lkZ2V0TmFtZT1zcF9hdGZfbmV4dA%26psc%3D1,https://m.media-amazon.com/images/I/71usQ8WMfML._AC_UL320_.jpg,drone
1763535339,Drone Operations: Recreational and Commercial Piloting,,,,$25.78,4.6,3,,https://www.amazon.com/sspa/click?ie=UTF8&spc=MTo3NjAxMjgzMTAwMjEyNDMyOjE3ODU4MzM3NTY6c3BfbXRmOjMwMDE5MTc4MDQ2OTUwMjo6MDo6&url=%2FDrone-Operations-Recreational-Commercial-Piloting%2Fdp%2F1763535339%2Fref%3Dsr_1_117_sspa%3Fdib%3DeyJ2IjoiMSJ9.1JJyoUwfXJhduF8-a1pmLraxgn7dY2ZreZsFr1DlWMSeh3O7twwsJD-wPwRQYUjeFQ5W8_NwaqQx3wFyP0uH14brZpjRW2suTb1fUCLhRVVlNqHS1eyVlIjaaYt0GQX_e2a3nC_d-Nb5ZPWMfvTq_G8YZx0NPlh3dWX0KJ9AR9OqpmJqUgiDkGDmOZCdi8mwWYWOvppbFxA2muRFLAhQ1rQQ74Dc-CgiRgJArW7RtEWKS7nrgw55jmHADt6iNRzx7y3jWIDcr8B6sKafR7TA48PcmIkozh2kS1KQsf5TvEs.M9-8z6fGFTEXV5YcBv_5LTtxnqLb1xBRwAlGSuliAXQ%26dib_tag%3Dse%26keywords%3Ddrone%26qid%3D1785833756%26sr%3D8-117-spons%26xpid%3DfI2lm0uQBk0DG%26sp_csd%3Dd2lkZ2V0TmFtZT1zcF9tdGY%26psc%3D1,https://m.media-amazon.com/images/I/61FTzmgkhfL._AC_UL320_.jpg,drone
B0H6THP5JK,P50M FPV Drone Kit 9KV 11KV Motor 80A ESC Carbon Non-Folding Props Long Range Accessories Fit for Drone,,,,"$12,893.32",,,,https://www.amazon.com/Drone-Motor-Carbon-Non-Folding-Accessories/dp/B0H6THP5JK/ref=sr_1_112?dib=eyJ2IjoiMSJ9.1JJyoUwfXJhduF8-a1pmLraxgn7dY2ZreZsFr1DlWMSeh3O7twwsJD-wPwRQYUjeFQ5W8_NwaqQx3wFyP0uH14brZpjRW2suTb1fUCLhRVVlNqHS1eyVlIjaaYt0GQX_e2a3nC_d-Nb5ZPWMfvTq_G8YZx0NPlh3dWX0KJ9AR9OqpmJqUgiDkGDmOZCdi8mwWYWOvppbFxA2muRFLAhQ1rQQ74Dc-CgiRgJArW7RtEWKS7nrgw55jmHADt6iNRzx7y3jWIDcr8B6sKafR7TA48PcmIkozh2kS1KQsf5TvEs.M9-8z6fGFTEXV5YcBv_5LTtxnqLb1xBRwAlGSuliAXQ&dib_tag=se&keywords=drone&qid=1785833756&sr=8-112&xpid=fI2lm0uQBk0DG,https://m.media-amazon.com/images/I/51gzuXcWRBL._AC_UL320_.jpg,drone
B01MY2YDW9,DJI Inspire 2 Drone,DJI,,,,4.0,19,,https://www.amazon.com/DJI-CP-BX-000166-Inspire-2-Drone/dp/B01MY2YDW9/ref=sr_1_113?dib=eyJ2IjoiMSJ9.1JJyoUwfXJhduF8-a1pmLraxgn7dY2ZreZsFr1DlWMSeh3O7twwsJD-wPwRQYUjeFQ5W8_NwaqQx3wFyP0uH14brZpjRW2suTb1fUCLhRVVlNqHS1eyVlIjaaYt0GQX_e2a3nC_d-Nb5ZPWMfvTq_G8YZx0NPlh3dWX0KJ9AR9OqpmJqUgiDkGDmOZCdi8mwWYWOvppbFxA2muRFLAhQ1rQQ74Dc-CgiRgJArW7RtEWKS7nrgw55jmHADt6iNRzx7y3jWIDcr8B6sKafR7TA48PcmIkozh2kS1KQsf5TvEs.M9-8z6fGFTEXV5YcBv_5LTtxnqLb1xBRwAlGSuliAXQ&dib_tag=se&keywords=drone&qid=1785833756&sr=8-113&xpid=fI2lm0uQBk0DG,https://m.media-amazon.com/images/I/51XCPYlL66L._AC_UL320_.jpg,drone
B0GWLF86QT,"Heavy Lift Drone, 10 kg (22 lb) | Up to 200 lb Capacity, Up to 5 Mile Range UAV, Waterproof, Delivery Quadcopter",,,,,,,,https://www.amazon.com/Heavy-Lift-Drone-10-22/dp/B0GWLF86QT/ref=sr_1_114?dib=eyJ2IjoiMSJ9.1JJyoUwfXJhduF8-a1pmLraxgn7dY2ZreZsFr1DlWMSeh3O7twwsJD-wPwRQYUjeFQ5W8_NwaqQx3wFyP0uH14brZpjRW2suTb1fUCLhRVVlNqHS1eyVlIjaaYt0GQX_e2a3nC_d-Nb5ZPWMfvTq_G8YZx0NPlh3dWX0KJ9AR9OqpmJqUgiDkGDmOZCdi8mwWYWOvppbFxA2muRFLAhQ1rQQ74Dc-CgiRgJArW7RtEWKS7nrgw55jmHADt6iNRzx7y3jWIDcr8B6sKafR7TA48PcmIkozh2kS1KQsf5TvEs.M9-8z6fGFTEXV5YcBv_5LTtxnqLb1xBRwAlGSuliAXQ&dib_tag=se&keywords=drone&qid=1785833756&sr=8-114&xpid=fI2lm0uQBk0DG,https://m.media-amazon.com/images/I/51Yse5fe4bL._AC_UL320_.jpg,drone
B0B91W4Y4P,"MOCVOO Drone With 1080P Camera for Adults Beginners Kids, Foldable RC Quadcopter, Toy Drones Gifts, FPV Drone Video, 2 Batteries, Carrying Case, One Key Start, Headless Mode, Waypoints fly, 360° Flips",MOCVOO,,E88,$26.99,3.9,592,100+ bought in past month,https://www.amazon.com/MOCVOO-Beginners-Quadcopter-Batteries-Waypoints/dp/B0B91W4Y4P/ref=sr_1_31?dib=eyJ2IjoiMSJ9.KWlsY3AlJ2mYXPtUnXTL5GoAu6U6QLukCrtv21z3-K7Pv-rw-_XnJswMKWSnt6O5rqoVvfD7lrdw37tDTQe2wG8fHQbDMaByitQHAsMNsD-8d-xXlia0D_6vvlQsusoz41bkaAFFH4mAN_JAfm1GSL73CydYp4qCxjR3t_xZSueMSRaI2QxeRYNYZMGwgvDlmIuOyfMqonf5IayNb84Ht70x1sUTJDbnaEDGv0DGE1Uq4HFYSbGA7VzDbP5yjcneNO4MmAhCLx2xnA3E6bwH95-JclHDPglALE4pHeeed04.7fR43qGeXT7MOavwLcKkeB_y6tcfBdCvYP7PNtgQMQE&dib_tag=se&keywords=drone&qid=1785833407&sr=8-31,https://m.media-amazon.com/images/I/614jzLgVxjL._AC_UL320_.jpg,drone
B0GW3VFMYX,MATLAB Drone Coding for Beginners: From Hover Thrust to PID Altitude Control,,,,$21.99,4.8,6,,https://www.amazon.com/sspa/click?ie=UTF8&spc=MTo3OTM1Mzg3MjEzMTQ3MDgwOjE3ODU4MzE3NjI6c3BfbXRmOjMwMTIzMjE3MzY3MzgwMjo6MDo6&url=%2FMATLAB-Drone-Coding-Beginners-Altitude%2Fdp%2FB0GW3VFMYX%2Fref%3Dsr_1_119_sspa%3Fdib%3DeyJ2IjoiMSJ9.1JJyoUwfXJhduF8-a1pmLraxgn7dY2ZreZsFr1DlWMSZeZ6_zJ-HjoqdW666PUowptXuDLoHljfPVwoCUXAUwjW0K73OgdxLS0PPkb10dsg0AhuTbghF98hrdwATai8ejK7dPUojTLPTMro55gJ1GyYwLk6baCnm2dymgF4IG6lhgzMDEBble1BczxGxD-SiGtRehKN6SV9LVknBZYl6Acgyx0QT5GTzWLsu0hLRv7hDtUzwBX9KJzGRn2IQyZp1FVK_It3u00bzEDBBZY4IOsPcmIkozh2kS1KQsf5TvEs.RTS77beadoR45OUcCdts8IougLx4XUC9gCC8e5r_GSE%26dib_tag%3Dse%26keywords%3Ddrone%26qid%3D1785831761%26sr%3D8-119-spons%26xpid%3DTtIitUURkL8Js%26sp_csd%3Dd2lkZ2V0TmFtZT1zcF9tdGY%26psc%3D1,https://m.media-amazon.com/images/I/71RbnwIGXXL._AC_UL320_.jpg,drone
B0CZZ2SRYV,"Air 3 Aircraft Only, Replacement Unit for Crash Lost DJI Air 3 Drone Kit(Excludes Remote Controller, Flight Battery, Propellers, and Accessories)",DJI,,,,4.3,24,,https://www.amazon.com/Aircraft-Replacement-Controller-Propellers-Accessories/dp/B0CZZ2SRYV/ref=sr_1_120?dib=eyJ2IjoiMSJ9.1JJyoUwfXJhduF8-a1pmLraxgn7dY2ZreZsFr1DlWMSeh3O7twwsJD-wPwRQYUjeFQ5W8_NwaqQx3wFyP0uH14brZpjRW2suTb1fUCLhRVVlNqHS1eyVlIjaaYt0GQX_e2a3nC_d-Nb5ZPWMfvTq_G8YZx0NPlh3dWX0KJ9AR9OqpmJqUgiDkGDmOZCdi8mwWYWOvppbFxA2muRFLAhQ1rQQ74Dc-CgiRgJArW7RtEWKS7nrgw55jmHADt6iNRzx7y3jWIDcr8B6sKafR7TA48PcmIkozh2kS1KQsf5TvEs.M9-8z6fGFTEXV5YcBv_5LTtxnqLb1xBRwAlGSuliAXQ&dib_tag=se&keywords=drone&qid=1785833756&sr=8-120&xpid=fI2lm0uQBk0DG,https://m.media-amazon.com/images/I/31XcLr7DqUL._AC_UL320_.jpg,drone
B0FRN9Q3QJ,"Flying Orb Ball for Kids, Hand Controlled Mini Drone, LED UFO Toy Ages 6-12 | indoor Mini Drone with Obstacle Avoidance, 360° Flip（Blue）",,,,$22.99,4.3,170,400+ bought in past month,https://www.amazon.com/Flying-Ball-Kids-Controlled-Drone/dp/B0FRN9Q3QJ/ref=sr_1_131?dib=eyJ2IjoiMSJ9.1JJyoUwfXJhduF8-a1pmLraxgn7dY2ZreZsFr1DlWMSeh3O7twwsJD-wPwRQYUjeFQ5W8_NwaqQx3wFyP0uH14brZpjRW2suTb1fUCLhRVVlNqHS1eyVlIjaaYt0GQX_e2a3nC_d-Nb5ZPWMfvTq_G8YZx0NPlh3dWX0KJ9AR9OqpmJqUgiDkGDmOZCdi8mwWYWOvppbFxA2muRFLAhQ1rQQ74Dc-CgiRgJArW7RtEWKS7nrgw55jmHADt6iNRzx7y3jWIDcr8B6sKafR7TA48PcmIkozh2kS1KQsf5TvEs.M9-8z6fGFTEXV5YcBv_5LTtxnqLb1xBRwAlGSuliAXQ&dib_tag=se&keywords=drone&qid=1785833756&sr=8-131&xpid=fI2lm0uQBk0DG,https://m.media-amazon.com/images/I/71nJ-iX-usL._AC_UL320_.jpg,drone
B0DLCL8FQZ,Drone X2 LTE Vehicle Telematics & GPS Tracker – Mobile Connectivity with 4G LTE and Smartphone Control,,,,$89.99,4.0,21,,https://www.amazon.com/Drone-LTE-Vehicle-Telematics-Tracker/dp/B0DLCL8FQZ/ref=sr_1_115_mod_primary_new?dib=eyJ2IjoiMSJ9.1JJyoUwfXJhduF8-a1pmLraxgn7dY2ZreZsFr1DlWMSeh3O7twwsJD-wPwRQYUjeFQ5W8_NwaqQx3wFyP0uH14brZpjRW2suTb1fUCLhRVVlNqHS1eyVlIjaaYt0GQX_e2a3nC_d-Nb5ZPWMfvTq_G8YZx0NPlh3dWX0KJ9AR9OqpmJqUgiDkGDmOZCdi8mwWYWOvppbFxA2muRFLAhQ1rQQ74Dc-CgiRgJArW7RtEWKS7nrgw55jmHADt6iNRzx7y3jWIDcr8B6sKafR7TA48PcmIkozh2kS1KQsf5TvEs.M9-8z6fGFTEXV5YcBv_5LTtxnqLb1xBRwAlGSuliAXQ&dib_tag=se&keywords=drone&qid=1785833756&sbo=RZvfv%2F%2FHxDF%2BO5021pAnSA%3D%3D&sr=8-115&xpid=fI2lm0uQBk0DG,https://m.media-amazon.com/images/I/61zc4RuQOpL._AC_UL320_.jpg,drone
B0H6P68J8R,"Drone Obstacle Course Kit, 3 FPV Racing Gates with 20/23/27 Inch Hoops, Landing Pad, Ground Stakes, Training Flags & Carry Bag, RC Drone Training Set for Indoor Outdoor Practice",,,,$58.99,5.0,2,,https://www.amazon.com/sspa/click?ie=UTF8&spc=MTo3OTM1Mzg3MjEzMTQ3MDgwOjE3ODU4MzE3NjI6c3BfbXRmOjMwMTM4Nzc0MDIzNzgwMjo6MDo6&url=%2FObstacle-Landing-Training-Outdoor-Practice%2Fdp%2FB0H6P68J8R%2Fref%3Dsr_1_124_sspa%3Fdib%3DeyJ2IjoiMSJ9.1JJyoUwfXJhduF8-a1pmLraxgn7dY2ZreZsFr1DlWMSZeZ6_zJ-HjoqdW666PUowptXuDLoHljfPVwoCUXAUwjW0K73OgdxLS0PPkb10dsg0AhuTbghF98hrdwATai8ejK7dPUojTLPTMro55gJ1GyYwLk6baCnm2dymgF4IG6lhgzMDEBble1BczxGxD-SiGtRehKN6SV9LVknBZYl6Acgyx0QT5GTzWLsu0hLRv7hDtUzwBX9KJzGRn2IQyZp1FVK_It3u00bzEDBBZY4IOsPcmIkozh2kS1KQsf5TvEs.RTS77beadoR45OUcCdts8IougLx4XUC9gCC8e5r_GSE%26dib_tag%3Dse%26keywords%3Ddrone%26qid%3D1785831761%26sr%3D8-124-spons%26xpid%3DTtIitUURkL8Js%26sp_csd%3Dd2lkZ2V0TmFtZT1zcF9tdGY%26psc%3D1,https://m.media-amazon.com/images/I/71-DkM9AoPL._AC_UL320_.jpg,drone
B0H85T7YKC,Foldable Plant Folding Machine Pressure Wash Dr-one Rack Accessory Set Including Rack Folding Fit For 10Kg,,,,"$9,789.42",,,,https://www.amazon.com/Foldable-Folding-Pressure-Accessory-Including/dp/B0H85T7YKC/ref=sr_1_128?dib=eyJ2IjoiMSJ9.1JJyoUwfXJhduF8-a1pmLraxgn7dY2ZreZsFr1DlWMSeh3O7twwsJD-wPwRQYUjeFQ5W8_NwaqQx3wFyP0uH14brZpjRW2suTb1fUCLhRVVlNqHS1eyVlIjaaYt0GQX_e2a3nC_d-Nb5ZPWMfvTq_G8YZx0NPlh3dWX0KJ9AR9OqpmJqUgiDkGDmOZCdi8mwWYWOvppbFxA2muRFLAhQ1rQQ74Dc-CgiRgJArW7RtEWKS7nrgw55jmHADt6iNRzx7y3jWIDcr8B6sKafR7TA48PcmIkozh2kS1KQsf5TvEs.M9-8z6fGFTEXV5YcBv_5LTtxnqLb1xBRwAlGSuliAXQ&dib_tag=se&keywords=drone&qid=1785833756&sr=8-128&xpid=fI2lm0uQBk0DG,https://m.media-amazon.com/images/I/41j9LceLBRL._AC_UL320_.jpg,drone
B0BVZR1VSH,"DJI Avata Explorer Combo, First-Person View Drone with Camera 4K, Super-Wide 155° FOV, Includes New RC Motion 2 and Goggles Integra Black, FAA Remote ID Compliant",DJI,,,,4.3,203,,https://www.amazon.com/DJI-Avata-Explorer-Combo-First-Person/dp/B0BVZR1VSH/ref=sr_1_127?dib=eyJ2IjoiMSJ9.1JJyoUwfXJhduF8-a1pmLraxgn7dY2ZreZsFr1DlWMSeh3O7twwsJD-wPwRQYUjeFQ5W8_NwaqQx3wFyP0uH14brZpjRW2suTb1fUCLhRVVlNqHS1eyVlIjaaYt0GQX_e2a3nC_d-Nb5ZPWMfvTq_G8YZx0NPlh3dWX0KJ9AR9OqpmJqUgiDkGDmOZCdi8mwWYWOvppbFxA2muRFLAhQ1rQQ74Dc-CgiRgJArW7RtEWKS7nrgw55jmHADt6iNRzx7y3jWIDcr8B6sKafR7TA48PcmIkozh2kS1KQsf5TvEs.M9-8z6fGFTEXV5YcBv_5LTtxnqLb1xBRwAlGSuliAXQ&dib_tag=se&keywords=drone&qid=1785833756&sr=8-127&xpid=fI2lm0uQBk0DG,https://m.media-amazon.com/images/I/61B-ePmpFWL._AC_UL320_.jpg,drone
B0GL7LJ85V,"BETAFPV Aquila20 FPV Kit FPV Drone with DVR Function Advanced RTF | With LiteRadio 4 SE Radio Transmitter VR04 FPV Goggles, Support 3 Modes 2S Power System FPV Drone Advanced RTF Indoor Outdoor",BetaFPV,,,$299.99,3.0,2,,https://www.amazon.com/BETAFPV-Aquila20-Drone-Function-Advanced/dp/B0GL7LJ85V/ref=sr_1_123?dib=eyJ2IjoiMSJ9.1JJyoUwfXJhduF8-a1pmLraxgn7dY2ZreZsFr1DlWMSeh3O7twwsJD-wPwRQYUjeFQ5W8_NwaqQx3wFyP0uH14brZpjRW2suTb1fUCLhRVVlNqHS1eyVlIjaaYt0GQX_e2a3nC_d-Nb5ZPWMfvTq_G8YZx0NPlh3dWX0KJ9AR9OqpmJqUgiDkGDmOZCdi8mwWYWOvppbFxA2muRFLAhQ1rQQ74Dc-CgiRgJArW7RtEWKS7nrgw55jmHADt6iNRzx7y3jWIDcr8B6sKafR7TA48PcmIkozh2kS1KQsf5TvEs.M9-8z6fGFTEXV5YcBv_5LTtxnqLb1xBRwAlGSuliAXQ&dib_tag=se&keywords=drone&qid=1785833756&sr=8-123&xpid=fI2lm0uQBk0DG,https://m.media-amazon.com/images/I/61P8nS81ECL._AC_UL320_.jpg,drone
B0F2H3G2ZS,How To Start A Drone Photography Business: A Step-by-Step Guide to Launching and Growing Your Aerial Photography Venture,,,,$0.00,5.0,4,,https://www.amazon.com/Start-Drone-Photography-Business-Step-ebook/dp/B0F2H3G2ZS/ref=sr_1_134?dib=eyJ2IjoiMSJ9.1JJyoUwfXJhduF8-a1pmLraxgn7dY2ZreZsFr1DlWMSeh3O7twwsJD-wPwRQYUjeFQ5W8_NwaqQx3wFyP0uH14brZpjRW2suTb1fUCLhRVVlNqHS1eyVlIjaaYt0GQX_e2a3nC_d-Nb5ZPWMfvTq_G8YZx0NPlh3dWX0KJ9AR9OqpmJqUgiDkGDmOZCdi8mwWYWOvppbFxA2muRFLAhQ1rQQ74Dc-CgiRgJArW7RtEWKS7nrgw55jmHADt6iNRzx7y3jWIDcr8B6sKafR7TA48PcmIkozh2kS1KQsf5TvEs.M9-8z6fGFTEXV5YcBv_5LTtxnqLb1xBRwAlGSuliAXQ&dib_tag=se&keywords=drone&qid=1785833756&sr=8-134&xpid=fI2lm0uQBk0DG,https://m.media-amazon.com/images/I/819IUXG9WNL._AC_UL320_.jpg,drone
B0H6QB418G,"Antigravity A1 Infinity Bundle with high-capacity battery - 8K 360 Drone for Immersive Flight, Point-to-Fly Motion Control, Obstacle Avoidance, Deep Track, Auto Return, 10km Transmission, Auto Edit",Antigravity,,,,,,,https://www.amazon.com/Antigravity-Infinity-Bundle-high-capacity-battery/dp/B0H6QB418G/ref=sr_1_130?dib=eyJ2IjoiMSJ9.1JJyoUwfXJhduF8-a1pmLraxgn7dY2ZreZsFr1DlWMSeh3O7twwsJD-wPwRQYUjeFQ5W8_NwaqQx3wFyP0uH14brZpjRW2suTb1fUCLhRVVlNqHS1eyVlIjaaYt0GQX_e2a3nC_d-Nb5ZPWMfvTq_G8YZx0NPlh3dWX0KJ9AR9OqpmJqUgiDkGDmOZCdi8mwWYWOvppbFxA2muRFLAhQ1rQQ74Dc-CgiRgJArW7RtEWKS7nrgw55jmHADt6iNRzx7y3jWIDcr8B6sKafR7TA48PcmIkozh2kS1KQsf5TvEs.M9-8z6fGFTEXV5YcBv_5LTtxnqLb1xBRwAlGSuliAXQ&dib_tag=se&keywords=drone&qid=1785833756&sr=8-130&xpid=fI2lm0uQBk0DG,https://m.media-amazon.com/images/I/51OE1KBWbqL._AC_UL320_.jpg,drone
B0H6QF16TW,"Antigravity A1 Infinity Bundle with propellers - 8K 360 Drone for Immersive Flight, Point-to-Fly Motion Control, Obstacle Avoidance, Deep Track, Auto Return, 10km Transmission, Auto Edit",Antigravity,,,,,,,https://www.amazon.com/Antigravity-Infinity-Bundle-propellers-Point/dp/B0H6QF16TW/ref=sr_1_132?dib=eyJ2IjoiMSJ9.1JJyoUwfXJhduF8-a1pmLraxgn7dY2ZreZsFr1DlWMSeh3O7twwsJD-wPwRQYUjeFQ5W8_NwaqQx3wFyP0uH14brZpjRW2suTb1fUCLhRVVlNqHS1eyVlIjaaYt0GQX_e2a3nC_d-Nb5ZPWMfvTq_G8YZx0NPlh3dWX0KJ9AR9OqpmJqUgiDkGDmOZCdi8mwWYWOvppbFxA2muRFLAhQ1rQQ74Dc-CgiRgJArW7RtEWKS7nrgw55jmHADt6iNRzx7y3jWIDcr8B6sKafR7TA48PcmIkozh2kS1KQsf5TvEs.M9-8z6fGFTEXV5YcBv_5LTtxnqLb1xBRwAlGSuliAXQ&dib_tag=se&keywords=drone&qid=1785833756&sr=8-132&xpid=fI2lm0uQBk0DG,https://m.media-amazon.com/images/I/51OE1KBWbqL._AC_UL320_.jpg,drone
B0719R13PX,"DJI Spark, Fly More Combo, Lava Red",DJI,,,,4.4,1258,,https://www.amazon.com/DJI-Spark-More-Combo-Lava/dp/B0719R13PX/ref=sr_1_135?dib=eyJ2IjoiMSJ9.1JJyoUwfXJhduF8-a1pmLraxgn7dY2ZreZsFr1DlWMSeh3O7twwsJD-wPwRQYUjeFQ5W8_NwaqQx3wFyP0uH14brZpjRW2suTb1fUCLhRVVlNqHS1eyVlIjaaYt0GQX_e2a3nC_d-Nb5ZPWMfvTq_G8YZx0NPlh3dWX0KJ9AR9OqpmJqUgiDkGDmOZCdi8mwWYWOvppbFxA2muRFLAhQ1rQQ74Dc-CgiRgJArW7RtEWKS7nrgw55jmHADt6iNRzx7y3jWIDcr8B6sKafR7TA48PcmIkozh2kS1KQsf5TvEs.M9-8z6fGFTEXV5YcBv_5LTtxnqLb1xBRwAlGSuliAXQ&dib_tag=se&keywords=drone&qid=1785833756&sr=8-135&xpid=fI2lm0uQBk0DG,https://m.media-amazon.com/images/I/61iaSI7sdVL._AC_UL320_.jpg,drone
B08Z3DYBMC,"DJI Air 2S, Drone with 3-Axis Gimbal Camera, 5.4K Video, 1-Inch CMOS Sensor, 4 Directions of Obstacle Sensing, 31 Mins Flight Time, 12km Video Transmission, FAA Remote ID Compliant, Gray",DJI,,,,4.5,631,,https://www.amazon.com/DJI-Air-Quadcopter-Transmission-MasterShots/dp/B08Z3DYBMC/ref=sr_1_136?dib=eyJ2IjoiMSJ9.1JJyoUwfXJhduF8-a1pmLraxgn7dY2ZreZsFr1DlWMSeh3O7twwsJD-wPwRQYUjeFQ5W8_NwaqQx3wFyP0uH14brZpjRW2suTb1fUCLhRVVlNqHS1eyVlIjaaYt0GQX_e2a3nC_d-Nb5ZPWMfvTq_G8YZx0NPlh3dWX0KJ9AR9OqpmJqUgiDkGDmOZCdi8mwWYWOvppbFxA2muRFLAhQ1rQQ74Dc-CgiRgJArW7RtEWKS7nrgw55jmHADt6iNRzx7y3jWIDcr8B6sKafR7TA48PcmIkozh2kS1KQsf5TvEs.M9-8z6fGFTEXV5YcBv_5LTtxnqLb1xBRwAlGSuliAXQ&dib_tag=se&keywords=drone&qid=1785833756&sr=8-136&xpid=fI2lm0uQBk0DG,https://m.media-amazon.com/images/I/516rOonY4GL._AC_UL320_.jpg,drone
B0FY5TW7Z6,DJI DJI Dock 3,DJI,,,,,,,https://www.amazon.com/DJI-Dock-3/dp/B0FY5TW7Z6/ref=sr_1_138?dib=eyJ2IjoiMSJ9.1JJyoUwfXJhduF8-a1pmLraxgn7dY2ZreZsFr1DlWMSeh3O7twwsJD-wPwRQYUjeFQ5W8_NwaqQx3wFyP0uH14brZpjRW2suTb1fUCLhRVVlNqHS1eyVlIjaaYt0GQX_e2a3nC_d-Nb5ZPWMfvTq_G8YZx0NPlh3dWX0KJ9AR9OqpmJqUgiDkGDmOZCdi8mwWYWOvppbFxA2muRFLAhQ1rQQ74Dc-CgiRgJArW7RtEWKS7nrgw55jmHADt6iNRzx7y3jWIDcr8B6sKafR7TA48PcmIkozh2kS1KQsf5TvEs.M9-8z6fGFTEXV5YcBv_5LTtxnqLb1xBRwAlGSuliAXQ&dib_tag=se&keywords=drone&qid=1785833756&sr=8-138&xpid=fI2lm0uQBk0DG,https://m.media-amazon.com/images/I/51oV+f-o2uL._AC_UL320_.jpg,drone
B0FZJP7R1L,"TSM005 Hand Operated Mini UFO Drone for Kids, Boys Girls Toys Gifts(Blue) | Hand Free Motion Mini Drone, Flying Orb Ball Easy to Fly Indoor & Outdoor, Cool Flying Toys with LED Light, 360°Flip Stunt",,,,$18.69,4.0,65,50+ bought in past month,https://www.amazon.com/Operated-Outdoor-Rechargeable-Christmas-Birthday/dp/B0FZJP7R1L/ref=sr_1_145?dib=eyJ2IjoiMSJ9.1JJyoUwfXJhduF8-a1pmLraxgn7dY2ZreZsFr1DlWMSeh3O7twwsJD-wPwRQYUjeFQ5W8_NwaqQx3wFyP0uH14brZpjRW2suTb1fUCLhRVVlNqHS1eyVlIjaaYt0GQX_e2a3nC_d-Nb5ZPWMfvTq_G8YZx0NPlh3dWX0KJ9AR9OqpmJqUgiDkGDmOZCdi8mwWYWOvppbFxA2muRFLAhQ1rQQ74Dc-CgiRgJArW7RtEWKS7nrgw55jmHADt6iNRzx7y3jWIDcr8B6sKafR7TA48PcmIkozh2kS1KQsf5TvEs.M9-8z6fGFTEXV5YcBv_5LTtxnqLb1xBRwAlGSuliAXQ&dib_tag=se&keywords=drone&qid=1785833756&sr=8-145&xpid=fI2lm0uQBk0DG,https://m.media-amazon.com/images/I/818ECeibk+L._AC_UL320_.jpg,drone
B086P8ZV97,REC S500 DIY UAS Drone Development Kit (Value Pack),,,,$259.99,3.0,5,,https://www.amazon.com/REC-S500-Drone-Development-Value/dp/B086P8ZV97/ref=sr_1_24?dib=eyJ2IjoiMSJ9.SI1h3-CiQG8DEJ6r8Y7nr7qjz5Q7a0b8DfCmXqc5FVBhWDOsaYICUS0mBi5pqAEvyutBGWiF4EPV0QTuAN7qwoFFp6yN85J1z9A3B8ep0DuiyU_CiKa59YdzSbrndRNELeOHSSP8EmU3BtBNKhB7_yVAeEWp08f3CTMK1ew5XibTjS2xcAsoT5tjIph2mEAQa6OoFOp7Bn3WP0q8Rl48pZ9OAfFhUIVVIwiI3yDSMfEw0-URBR1ydSg4dr5TKx1WePMz70IYmdM7XqmI8PC5MrrgYkX2nb_kKaK4KiWO98w.inGe-lEL_Kcyq0GKOjRMGupHwXpGXMEp-dXNKnb6fTY&dib_tag=se&keywords=thermal+imaging+drone&qid=1785845015&sr=8-24,https://m.media-amazon.com/images/I/91b52ssWm6L._AC_UL320_.jpg,thermal imaging drone
B0C3B773ML,Drone - A Sci-Fi Superhero Thriller (The Gift Book 2),,,,$0.00,4.4,975,,https://www.amazon.com/Drone-Sci-Fi-Superhero-Thriller-Gift-ebook/dp/B0C3B773ML/ref=sr_1_144?dib=eyJ2IjoiMSJ9.1JJyoUwfXJhduF8-a1pmLraxgn7dY2ZreZsFr1DlWMSeh3O7twwsJD-wPwRQYUjeFQ5W8_NwaqQx3wFyP0uH14brZpjRW2suTb1fUCLhRVVlNqHS1eyVlIjaaYt0GQX_e2a3nC_d-Nb5ZPWMfvTq_G8YZx0NPlh3dWX0KJ9AR9OqpmJqUgiDkGDmOZCdi8mwWYWOvppbFxA2muRFLAhQ1rQQ74Dc-CgiRgJArW7RtEWKS7nrgw55jmHADt6iNRzx7y3jWIDcr8B6sKafR7TA48PcmIkozh2kS1KQsf5TvEs.M9-8z6fGFTEXV5YcBv_5LTtxnqLb1xBRwAlGSuliAXQ&dib_tag=se&keywords=drone&qid=1785833756&sr=8-144&xpid=fI2lm0uQBk0DG,https://m.media-amazon.com/images/I/91KtUnSzxTL._AC_UL320_.jpg,drone
B01DKL3SEK,"Hoodman 5 Foot Weighted UAV Drone Landing Pad fits Inspire 3, Inspire 2, Inspire 1, No Stakes Required, collapses to 1/3 of deployed size",,,,$139.99,4.9,869,50+ bought in past month,https://www.amazon.com/Hoodman-Weighted-No-Required-high-visibility-orange-pad-collapses/dp/B01DKL3SEK/ref=sr_1_148?dib=eyJ2IjoiMSJ9.1JJyoUwfXJhduF8-a1pmLraxgn7dY2ZreZsFr1DlWMSeh3O7twwsJD-wPwRQYUjeFQ5W8_NwaqQx3wFyP0uH14brZpjRW2suTb1fUCLhRVVlNqHS1eyVlIjaaYt0GQX_e2a3nC_d-Nb5ZPWMfvTq_G8YZx0NPlh3dWX0KJ9AR9OqpmJqUgiDkGDmOZCdi8mwWYWOvppbFxA2muRFLAhQ1rQQ74Dc-CgiRgJArW7RtEWKS7nrgw55jmHADt6iNRzx7y3jWIDcr8B6sKafR7TA48PcmIkozh2kS1KQsf5TvEs.M9-8z6fGFTEXV5YcBv_5LTtxnqLb1xBRwAlGSuliAXQ&dib_tag=se&keywords=drone&qid=1785833756&sr=8-148&xpid=fI2lm0uQBk0DG,https://m.media-amazon.com/images/I/71RAs-wks1L._AC_UL320_.jpg,drone
B0B3JH5BCT,FIFISH M100A Industrial Case Mini Rov Underwater Drone with 4K Camera Submarine Diving 14400mAH VR Underwater Robot Arm for Pipeline Inspection Fishery,,,,,,,,https://www.amazon.com/Industrial-Underwater-Submarine-14400mAH-Inspection/dp/B0B3JH5BCT/ref=sr_1_150?dib=eyJ2IjoiMSJ9.1JJyoUwfXJhduF8-a1pmLraxgn7dY2ZreZsFr1DlWMSeh3O7twwsJD-wPwRQYUjeFQ5W8_NwaqQx3wFyP0uH14brZpjRW2suTb1fUCLhRVVlNqHS1eyVlIjaaYt0GQX_e2a3nC_d-Nb5ZPWMfvTq_G8YZx0NPlh3dWX0KJ9AR9OqpmJqUgiDkGDmOZCdi8mwWYWOvppbFxA2muRFLAhQ1rQQ74Dc-CgiRgJArW7RtEWKS7nrgw55jmHADt6iNRzx7y3jWIDcr8B6sKafR7TA48PcmIkozh2kS1KQsf5TvEs.M9-8z6fGFTEXV5YcBv_5LTtxnqLb1xBRwAlGSuliAXQ&dib_tag=se&keywords=drone&qid=1785833756&sr=8-150&xpid=fI2lm0uQBk0DG,https://m.media-amazon.com/images/I/51EMqIBZx4L._AC_UL320_.jpg,drone
B01JYRII4Y,"Parrot Disco FPV – Easy to fly fixed wing drone, up to 45 minutes of flight time, 50 mph top speed, FPV goggles",Parrot,,,,3.8,198,,https://www.amazon.com/Parrot-Disco-FPV-minutes-goggles/dp/B01JYRII4Y/ref=sr_1_151?dib=eyJ2IjoiMSJ9.1JJyoUwfXJhduF8-a1pmLraxgn7dY2ZreZsFr1DlWMSeh3O7twwsJD-wPwRQYUjeFQ5W8_NwaqQx3wFyP0uH14brZpjRW2suTb1fUCLhRVVlNqHS1eyVlIjaaYt0GQX_e2a3nC_d-Nb5ZPWMfvTq_G8YZx0NPlh3dWX0KJ9AR9OqpmJqUgiDkGDmOZCdi8mwWYWOvppbFxA2muRFLAhQ1rQQ74Dc-CgiRgJArW7RtEWKS7nrgw55jmHADt6iNRzx7y3jWIDcr8B6sKafR7TA48PcmIkozh2kS1KQsf5TvEs.M9-8z6fGFTEXV5YcBv_5LTtxnqLb1xBRwAlGSuliAXQ&dib_tag=se&keywords=drone&qid=1785833756&sr=8-151&xpid=fI2lm0uQBk0DG,https://m.media-amazon.com/images/I/71bhUQN3ZcL._AC_UL320_.jpg,drone
B08R3DNK3X,REC S550 DIY Hexacopter Drone Development kit (Value Pack),,,,$299.99,3.1,9,,https://www.amazon.com/REC-Hexacopter-Drone-Development-Value/dp/B08R3DNK3X/ref=sr_1_152?dib=eyJ2IjoiMSJ9.1JJyoUwfXJhduF8-a1pmLraxgn7dY2ZreZsFr1DlWMSeh3O7twwsJD-wPwRQYUjeFQ5W8_NwaqQx3wFyP0uH14brZpjRW2suTb1fUCLhRVVlNqHS1eyVlIjaaYt0GQX_e2a3nC_d-Nb5ZPWMfvTq_G8YZx0NPlh3dWX0KJ9AR9OqpmJqUgiDkGDmOZCdi8mwWYWOvppbFxA2muRFLAhQ1rQQ74Dc-CgiRgJArW7RtEWKS7nrgw55jmHADt6iNRzx7y3jWIDcr8B6sKafR7TA48PcmIkozh2kS1KQsf5TvEs.M9-8z6fGFTEXV5YcBv_5LTtxnqLb1xBRwAlGSuliAXQ&dib_tag=se&keywords=drone&qid=1785833756&sr=8-152&xpid=fI2lm0uQBk0DG,https://m.media-amazon.com/images/I/81Lcr835+1L._AC_UL320_.jpg,drone
B0DFK23ZHT,QYsea Fifish V-EVO ARM ROV Kit w/Removable SD Card Omni View 4K 60FPS Underwater Drone,,,,,,,,https://www.amazon.com/QYsea-Fifish-V-EVO-Removable-Underwater/dp/B0DFK23ZHT/ref=sr_1_153?dib=eyJ2IjoiMSJ9.1JJyoUwfXJhduF8-a1pmLraxgn7dY2ZreZsFr1DlWMSeh3O7twwsJD-wPwRQYUjeFQ5W8_NwaqQx3wFyP0uH14brZpjRW2suTb1fUCLhRVVlNqHS1eyVlIjaaYt0GQX_e2a3nC_d-Nb5ZPWMfvTq_G8YZx0NPlh3dWX0KJ9AR9OqpmJqUgiDkGDmOZCdi8mwWYWOvppbFxA2muRFLAhQ1rQQ74Dc-CgiRgJArW7RtEWKS7nrgw55jmHADt6iNRzx7y3jWIDcr8B6sKafR7TA48PcmIkozh2kS1KQsf5TvEs.M9-8z6fGFTEXV5YcBv_5LTtxnqLb1xBRwAlGSuliAXQ&dib_tag=se&keywords=drone&qid=1785833756&sr=8-153&xpid=fI2lm0uQBk0DG,https://m.media-amazon.com/images/I/61Znniyc3ZL._AC_UL320_.jpg,drone
B082SPT5D9,225mm FPV Racing Drone Frame Carbon Fiber 5 inch Quadcopter Freestyle Frame Kit with Lipo Battery Strap,,,,$34.99,4.6,121,50+ bought in past month,https://www.amazon.com/FPVDrone-Racing-Quadcopter-Freestyle-Battery/dp/B082SPT5D9/ref=sr_1_154?dib=eyJ2IjoiMSJ9.1JJyoUwfXJhduF8-a1pmLraxgn7dY2ZreZsFr1DlWMSeh3O7twwsJD-wPwRQYUjeFQ5W8_NwaqQx3wFyP0uH14brZpjRW2suTb1fUCLhRVVlNqHS1eyVlIjaaYt0GQX_e2a3nC_d-Nb5ZPWMfvTq_G8YZx0NPlh3dWX0KJ9AR9OqpmJqUgiDkGDmOZCdi8mwWYWOvppbFxA2muRFLAhQ1rQQ74Dc-CgiRgJArW7RtEWKS7nrgw55jmHADt6iNRzx7y3jWIDcr8B6sKafR7TA48PcmIkozh2kS1KQsf5TvEs.M9-8z6fGFTEXV5YcBv_5LTtxnqLb1xBRwAlGSuliAXQ&dib_tag=se&keywords=drone&qid=1785833756&sr=8-154&xpid=fI2lm0uQBk0DG,https://m.media-amazon.com/images/I/717Y9ZhMgBL._AC_UL320_.jpg,drone
B0C37SQPGQ,Poor Man's Air Force: A guide to how small drones might be used in domestic unrest or low intensity conflicts,,,,$0.00,4.7,46,,https://www.amazon.com/Poor-Mans-Air-Force-intensity-ebook/dp/B0C37SQPGQ/ref=sr_1_155?dib=eyJ2IjoiMSJ9.1JJyoUwfXJhduF8-a1pmLraxgn7dY2ZreZsFr1DlWMSeh3O7twwsJD-wPwRQYUjeFQ5W8_NwaqQx3wFyP0uH14brZpjRW2suTb1fUCLhRVVlNqHS1eyVlIjaaYt0GQX_e2a3nC_d-Nb5ZPWMfvTq_G8YZx0NPlh3dWX0KJ9AR9OqpmJqUgiDkGDmOZCdi8mwWYWOvppbFxA2muRFLAhQ1rQQ74Dc-CgiRgJArW7RtEWKS7nrgw55jmHADt6iNRzx7y3jWIDcr8B6sKafR7TA48PcmIkozh2kS1KQsf5TvEs.M9-8z6fGFTEXV5YcBv_5LTtxnqLb1xBRwAlGSuliAXQ&dib_tag=se&keywords=drone&qid=1785833756&sr=8-155&xpid=fI2lm0uQBk0DG,https://m.media-amazon.com/images/I/71E0ZEeAowL._AC_UL320_.jpg,drone
B07GGMM8LW,"(24""x24"") Drone Ground Control Point GCP - UAV Aerial Target for Mapping & Surveying (6 Pack) | Center Eyelet (Black/White Markers) | Pix4D & DroneDeploy Compatible",,,,$59.99,4.6,51,50+ bought in past month,https://www.amazon.com/Sky-High-Bulls-Eye-Photography-DroneDeploy/dp/B07GGMM8LW/ref=sr_1_156?dib=eyJ2IjoiMSJ9.1JJyoUwfXJhduF8-a1pmLraxgn7dY2ZreZsFr1DlWMSeh3O7twwsJD-wPwRQYUjeFQ5W8_NwaqQx3wFyP0uH14brZpjRW2suTb1fUCLhRVVlNqHS1eyVlIjaaYt0GQX_e2a3nC_d-Nb5ZPWMfvTq_G8YZx0NPlh3dWX0KJ9AR9OqpmJqUgiDkGDmOZCdi8mwWYWOvppbFxA2muRFLAhQ1rQQ74Dc-CgiRgJArW7RtEWKS7nrgw55jmHADt6iNRzx7y3jWIDcr8B6sKafR7TA48PcmIkozh2kS1KQsf5TvEs.M9-8z6fGFTEXV5YcBv_5LTtxnqLb1xBRwAlGSuliAXQ&dib_tag=se&keywords=drone&qid=1785833756&sr=8-156&xpid=fI2lm0uQBk0DG,https://m.media-amazon.com/images/I/71bmPeKytyL._AC_UL320_.jpg,drone
B0DH2X4LHD,Murder Drones,,,,,,,,https://www.amazon.com/Murder-Drones/dp/B0DH2X4LHD/ref=sr_1_157?dib=eyJ2IjoiMSJ9.1JJyoUwfXJhduF8-a1pmLraxgn7dY2ZreZsFr1DlWMSeh3O7twwsJD-wPwRQYUjeFQ5W8_NwaqQx3wFyP0uH14brZpjRW2suTb1fUCLhRVVlNqHS1eyVlIjaaYt0GQX_e2a3nC_d-Nb5ZPWMfvTq_G8YZx0NPlh3dWX0KJ9AR9OqpmJqUgiDkGDmOZCdi8mwWYWOvppbFxA2muRFLAhQ1rQQ74Dc-CgiRgJArW7RtEWKS7nrgw55jmHADt6iNRzx7y3jWIDcr8B6sKafR7TA48PcmIkozh2kS1KQsf5TvEs.M9-8z6fGFTEXV5YcBv_5LTtxnqLb1xBRwAlGSuliAXQ&dib_tag=se&keywords=drone&qid=1785833756&sr=8-157&xpid=fI2lm0uQBk0DG,https://m.media-amazon.com/images/I/81keL3kVhIL._AC_UL320_.jpg,drone
B00C5R83LO,Drone (Troy Pearce Book 1),,,,$7.99,4.2,1251,,https://www.amazon.com/Drone-Troy-Pearce-Book-1-ebook/dp/B00C5R83LO/ref=sr_1_157?dib=eyJ2IjoiMSJ9.1JJyoUwfXJhduF8-a1pmLraxgn7dY2ZreZsFr1DlWMSZeZ6_zJ-HjoqdW666PUowptXuDLoHljfPVwoCUXAUwjW0K73OgdxLS0PPkb10dsg0AhuTbghF98hrdwATai8ejK7dPUojTLPTMro55gJ1GyYwLk6baCnm2dymgF4IG6lhgzMDEBble1BczxGxD-SiGtRehKN6SV9LVknBZYl6Acgyx0QT5GTzWLsu0hLRv7hDtUzwBX9KJzGRn2IQyZp1FVK_It3u00bzEDBBZY4IOsPcmIkozh2kS1KQsf5TvEs.RTS77beadoR45OUcCdts8IougLx4XUC9gCC8e5r_GSE&dib_tag=se&keywords=drone&qid=1785831761&sr=8-157&xpid=TtIitUURkL8Js,https://m.media-amazon.com/images/I/91mudFy+Z5L._AC_UL320_.jpg,drone
B0G3PR766C,HGLRC 415mm 10 inch FPV Racing Drone Frame Carbon Fiber for FPV Long Range Freestyle Training Quadcopter with Lipo Battery Strap,,,,$45.99,4.2,9,,https://www.amazon.com/HGLRC-Freestyle-Training-Quadcopter-Battery/dp/B0G3PR766C/ref=sr_1_158?dib=eyJ2IjoiMSJ9.1JJyoUwfXJhduF8-a1pmLraxgn7dY2ZreZsFr1DlWMSeh3O7twwsJD-wPwRQYUjeFQ5W8_NwaqQx3wFyP0uH14brZpjRW2suTb1fUCLhRVVlNqHS1eyVlIjaaYt0GQX_e2a3nC_d-Nb5ZPWMfvTq_G8YZx0NPlh3dWX0KJ9AR9OqpmJqUgiDkGDmOZCdi8mwWYWOvppbFxA2muRFLAhQ1rQQ74Dc-CgiRgJArW7RtEWKS7nrgw55jmHADt6iNRzx7y3jWIDcr8B6sKafR7TA48PcmIkozh2kS1KQsf5TvEs.M9-8z6fGFTEXV5YcBv_5LTtxnqLb1xBRwAlGSuliAXQ&dib_tag=se&keywords=drone&qid=1785833756&sr=8-158&xpid=fI2lm0uQBk0DG,https://m.media-amazon.com/images/I/41gNAStqkRL._AC_UL320_.jpg,drone
B0FC69FCKH,"Contixo F28A Premium Drone With 4K Camera, Two-axis Gimbal, 23 Mins Flight Time, 110° Wide-angle, Follow Me, Auto Return, 1000m Control Range, GPS Professional Drones For Adults, Beginner, Teenager",Contixo,,F28 Premium,$279.99,4.0,2,,https://www.amazon.com/sspa/click?ie=UTF8&spc=MToyNTA3MDg1ODIwNzkxNTE5OjE3ODU4NDUwMTU6c3BfYXRmOjMwMTQwMzQ5OTIwODEwMjo6MDo6&url=%2FContixo-Two-axis-Wide-angle-Professional-Beginner%2Fdp%2FB0FC69FCKH%2Fref%3Dsr_1_3_sspa%3Fdib%3DeyJ2IjoiMSJ9.SI1h3-CiQG8DEJ6r8Y7nr7qjz5Q7a0b8DfCmXqc5FVBhWDOsaYICUS0mBi5pqAEvyutBGWiF4EPV0QTuAN7qwoFFp6yN85J1z9A3B8ep0DuiyU_CiKa59YdzSbrndRNELeOHSSP8EmU3BtBNKhB7_yVAeEWp08f3CTMK1ew5XibTjS2xcAsoT5tjIph2mEAQa6OoFOp7Bn3WP0q8Rl48pZ9OAfFhUIVVIwiI3yDSMfEw0-URBR1ydSg4dr5TKx1WePMz70IYmdM7XqmI8PC5MrrgYkX2nb_kKaK4KiWO98w.inGe-lEL_Kcyq0GKOjRMGupHwXpGXMEp-dXNKnb6fTY%26dib_tag%3Dse%26keywords%3Dthermal%2Bimaging%2Bdrone%26qid%3D1785845015%26sr%3D8-3-spons%26sp_csd%3Dd2lkZ2V0TmFtZT1zcF9hdGY%26psc%3D1,https://m.media-amazon.com/images/I/71WJsgl110L._AC_UL320_.jpg,thermal imaging drone
B0FR42M9TC,"Contixo F33 Professional Drone - 4K/30FPS Camera, GPS & Optical Flow, 2-Axis Gimbal + EIS, 5.5"" Touchscreen Remote, Obstacle Avoidance, 4-Mile FPV, 42-Min Flight, Hunting & Outdoor Tracking",Contixo,,F33A,$799.99,4.1,14,,https://www.amazon.com/sspa/click?ie=UTF8&spc=MToyNTA3MDg1ODIwNzkxNTE5OjE3ODU4NDUwMTU6c3BfbXRmOjMwMTM1MzYxNjUzNDMwMjo6MDo6&url=%2FContixo-F33-Professional-Drone-Touchscreen%2Fdp%2FB0FR42M9TC%2Fref%3Dsr_1_15_sspa%3Fdib%3DeyJ2IjoiMSJ9.SI1h3-CiQG8DEJ6r8Y7nr7qjz5Q7a0b8DfCmXqc5FVBhWDOsaYICUS0mBi5pqAEvyutBGWiF4EPV0QTuAN7qwoFFp6yN85J1z9A3B8ep0DuiyU_CiKa59YdzSbrndRNELeOHSSP8EmU3BtBNKhB7_yVAeEWp08f3CTMK1ew5XibTjS2xcAsoT5tjIph2mEAQa6OoFOp7Bn3WP0q8Rl48pZ9OAfFhUIVVIwiI3yDSMfEw0-URBR1ydSg4dr5TKx1WePMz70IYmdM7XqmI8PC5MrrgYkX2nb_kKaK4KiWO98w.inGe-lEL_Kcyq0GKOjRMGupHwXpGXMEp-dXNKnb6fTY%26dib_tag%3Dse%26keywords%3Dthermal%2Bimaging%2Bdrone%26qid%3D1785845015%26sr%3D8-15-spons%26sp_csd%3Dd2lkZ2V0TmFtZT1zcF9tdGY%26psc%3D1,https://m.media-amazon.com/images/I/71hEGU27DxL._AC_UL320_.jpg,thermal imaging drone
B0CWKWBZJT,"Holy Stone HS440G Drones with Camera for Adults 4k, Under 250g, FPV RC Quadcopter with Brushless Motors, 5GHz Transmission, Auto Return, Follow Me, Waypoints, Foldable Camera Drone for Beginners",Holy Stone,,HS440G,$139.99,3.8,138,,https://www.amazon.com/Holy-Stone-HS440G-Camera-Adults/dp/B0CWKWBZJT/ref=sr_1_10?dib=eyJ2IjoiMSJ9.SI1h3-CiQG8DEJ6r8Y7nr7qjz5Q7a0b8DfCmXqc5FVBhWDOsaYICUS0mBi5pqAEvyutBGWiF4EPV0QTuAN7qwoFFp6yN85J1z9A3B8ep0DuiyU_CiKa59YdzSbrndRNELeOHSSP8EmU3BtBNKhB7_yVAeEWp08f3CTMK1ew5XibTjS2xcAsoT5tjIph2mEAQa6OoFOp7Bn3WP0q8Rl48pZ9OAfFhUIVVIwiI3yDSMfEw0-URBR1ydSg4dr5TKx1WePMz70IYmdM7XqmI8PC5MrrgYkX2nb_kKaK4KiWO98w.inGe-lEL_Kcyq0GKOjRMGupHwXpGXMEp-dXNKnb6fTY&dib_tag=se&keywords=thermal+imaging+drone&qid=1785845015&sr=8-10,https://m.media-amazon.com/images/I/71FmTE-PP3L._AC_UL320_.jpg,thermal imaging drone
B0DKJJK4XK,"Potensic ATOM 2 Drone, Pack of 1 Drone, No Battery and Accessory",Potensic,,ATOM 2,$249.99,4.7,23,,https://www.amazon.com/Potensic-ATOM-Drone-Battery-Accessory/dp/B0DKJJK4XK/ref=sr_1_25?dib=eyJ2IjoiMSJ9.KWlsY3AlJ2mYXPtUnXTL5GoAu6U6QLukCrtv21z3-K7Pv-rw-_XnJswMKWSnt6O5rqoVvfD7lrdw37tDTQe2wG8fHQbDMaByitQHAsMNsD-8d-xXlia0D_6vvlQsusoz41bkaAFFH4mAN_JAfm1GSL73CydYp4qCxjR3t_xZSueMSRaI2QxeRYNYZMGwgvDlmIuOyfMqonf5IayNb84Ht70x1sUTJDbnaEDGv0DGE1Uq4HFYSbGA7VzDbP5yjcneNO4MmAhCLx2xnA3E6bwH95-JclHDPglALE4pHeeed04.7fR43qGeXT7MOavwLcKkeB_y6tcfBdCvYP7PNtgQMQE&dib_tag=se&keywords=drone&qid=1785833407&sr=8-25,https://m.media-amazon.com/images/I/51bSEgZrLxL._AC_UL320_.jpg,drone
B0BL3T49JF,"DJI Mini 3, 3-Axis Mechanical Gimbal Mini Camera Drone | 4K HDR Video, 38-Min Flight Time, up to 32800ft (10km) Video Transmission, True Vertical Shooting, GPS Auto Return",DJI,DJI Gear Center,DJI Mini 3,,4.6,1919,500+ bought in past month,https://www.amazon.com/DJI-3-Axis-Mechanical-Gimbal-Camera/dp/B0BL3T49JF/ref=sr_1_26?dib=eyJ2IjoiMSJ9.KWlsY3AlJ2mYXPtUnXTL5GoAu6U6QLukCrtv21z3-K7Pv-rw-_XnJswMKWSnt6O5rqoVvfD7lrdw37tDTQe2wG8fHQbDMaByitQHAsMNsD-8d-xXlia0D_6vvlQsusoz41bkaAFFH4mAN_JAfm1GSL73CydYp4qCxjR3t_xZSueMSRaI2QxeRYNYZMGwgvDlmIuOyfMqonf5IayNb84Ht70x1sUTJDbnaEDGv0DGE1Uq4HFYSbGA7VzDbP5yjcneNO4MmAhCLx2xnA3E6bwH95-JclHDPglALE4pHeeed04.7fR43qGeXT7MOavwLcKkeB_y6tcfBdCvYP7PNtgQMQE&dib_tag=se&keywords=drone&qid=1785833407&sr=8-26,https://m.media-amazon.com/images/I/51QIRyL+TKL._AC_UL320_.jpg,drone
B0FPQ9NKJ6,"Drone with Camera 1080P HD, FPV Foldable Mini Drone for Beginners Kids Boys Girls, with 2 recharging Batteries, Carrying Case, One Key Start, Stable Hover, Trajectory Flight, Toys Gifts (Black)",WEPETCO,BraveEdge Tech,JY012,$49.99,4.6,265,,https://www.amazon.com/Foldable-Beginners-recharging-Batteries-Trajectory/dp/B0FPQ9NKJ6/ref=sr_1_30?dib=eyJ2IjoiMSJ9.KWlsY3AlJ2mYXPtUnXTL5GoAu6U6QLukCrtv21z3-K7Pv-rw-_XnJswMKWSnt6O5rqoVvfD7lrdw37tDTQe2wG8fHQbDMaByitQHAsMNsD-8d-xXlia0D_6vvlQsusoz41bkaAFFH4mAN_JAfm1GSL73CydYp4qCxjR3t_xZSueMSRaI2QxeRYNYZMGwgvDlmIuOyfMqonf5IayNb84Ht70x1sUTJDbnaEDGv0DGE1Uq4HFYSbGA7VzDbP5yjcneNO4MmAhCLx2xnA3E6bwH95-JclHDPglALE4pHeeed04.7fR43qGeXT7MOavwLcKkeB_y6tcfBdCvYP7PNtgQMQE&dib_tag=se&keywords=drone&qid=1785833407&sr=8-30,https://m.media-amazon.com/images/I/71QRnKIElRL._AC_UL320_.jpg,drone
B0C5T7SZQZ,"Contixo F28 GPS Drone with Camera for Adults Beginners, Foldable FPV Drone with Auto Follow, One Key Return, Waypoint Flight, Selfie Mode, 23 Min Flight Time, Carrying Case, No FAA Registration",Contixo,,f28,$129.99,3.8,39,,https://www.amazon.com/sspa/click?ie=UTF8&spc=MToyNTA3MDg1ODIwNzkxNTE5OjE3ODU4NDUwMTU6c3BfYXRmOjMwMTM2NjY0OTU4NzkwMjo6MDo6&url=%2FContixo-Foldable-Control-Distance-Carrying%2Fdp%2FB0C5T7SZQZ%2Fref%3Dsr_1_2_sspa%3Fdib%3DeyJ2IjoiMSJ9.SI1h3-CiQG8DEJ6r8Y7nr7qjz5Q7a0b8DfCmXqc5FVBhWDOsaYICUS0mBi5pqAEvyutBGWiF4EPV0QTuAN7qwoFFp6yN85J1z9A3B8ep0DuiyU_CiKa59YdzSbrndRNELeOHSSP8EmU3BtBNKhB7_yVAeEWp08f3CTMK1ew5XibTjS2xcAsoT5tjIph2mEAQa6OoFOp7Bn3WP0q8Rl48pZ9OAfFhUIVVIwiI3yDSMfEw0-URBR1ydSg4dr5TKx1WePMz70IYmdM7XqmI8PC5MrrgYkX2nb_kKaK4KiWO98w.inGe-lEL_Kcyq0GKOjRMGupHwXpGXMEp-dXNKnb6fTY%26dib_tag%3Dse%26keywords%3Dthermal%2Bimaging%2Bdrone%26qid%3D1785845015%26sr%3D8-2-spons%26sp_csd%3Dd2lkZ2V0TmFtZT1zcF9hdGY%26psc%3D1,https://m.media-amazon.com/images/I/719b7dGLPJL._AC_UL320_.jpg,thermal imaging drone
B0F6Y9PB64,"F179 Drone with 1080P Camera, Brushless Motors, Obstacle Avoidance & WIFI Control,Trajectory Flight, 3D Flip, Optical Flow Positioning, Electric 90° Lens, Quadcopter for Adults/Kids/Beginners",govogorc,,F179,$59.99,3.9,115,,https://www.amazon.com/Brushless-Avoidance-Trajectory-Positioning-Quadcopter/dp/B0F6Y9PB64/ref=sr_1_7?dib=eyJ2IjoiMSJ9.qULum_x3SWyKIMnWaDzOUoeg094yGM0mTD7X6PwzYOeP5eCdF-yR0pI-lJj9VdYZF7ZoOxSkkrKNVJvEiIkeefXN1237gmb7vojYbJ-DnGvhufkkhii4f7DykJJyw-i8NsRdhCPeUjNQVU5aO58qepMkG_1CUAU1uFGshHofhNWp2fgu9So7AY6YMiGjFcZVwIQQB5Lp5WypS-5fH81qnDL5uvw9B9pP8c3tF6AJBgXOZruX-_J2POgP2y9ADtJ9Il79Ws_Zaq2w6eCTdKf64qEC_j-TErCoC7XTL4MzLV8.6PC1Ur0woQuWAoGIxKTybTlZnWyE8OAqvHvW_8LUAQk&dib_tag=se&keywords=drone+brushless+motor&qid=1785841578&sr=8-7,https://m.media-amazon.com/images/I/71nvjA4Iq3L._AC_UL320_.jpg,drone brushless motor
B086VB89L8,"DEERC D20 Mini Drone for Kids with 1080P HD FPV Camera Remote Control Toys Gifts for Boys Girls with Altitude Hold, Headless Mode, One Key Start Speed Adjustment, 3D Flips 2 Batteries, Silver",DEERC,,D20,$49.99,4.0,19425,50+ bought in past month,https://www.amazon.com/DEERC-Altitude-Headless-Adjustment-Batteries/dp/B086VB89L8/ref=sr_1_33?dib=eyJ2IjoiMSJ9.KWlsY3AlJ2mYXPtUnXTL5GoAu6U6QLukCrtv21z3-K7Pv-rw-_XnJswMKWSnt6O5rqoVvfD7lrdw37tDTQe2wG8fHQbDMaByitQHAsMNsD-8d-xXlia0D_6vvlQsusoz41bkaAFFH4mAN_JAfm1GSL73CydYp4qCxjR3t_xZSueMSRaI2QxeRYNYZMGwgvDlmIuOyfMqonf5IayNb84Ht70x1sUTJDbnaEDGv0DGE1Uq4HFYSbGA7VzDbP5yjcneNO4MmAhCLx2xnA3E6bwH95-JclHDPglALE4pHeeed04.7fR43qGeXT7MOavwLcKkeB_y6tcfBdCvYP7PNtgQMQE&dib_tag=se&keywords=drone&qid=1785833407&sr=8-33,https://m.media-amazon.com/images/I/71Ce-WRafcL._AC_UL320_.jpg,drone
B0H4B9LH8F,"TD12Pro Drone with 1080P Camera for Adults Kids, RC Drones with LCD Screen Remote, Foldable Quadcopter, Mini Drone for Beginners, Easy to fly, Toy for Kids Adult Beginners",Toladrone,,TD12Pro,$89.99,4.8,22,,https://www.amazon.com/TD12Pro-Camera-Foldable-Quadcopter-Beginners/dp/B0H4B9LH8F/ref=sr_1_32?dib=eyJ2IjoiMSJ9.KWlsY3AlJ2mYXPtUnXTL5GoAu6U6QLukCrtv21z3-K7Pv-rw-_XnJswMKWSnt6O5rqoVvfD7lrdw37tDTQe2wG8fHQbDMaByitQHAsMNsD-8d-xXlia0D_6vvlQsusoz41bkaAFFH4mAN_JAfm1GSL73CydYp4qCxjR3t_xZSueMSRaI2QxeRYNYZMGwgvDlmIuOyfMqonf5IayNb84Ht70x1sUTJDbnaEDGv0DGE1Uq4HFYSbGA7VzDbP5yjcneNO4MmAhCLx2xnA3E6bwH95-JclHDPglALE4pHeeed04.7fR43qGeXT7MOavwLcKkeB_y6tcfBdCvYP7PNtgQMQE&dib_tag=se&keywords=drone&qid=1785833407&sr=8-32,https://m.media-amazon.com/images/I/61r+lK-7ZSL._AC_UL320_.jpg,drone
B0DT157PML,"Drone with 1080P Camera for Beginners and Adults, Foldable Remote Control Quadcopter with Voice Control, Gestures Selfie, Altitude Hold, One Key Start, 3D Flips, 2 Batteries, Not water-proof, Toy for Beginners",Hiturbo,,S20,$44.95,4.2,4219,,https://www.amazon.com/Beginners-Foldable-Quadcopter-Batteries-water-proof/dp/B0DT157PML/ref=sr_1_34?dib=eyJ2IjoiMSJ9.KWlsY3AlJ2mYXPtUnXTL5GoAu6U6QLukCrtv21z3-K7Pv-rw-_XnJswMKWSnt6O5rqoVvfD7lrdw37tDTQe2wG8fHQbDMaByitQHAsMNsD-8d-xXlia0D_6vvlQsusoz41bkaAFFH4mAN_JAfm1GSL73CydYp4qCxjR3t_xZSueMSRaI2QxeRYNYZMGwgvDlmIuOyfMqonf5IayNb84Ht70x1sUTJDbnaEDGv0DGE1Uq4HFYSbGA7VzDbP5yjcneNO4MmAhCLx2xnA3E6bwH95-JclHDPglALE4pHeeed04.7fR43qGeXT7MOavwLcKkeB_y6tcfBdCvYP7PNtgQMQE&dib_tag=se&keywords=drone&qid=1785833407&sr=8-34,https://m.media-amazon.com/images/I/71nqv-k0rSL._AC_UL320_.jpg,drone
B0CDCFGF1V,"HOVERAir X1 Drone with Camera, Follow-me Drone with Self-Flying Mode | Foldable Mini Drone with HDR Video Capture, Palm Takeoff, Intelligent Flight Paths, Hands-Free Control Black (Combo)",HOVERAir,HOVERAir Official,Hover X1,$299.00,4.3,1151,400+ bought in past month,https://www.amazon.com/HOVERAir-X1-Self-Flying-Pocket-Sized-Intelligent/dp/B0CDCFGF1V/ref=sr_1_36?dib=eyJ2IjoiMSJ9.KWlsY3AlJ2mYXPtUnXTL5GoAu6U6QLukCrtv21z3-K7Pv-rw-_XnJswMKWSnt6O5rqoVvfD7lrdw37tDTQe2wG8fHQbDMaByitQHAsMNsD-8d-xXlia0D_6vvlQsusoz41bkaAFFH4mAN_JAfm1GSL73CydYp4qCxjR3t_xZSueMSRaI2QxeRYNYZMGwgvDlmIuOyfMqonf5IayNb84Ht70x1sUTJDbnaEDGv0DGE1Uq4HFYSbGA7VzDbP5yjcneNO4MmAhCLx2xnA3E6bwH95-JclHDPglALE4pHeeed04.7fR43qGeXT7MOavwLcKkeB_y6tcfBdCvYP7PNtgQMQE&dib_tag=se&keywords=drone&qid=1785833407&sr=8-36,https://m.media-amazon.com/images/I/71xXbx9ax1L._AC_UL320_.jpg,drone
B0GD51JNMZ,"CADDXFPV Protos FPV Drone Only – Ascent Lite HD VTX Micro Quadcopter | Replacement for Protos Kit, 78mm Micro FPV Drone, 1080P/60FPS Video, 147° FOV, 3km Digital Transmission, ELRS 2.4GHz Receiver",CADDXFPV,,Protos Drone,$129.99,1.8,3,,https://www.amazon.com/CADDXFPV-Protos-FPV-Drone-Only/dp/B0GD51JNMZ/ref=sr_1_35?dib=eyJ2IjoiMSJ9.KWlsY3AlJ2mYXPtUnXTL5GoAu6U6QLukCrtv21z3-K7Pv-rw-_XnJswMKWSnt6O5rqoVvfD7lrdw37tDTQe2wG8fHQbDMaByitQHAsMNsD-8d-xXlia0D_6vvlQsusoz41bkaAFFH4mAN_JAfm1GSL73CydYp4qCxjR3t_xZSueMSRaI2QxeRYNYZMGwgvDlmIuOyfMqonf5IayNb84Ht70x1sUTJDbnaEDGv0DGE1Uq4HFYSbGA7VzDbP5yjcneNO4MmAhCLx2xnA3E6bwH95-JclHDPglALE4pHeeed04.7fR43qGeXT7MOavwLcKkeB_y6tcfBdCvYP7PNtgQMQE&dib_tag=se&keywords=drone&qid=1785833407&sr=8-35,https://m.media-amazon.com/images/I/6172mazbVZL._AC_UL320_.jpg,drone
B0FY7DFQNF,DJI Mini 3 Drone with DJI RC Remote Foldable Lightweight 4K Camera Quadcopter Bundle (CP.MA.00000587.01) + 64GB Card + BackPack + Landing Pad + Card Reader + More,DJI,,Mini 3,,3.7,15,100+ bought in past month,https://www.amazon.com/DJI-Foldable-Lightweight-Quadcopter-CP-MA-00000587-01/dp/B0FY7DFQNF/ref=sr_1_38?dib=eyJ2IjoiMSJ9.KWlsY3AlJ2mYXPtUnXTL5GoAu6U6QLukCrtv21z3-K7Pv-rw-_XnJswMKWSnt6O5rqoVvfD7lrdw37tDTQe2wG8fHQbDMaByitQHAsMNsD-8d-xXlia0D_6vvlQsusoz41bkaAFFH4mAN_JAfm1GSL73CydYp4qCxjR3t_xZSueMSRaI2QxeRYNYZMGwgvDlmIuOyfMqonf5IayNb84Ht70x1sUTJDbnaEDGv0DGE1Uq4HFYSbGA7VzDbP5yjcneNO4MmAhCLx2xnA3E6bwH95-JclHDPglALE4pHeeed04.7fR43qGeXT7MOavwLcKkeB_y6tcfBdCvYP7PNtgQMQE&dib_tag=se&keywords=drone&qid=1785833407&sr=8-38,https://m.media-amazon.com/images/I/81f-T4WICSL._AC_UL320_.jpg,drone
B0CFF4RYDM,"DJI Mini 4 Pro Fly More Combo with DJI RC 2, Drones with Camera for Adults 4K, Under 0.549 lbs/249 g, 3 Batteries for up to 102 Mins Flight Time, Smart Return to Home, Drone for Beginners | RC 2, Camera 4K, Under 249 g, 3 Batteries for up to 102 Mins Flight Time, Smart Return to Home",DJI,,DJI Mini 4 Pro,,4.5,3865,100+ bought in past month,https://www.amazon.com/DJI-Batteries-Flight-Return-Beginners/dp/B0CFF4RYDM/ref=sr_1_39?dib=eyJ2IjoiMSJ9.KWlsY3AlJ2mYXPtUnXTL5GoAu6U6QLukCrtv21z3-K7Pv-rw-_XnJswMKWSnt6O5rqoVvfD7lrdw37tDTQe2wG8fHQbDMaByitQHAsMNsD-8d-xXlia0D_6vvlQsusoz41bkaAFFH4mAN_JAfm1GSL73CydYp4qCxjR3t_xZSueMSRaI2QxeRYNYZMGwgvDlmIuOyfMqonf5IayNb84Ht70x1sUTJDbnaEDGv0DGE1Uq4HFYSbGA7VzDbP5yjcneNO4MmAhCLx2xnA3E6bwH95-JclHDPglALE4pHeeed04.7fR43qGeXT7MOavwLcKkeB_y6tcfBdCvYP7PNtgQMQE&dib_tag=se&keywords=drone&qid=1785833407&sr=8-39,https://m.media-amazon.com/images/I/61ED-SY-s9L._AC_UL320_.jpg,drone
B0FS11M69S,"DJI Avata 2 Fly Smart Combo (Single Battery), FPV Drone With Camera 4K | Includes Goggles N3 & RC Motion 3, Immersive Flight Experience, Built-in Propeller Guard, Easy Flip/Roll",DJI,,,,4.6,117,100+ bought in past month,https://www.amazon.com/DJI-Immersive-Experience-Acrobatics-Propeller/dp/B0FS11M69S/ref=sr_1_47?dib=eyJ2IjoiMSJ9.KWlsY3AlJ2mYXPtUnXTL5GoAu6U6QLukCrtv21z3-K7Pv-rw-_XnJswMKWSnt6O5rqoVvfD7lrdw37tDTQe2wG8fHQbDMaByitQHAsMNsD-8d-xXlia0D_6vvlQsusoz41bkaAFFH4mAN_JAfm1GSL73CydYp4qCxjR3t_xZSueMSRaI2QxeRYNYZMGwgvDlmIuOyfMqonf5IayNb84Ht70x1sUTJDbnaEDGv0DGE1Uq4HFYSbGA7VzDbP5yjcneNO4MmAhCLx2xnA3E6bwH95-JclHDPglALE4pHeeed04.7fR43qGeXT7MOavwLcKkeB_y6tcfBdCvYP7PNtgQMQE&dib_tag=se&keywords=drone&qid=1785833407&sr=8-47,https://m.media-amazon.com/images/I/61avsiWyClL._AC_UL320_.jpg,drone
B0DDS1368S,"DJI Neo Three-Battery Combo, Mini Drone With 4K UHD Camera for Adults | 135g Self-Flying Drone That Follows You, Palm Takeoff, Subject Tracking, QuickShots, Stabilized Video (Controller-Free)",DJI,,DJI Neo,,4.5,857,300+ bought in past month,https://www.amazon.com/DJI-Three-Battery-QuickShots-Stabilized-Controller-Free/dp/B0DDS1368S/ref=sr_1_39?dib=eyJ2IjoiMSJ9.SI1h3-CiQG8DEJ6r8Y7nr7qjz5Q7a0b8DfCmXqc5FVBhWDOsaYICUS0mBi5pqAEvyutBGWiF4EPV0QTuAN7qwoFFp6yN85J1z9A3B8ep0DuiyU_CiKa59YdzSbrndRNELeOHSSP8EmU3BtBNKhB7_yVAeEWp08f3CTMK1ew5XibTjS2xcAsoT5tjIph2mEAQa6OoFOp7Bn3WP0q8Rl48pZ9OAfFhUIVVIwiI3yDSMfEw0-URBR1ydSg4dr5TKx1WePMz70IYmdM7XqmI8PC5MrrgYkX2nb_kKaK4KiWO98w.inGe-lEL_Kcyq0GKOjRMGupHwXpGXMEp-dXNKnb6fTY&dib_tag=se&keywords=thermal+imaging+drone&qid=1785845015&sr=8-39,https://m.media-amazon.com/images/I/5180KMGNIQL._AC_UL320_.jpg,thermal imaging drone
B0CFF1SJ3P,"DJI Mini 4 Pro (DJI RC 2), Drones with Camera for Adults 4K, Under 0.549 lbs/249 g, 34 Mins Flight Time, 20km Max Video Transmission Distance, Omnidirectional Vision Sensing, Mini Drone for Beginners | Camera 4K, Under 249 g, 34 Mins Flight Time, 20km Max Video Transmission Distance, Omnidirectional Vision Sensing",DJI,,DJI Mini 4 Pro,,4.4,939,,https://www.amazon.com/DJI-Mini-Drone-Transmission-Distance-Omnidirectional/dp/B0CFF1SJ3P/ref=sr_1_46?dib=eyJ2IjoiMSJ9.KWlsY3AlJ2mYXPtUnXTL5GoAu6U6QLukCrtv21z3-K7Pv-rw-_XnJswMKWSnt6O5rqoVvfD7lrdw37tDTQe2wG8fHQbDMaByitQHAsMNsD-8d-xXlia0D_6vvlQsusoz41bkaAFFH4mAN_JAfm1GSL73CydYp4qCxjR3t_xZSueMSRaI2QxeRYNYZMGwgvDlmIuOyfMqonf5IayNb84Ht70x1sUTJDbnaEDGv0DGE1Uq4HFYSbGA7VzDbP5yjcneNO4MmAhCLx2xnA3E6bwH95-JclHDPglALE4pHeeed04.7fR43qGeXT7MOavwLcKkeB_y6tcfBdCvYP7PNtgQMQE&dib_tag=se&keywords=drone&qid=1785833407&sr=8-46,https://m.media-amazon.com/images/I/61XpGOFVAKL._AC_UL320_.jpg,drone
B0GC5NFDHR,"Specta Mini Drone Combo with 2 Batteries, 4K/30fps Video, 32800ft FPV Transmission, Easy to Fly, 3 Aixs Gimbal, 62-Min Flight, Under 249g Portable Drone for Beginners",SPECTA,,Specta Mini Drone,,4.3,22,,https://www.amazon.com/Batteries-32800ft-Transmission-Portable-Beginners/dp/B0GC5NFDHR/ref=sr_1_40?dib=eyJ2IjoiMSJ9.KWlsY3AlJ2mYXPtUnXTL5GoAu6U6QLukCrtv21z3-K7Pv-rw-_XnJswMKWSnt6O5rqoVvfD7lrdw37tDTQe2wG8fHQbDMaByitQHAsMNsD-8d-xXlia0D_6vvlQsusoz41bkaAFFH4mAN_JAfm1GSL73CydYp4qCxjR3t_xZSueMSRaI2QxeRYNYZMGwgvDlmIuOyfMqonf5IayNb84Ht70x1sUTJDbnaEDGv0DGE1Uq4HFYSbGA7VzDbP5yjcneNO4MmAhCLx2xnA3E6bwH95-JclHDPglALE4pHeeed04.7fR43qGeXT7MOavwLcKkeB_y6tcfBdCvYP7PNtgQMQE&dib_tag=se&keywords=drone&qid=1785833407&sr=8-40,https://m.media-amazon.com/images/I/4107fgHV5AL._AC_UL320_.jpg,drone
B0DJ1H6KCP,"DJI Flip (RC-N3), Drone With 4K UHD Camera for Adults, Under 249 g, 3-Axis Gimbal Stabilization, 44000ft/13km Video Transmission, Palm Takeoff, Auto Return, Intelligent, 31-Min Flight Time | 3-Axis Gimbal, 13km Video Transmission, Palm Takeoff, Auto Return, 1 Battery, 31-Min Flight Time, Intelligent Flight",DJI,,,,4.4,950,200+ bought in past month,https://www.amazon.com/DJI-Stabilization-44000ft-Transmission-Intelligent/dp/B0DJ1H6KCP/ref=sr_1_48?dib=eyJ2IjoiMSJ9.KWlsY3AlJ2mYXPtUnXTL5GoAu6U6QLukCrtv21z3-K7Pv-rw-_XnJswMKWSnt6O5rqoVvfD7lrdw37tDTQe2wG8fHQbDMaByitQHAsMNsD-8d-xXlia0D_6vvlQsusoz41bkaAFFH4mAN_JAfm1GSL73CydYp4qCxjR3t_xZSueMSRaI2QxeRYNYZMGwgvDlmIuOyfMqonf5IayNb84Ht70x1sUTJDbnaEDGv0DGE1Uq4HFYSbGA7VzDbP5yjcneNO4MmAhCLx2xnA3E6bwH95-JclHDPglALE4pHeeed04.7fR43qGeXT7MOavwLcKkeB_y6tcfBdCvYP7PNtgQMQE&dib_tag=se&keywords=drone&qid=1785833407&sr=8-48,https://m.media-amazon.com/images/I/717eypARTkL._AC_UL320_.jpg,drone
B0DFCJL5M8,"SIMREX Mini Drone with 720P Camera for Kids & Beginners - Foldable RC Quadcopter, Optical Flow Positioning, Altitude Hold, 3D Flip, 2 Batteries 20Min Flight, Safe & Easy Indoor Outdoor Flying Toy Gift, Red",Simrex,,,$29.99,4.0,435,,https://www.amazon.com/SIMREX-Quadcopter-Foldable-Altitude-Batteries/dp/B0DFCJL5M8/ref=sr_1_51?dib=eyJ2IjoiMSJ9.KWlsY3AlJ2mYXPtUnXTL5GoAu6U6QLukCrtv21z3-K7Pv-rw-_XnJswMKWSnt6O5rqoVvfD7lrdw37tDTQe2wG8fHQbDMaByitQHAsMNsD-8d-xXlia0D_6vvlQsusoz41bkaAFFH4mAN_JAfm1GSL73CydYp4qCxjR3t_xZSueMSRaI2QxeRYNYZMGwgvDlmIuOyfMqonf5IayNb84Ht70x1sUTJDbnaEDGv0DGE1Uq4HFYSbGA7VzDbP5yjcneNO4MmAhCLx2xnA3E6bwH95-JclHDPglALE4pHeeed04.7fR43qGeXT7MOavwLcKkeB_y6tcfBdCvYP7PNtgQMQE&dib_tag=se&keywords=drone&qid=1785833407&sr=8-51,https://m.media-amazon.com/images/I/71ix88SLLHL._AC_UL320_.jpg,drone
B0H2C4RDN6,DJI Neo 2 Drone Fly More Combo 4K Camera Bundle with Tech Smart USA Drone Essentials Plus Software Bundle + Deco Gear Drone Landing Pad + Deco Essentials CPS 2 Year Protection Pack + Sling Backpack,DJI,,,,4.3,16,50+ bought in past month,https://www.amazon.com/DJI-Essentials-Software-Protection-Backpack/dp/B0H2C4RDN6/ref=sr_1_49?dib=eyJ2IjoiMSJ9.KWlsY3AlJ2mYXPtUnXTL5GoAu6U6QLukCrtv21z3-K7Pv-rw-_XnJswMKWSnt6O5rqoVvfD7lrdw37tDTQe2wG8fHQbDMaByitQHAsMNsD-8d-xXlia0D_6vvlQsusoz41bkaAFFH4mAN_JAfm1GSL73CydYp4qCxjR3t_xZSueMSRaI2QxeRYNYZMGwgvDlmIuOyfMqonf5IayNb84Ht70x1sUTJDbnaEDGv0DGE1Uq4HFYSbGA7VzDbP5yjcneNO4MmAhCLx2xnA3E6bwH95-JclHDPglALE4pHeeed04.7fR43qGeXT7MOavwLcKkeB_y6tcfBdCvYP7PNtgQMQE&dib_tag=se&keywords=drone&qid=1785833407&sr=8-49,https://m.media-amazon.com/images/I/71WVhUonZPL._AC_UL320_.jpg,drone
B0GLT66F9H,DJI Mini 5 Pro Drone RC2 Fly More Combo Lightweight Camera Aerial UAV Beginner Bundle | Extended Flight Smart Tracking Portable Photography Kit with 64GB Card + Landing Pad + More,DJI,,,,3.8,15,,https://www.amazon.com/DJI-Lightweight-Beginner-Extended-Photography/dp/B0GLT66F9H/ref=sr_1_50?dib=eyJ2IjoiMSJ9.KWlsY3AlJ2mYXPtUnXTL5GoAu6U6QLukCrtv21z3-K7Pv-rw-_XnJswMKWSnt6O5rqoVvfD7lrdw37tDTQe2wG8fHQbDMaByitQHAsMNsD-8d-xXlia0D_6vvlQsusoz41bkaAFFH4mAN_JAfm1GSL73CydYp4qCxjR3t_xZSueMSRaI2QxeRYNYZMGwgvDlmIuOyfMqonf5IayNb84Ht70x1sUTJDbnaEDGv0DGE1Uq4HFYSbGA7VzDbP5yjcneNO4MmAhCLx2xnA3E6bwH95-JclHDPglALE4pHeeed04.7fR43qGeXT7MOavwLcKkeB_y6tcfBdCvYP7PNtgQMQE&dib_tag=se&keywords=drone&qid=1785833407&sr=8-50,https://m.media-amazon.com/images/I/81JUkf8iuaL._AC_UL320_.jpg,drone
B07FVYPT22,"DJI Neo Motion Fly More Combo, Mini Drone With 4K UHD Camera for Adults | 135g Self-Flying Drone That Follows You, Palm Takeoff, Subject Tracking, QuickShots, With RC Motion 3 and 3 Batteries",DJI,,,,4.6,796,,https://www.amazon.com/DJI-Follows-Tracking-QuickShots-Batteries/dp/B07FVYPT22/ref=sr_1_52?dib=eyJ2IjoiMSJ9.KWlsY3AlJ2mYXPtUnXTL5GoAu6U6QLukCrtv21z3-K7Pv-rw-_XnJswMKWSnt6O5rqoVvfD7lrdw37tDTQe2wG8fHQbDMaByitQHAsMNsD-8d-xXlia0D_6vvlQsusoz41bkaAFFH4mAN_JAfm1GSL73CydYp4qCxjR3t_xZSueMSRaI2QxeRYNYZMGwgvDlmIuOyfMqonf5IayNb84Ht70x1sUTJDbnaEDGv0DGE1Uq4HFYSbGA7VzDbP5yjcneNO4MmAhCLx2xnA3E6bwH95-JclHDPglALE4pHeeed04.7fR43qGeXT7MOavwLcKkeB_y6tcfBdCvYP7PNtgQMQE&dib_tag=se&keywords=drone&qid=1785833407&sr=8-52,https://m.media-amazon.com/images/I/51iJwr9hbZL._AC_UL320_.jpg,drone
B0FHKRK8XB,"Drone with 1080P Camera, Foldable Drone for Beginners with Light, Upgrade Altitude Hold, Gesture Selfie, Waypoint Fly, 3D Flip, 3 Speed Mode, Circle Fly, One Key Start",,,,,4.5,1116,,https://www.amazon.com/Foldable-Beginners-Upgrade-Altitude-Waypoint/dp/B0FHKRK8XB/ref=sr_1_54?dib=eyJ2IjoiMSJ9.KWlsY3AlJ2mYXPtUnXTL5GoAu6U6QLukCrtv21z3-K7Pv-rw-_XnJswMKWSnt6O5rqoVvfD7lrdw37tDTQe2wG8fHQbDMaByitQHAsMNsD-8d-xXlia0D_6vvlQsusoz41bkaAFFH4mAN_JAfm1GSL73CydYp4qCxjR3t_xZSueMSRaI2QxeRYNYZMGwgvDlmIuOyfMqonf5IayNb84Ht70x1sUTJDbnaEDGv0DGE1Uq4HFYSbGA7VzDbP5yjcneNO4MmAhCLx2xnA3E6bwH95-JclHDPglALE4pHeeed04.7fR43qGeXT7MOavwLcKkeB_y6tcfBdCvYP7PNtgQMQE&dib_tag=se&keywords=drone&qid=1785833407&sr=8-54,https://m.media-amazon.com/images/I/71geyQEyeXL._AC_UL320_.jpg,drone
B07FVZFX73,"DJI Air 3S (RC-N3), 4K Dual-Camera Drone | Drone With Camera 4K, 1″ CMOS Wide-Angle Camera, 60fps HDR Video & 14 Stops of Dynamic Range, 45-Min Max Flight Time",DJI,,,,4.7,220,100+ bought in past month,https://www.amazon.com/DJI-Dual-Camera-Wide-Angle-Dynamic-Transmission/dp/B07FVZFX73/ref=sr_1_53?dib=eyJ2IjoiMSJ9.KWlsY3AlJ2mYXPtUnXTL5GoAu6U6QLukCrtv21z3-K7Pv-rw-_XnJswMKWSnt6O5rqoVvfD7lrdw37tDTQe2wG8fHQbDMaByitQHAsMNsD-8d-xXlia0D_6vvlQsusoz41bkaAFFH4mAN_JAfm1GSL73CydYp4qCxjR3t_xZSueMSRaI2QxeRYNYZMGwgvDlmIuOyfMqonf5IayNb84Ht70x1sUTJDbnaEDGv0DGE1Uq4HFYSbGA7VzDbP5yjcneNO4MmAhCLx2xnA3E6bwH95-JclHDPglALE4pHeeed04.7fR43qGeXT7MOavwLcKkeB_y6tcfBdCvYP7PNtgQMQE&dib_tag=se&keywords=drone&qid=1785833407&sr=8-53,https://m.media-amazon.com/images/I/61ni6ZcBn4L._AC_UL320_.jpg,drone
B0GX2TWYJB,"DJI Avata 2 Drone with Goggles 3 and 3-Battery Fly More Combo, Portable FPV Drone for Adventure, Travel, and Content Creation (CP.FP.00000151.02) + 64GB Card + Sling Backpack + More (22pc Bundle)",DJI,,,,4.2,9,50+ bought in past month,https://www.amazon.com/DJI-3-Battery-Portable-Adventure-CP-FP-00000151-02/dp/B0GX2TWYJB/ref=sr_1_58?dib=eyJ2IjoiMSJ9.KWlsY3AlJ2mYXPtUnXTL5GoAu6U6QLukCrtv21z3-K7Pv-rw-_XnJswMKWSnt6O5rqoVvfD7lrdw37tDTQe2wG8fHQbDMaByitQHAsMNsD-8d-xXlia0D_6vvlQsusoz41bkaAFFH4mAN_JAfm1GSL73CydYp4qCxjR3t_xZSueMSRaI2QxeRYNYZMGwgvDlmIuOyfMqonf5IayNb84Ht70x1sUTJDbnaEDGv0DGE1Uq4HFYSbGA7VzDbP5yjcneNO4MmAhCLx2xnA3E6bwH95-JclHDPglALE4pHeeed04.7fR43qGeXT7MOavwLcKkeB_y6tcfBdCvYP7PNtgQMQE&dib_tag=se&keywords=drone&qid=1785833407&sr=8-58,https://m.media-amazon.com/images/I/81-yRr4oI6L._AC_UL320_.jpg,drone
B0DTHFZFY8,GEPRC Vapor-D5 HD O4 Pro FPV Drone (ELRS 2.4G with GPS),GEPRC,,,$569.99,4.6,18,,https://www.amazon.com/GEPRC-Vapor-D5-Drone-ELRS-2-4G/dp/B0DTHFZFY8/ref=sr_1_55?dib=eyJ2IjoiMSJ9.KWlsY3AlJ2mYXPtUnXTL5GoAu6U6QLukCrtv21z3-K7Pv-rw-_XnJswMKWSnt6O5rqoVvfD7lrdw37tDTQe2wG8fHQbDMaByitQHAsMNsD-8d-xXlia0D_6vvlQsusoz41bkaAFFH4mAN_JAfm1GSL73CydYp4qCxjR3t_xZSueMSRaI2QxeRYNYZMGwgvDlmIuOyfMqonf5IayNb84Ht70x1sUTJDbnaEDGv0DGE1Uq4HFYSbGA7VzDbP5yjcneNO4MmAhCLx2xnA3E6bwH95-JclHDPglALE4pHeeed04.7fR43qGeXT7MOavwLcKkeB_y6tcfBdCvYP7PNtgQMQE&dib_tag=se&keywords=drone&qid=1785833407&sr=8-55,https://m.media-amazon.com/images/I/61-CfFNtffL._AC_UL320_.jpg,drone
B0GKR2YJ65,"DJI Mini 5 Pro Fly More Combo with DJI RC 2, Drone with 4K Video, 36 Mins Flight Time, 3 Batteries Bundle with 12 DJI NY Pouch, 1 year NYC Care Plan and more",DJI,,,,4.8,9,,https://www.amazon.com/DJI-Combo-Flight-Batteries-Bundle/dp/B0GKR2YJ65/ref=sr_1_59?dib=eyJ2IjoiMSJ9.KWlsY3AlJ2mYXPtUnXTL5GoAu6U6QLukCrtv21z3-K7Pv-rw-_XnJswMKWSnt6O5rqoVvfD7lrdw37tDTQe2wG8fHQbDMaByitQHAsMNsD-8d-xXlia0D_6vvlQsusoz41bkaAFFH4mAN_JAfm1GSL73CydYp4qCxjR3t_xZSueMSRaI2QxeRYNYZMGwgvDlmIuOyfMqonf5IayNb84Ht70x1sUTJDbnaEDGv0DGE1Uq4HFYSbGA7VzDbP5yjcneNO4MmAhCLx2xnA3E6bwH95-JclHDPglALE4pHeeed04.7fR43qGeXT7MOavwLcKkeB_y6tcfBdCvYP7PNtgQMQE&dib_tag=se&keywords=drone&qid=1785833407&sr=8-59,https://m.media-amazon.com/images/I/61VXelM35YL._AC_UL320_.jpg,drone
B0G6WRQNQL,"Antigravity A1-360 Drone with Camera 8K, Immersive goggles, Point-to-Fly Motion Control for Adults & Beginners, Obstacle Avoidance, 249g & Foldable, Deep Track, Auto Return, Auto Edit | Camera 8K, Immersive goggles, Point-to-Fly Motion Control, Beginners, Obstacle Avoidance",Antigravity,,,"$1,599.00",4.6,107,,https://www.amazon.com/Antigravity-Immersive-Beginners-Obstacle-Avoidance/dp/B0G6WRQNQL/ref=sr_1_60?dib=eyJ2IjoiMSJ9.KWlsY3AlJ2mYXPtUnXTL5GoAu6U6QLukCrtv21z3-K7Pv-rw-_XnJswMKWSnt6O5rqoVvfD7lrdw37tDTQe2wG8fHQbDMaByitQHAsMNsD-8d-xXlia0D_6vvlQsusoz41bkaAFFH4mAN_JAfm1GSL73CydYp4qCxjR3t_xZSueMSRaI2QxeRYNYZMGwgvDlmIuOyfMqonf5IayNb84Ht70x1sUTJDbnaEDGv0DGE1Uq4HFYSbGA7VzDbP5yjcneNO4MmAhCLx2xnA3E6bwH95-JclHDPglALE4pHeeed04.7fR43qGeXT7MOavwLcKkeB_y6tcfBdCvYP7PNtgQMQE&dib_tag=se&keywords=drone&qid=1785833407&sr=8-60,https://m.media-amazon.com/images/I/51zfYvmA6UL._AC_UL320_.jpg,drone
B0H85F39X9,DJI Mini 3 Fly More Combo with RC Remote 4K HDR Portable Drone Bundle with Sandisk Ultra microSDXC 64GB Memory Card + Deco Gear Drone Landing Pad + Deco Essentials 12 Month Protection Pack,DJI,,,,,,,https://www.amazon.com/DJI-Portable-microSDXC-Essentials-Protection/dp/B0H85F39X9/ref=sr_1_61?dib=eyJ2IjoiMSJ9.KWlsY3AlJ2mYXPtUnXTL5GoAu6U6QLukCrtv21z3-K7Pv-rw-_XnJswMKWSnt6O5rqoVvfD7lrdw37tDTQe2wG8fHQbDMaByitQHAsMNsD-8d-xXlia0D_6vvlQsusoz41bkaAFFH4mAN_JAfm1GSL73CydYp4qCxjR3t_xZSueMSRaI2QxeRYNYZMGwgvDlmIuOyfMqonf5IayNb84Ht70x1sUTJDbnaEDGv0DGE1Uq4HFYSbGA7VzDbP5yjcneNO4MmAhCLx2xnA3E6bwH95-JclHDPglALE4pHeeed04.7fR43qGeXT7MOavwLcKkeB_y6tcfBdCvYP7PNtgQMQE&dib_tag=se&keywords=drone&qid=1785833407&sr=8-61,https://m.media-amazon.com/images/I/61sE0qP+C-L._AC_UL320_.jpg,drone
B08JGX61H7,"DJI Mini 2 Fly More Combo – Ultralight Foldable Drone, 3-Axis Gimbal with 4K Camera, 12MP Photos, 31 Mins Flight Time, OcuSync 2.0 10km HD Video Transmission, QuickShots, Gray (CP.MA.00000306.01)",DJI,,,,4.7,14815,,https://www.amazon.com/DJI-Mini-Fly-More-Combo/dp/B08JGX61H7/ref=sr_1_62?dib=eyJ2IjoiMSJ9.KWlsY3AlJ2mYXPtUnXTL5GoAu6U6QLukCrtv21z3-K7Pv-rw-_XnJswMKWSnt6O5rqoVvfD7lrdw37tDTQe2wG8fHQbDMaByitQHAsMNsD-8d-xXlia0D_6vvlQsusoz41bkaAFFH4mAN_JAfm1GSL73CydYp4qCxjR3t_xZSueMSRaI2QxeRYNYZMGwgvDlmIuOyfMqonf5IayNb84Ht70x1sUTJDbnaEDGv0DGE1Uq4HFYSbGA7VzDbP5yjcneNO4MmAhCLx2xnA3E6bwH95-JclHDPglALE4pHeeed04.7fR43qGeXT7MOavwLcKkeB_y6tcfBdCvYP7PNtgQMQE&dib_tag=se&keywords=drone&qid=1785833407&sr=8-62,https://m.media-amazon.com/images/I/61EGWbxJsUL._AC_UL320_.jpg,drone
B0CT8RZ6PF,"ORDRO 4K Video Camera Camcorder 10X Optical Zoom 30MP 24FPS Vlogging Camera 3.0"" IPS Touch Screen Digital Camera with 32G Memory Card",,,,$159.99,3.7,20,,https://www.amazon.com/sspa/click?ie=UTF8&spc=MTo1NTE3NTU1MzU2NTAxODQ3OjE3ODU4MzM1ODI6c3BfYXRmX25leHQ6MzAwODY5MTA1MDM1MDAyOjowOjo&url=%2FORDRO-Camcorder-Optical-Vlogging-Digital%2Fdp%2FB0CT8RZ6PF%2Fref%3Dsr_1_49_sspa%3Fdib%3DeyJ2IjoiMSJ9.qTTIMxTfffYl5WCagiODk2F8Xm3-IwL8Zz_q5jFMwfezcwVVoBHiuu6CQxgRHktm8UeIpN8LTs9J70vev7RCvw.l02xUO_HqX1H5tD242f18O-vJtTzSNR7ZnKNtwp7-H8%26dib_tag%3Dse%26keywords%3Ddrone%26qid%3D1785833582%26sr%3D8-49-spons%26xpid%3DfI2lm0uQBk0DG%26sp_csd%3Dd2lkZ2V0TmFtZT1zcF9hdGZfbmV4dA%26psc%3D1,https://m.media-amazon.com/images/I/71WmJkDU8bL._AC_UL320_.jpg,drone
B08LGLJBNK,"GardePro E5 Trail Camera (Non-Cellular, Non-WiFi), 48MP Photo & 1296P HD Video, 0.1s Trigger, 100ft No-Glow Night Vision, Motion Activated Wildlife Camera",,,,$45.99,4.2,1112,200+ bought in past month,https://www.amazon.com/sspa/click?ie=UTF8&spc=MTo1NTE3NTU1MzU2NTAxODQ3OjE3ODU4MzM1ODI6c3BfYXRmX25leHQ6MzAxMTYxMjYyOTQxOTAyOjowOjo&url=%2FGardePro-Activated-Detection-Distance-Wildlife%2Fdp%2FB08LGLJBNK%2Fref%3Dsr_1_52_sspa%3Fdib%3DeyJ2IjoiMSJ9.qTTIMxTfffYl5WCagiODk2F8Xm3-IwL8Zz_q5jFMwfezcwVVoBHiuu6CQxgRHktm8UeIpN8LTs9J70vev7RCvw.l02xUO_HqX1H5tD242f18O-vJtTzSNR7ZnKNtwp7-H8%26dib_tag%3Dse%26keywords%3Ddrone%26qid%3D1785833582%26sr%3D8-52-spons%26xpid%3DfI2lm0uQBk0DG%26sp_csd%3Dd2lkZ2V0TmFtZT1zcF9hdGZfbmV4dA%26psc%3D1,https://m.media-amazon.com/images/I/71kU+4RLDrS._AC_UL320_.jpg,drone
B07XG2X54Z,"GIGASTONE 128GB Micro SD Card 2-Pack, A1 V30 4K Video Recording, Compatible with Security Camera, Dash cam, Drone, 95MB/s MicroSDXC Memory Card UHS-I Class 10, with 2 SD Adapter",,,,$64.98,4.6,8830,8K+ bought in past month,https://www.amazon.com/sspa/click?ie=UTF8&spc=MTo1NTE3NTU1MzU2NTAxODQ3OjE3ODU4MzM1ODI6c3BfbXRmOjMwMDc5Njk3ODMwOTYwMjo6MDo6&url=%2FGIGASTONE-Compatible-Security-MicroSDXC-Adapter%2Fdp%2FB07XG2X54Z%2Fref%3Dsr_1_69_sspa%3Fdib%3DeyJ2IjoiMSJ9.sZorxPVVNeNfF-Y0VEPJljIBHCjdqHX1MexPhWHLCg6hU5TT1nAxU83jXreVfJb_Oknfp41VMYyfjqLIjsXEsoiApvssEfC2REqzRml6NHIniE9qBO2Mwkya3jGB2XeOFkVGz8lgE-MvZSDACLSTjGBcVzOusNCxsffpBLev29QCJJ0oB8j7VeBfZC2kky_bQRZelui3RCC4TwCDHphxBxWRBzqtjuD6K9sbh4eArfM3kAsxR5envhtSvIQI9noefkZ9Ahxzwc524nTO569Cjk-byc8NY77WXJCN9BA5HhA.UrL8zU8Af3fJK6MRKCkE0chC2j5-23QckhGnJbp1wjg%26dib_tag%3Dse%26keywords%3Ddrone%26qid%3D1785833582%26sr%3D8-69-spons%26xpid%3DfI2lm0uQBk0DG%26sp_csd%3Dd2lkZ2V0TmFtZT1zcF9tdGY%26psc%3D1,https://m.media-amazon.com/images/I/6135X0P2cML._AC_UL320_.jpg,drone
B0GR598SBS,"【5-Years Data Recovery】 GIGASTONE 128GB Micro SD Card, 4K Video Recording for GoPro, Action Camera, DJI, Drone, Nintendo-Switch, R/W up to 100/50 MB/s MicroSDXC Memory Card UHS-I U3 A2 V30",DJI,,,$54.99,4.4,149,,https://www.amazon.com/sspa/click?ie=UTF8&spc=MTo1NTE3NTU1MzU2NTAxODQ3OjE3ODU4MzM1ODI6c3BfbXRmOjMwMTIwOTU2MTM2NjQwMjo6MDo6&url=%2FRecovery%25E3%2580%2591-GIGASTONE-Recording-Nintendo-Switch-MicroSDXC%2Fdp%2FB0GR598SBS%2Fref%3Dsr_1_70_sspa%3Fdib%3DeyJ2IjoiMSJ9.sZorxPVVNeNfF-Y0VEPJljIBHCjdqHX1MexPhWHLCg6hU5TT1nAxU83jXreVfJb_Oknfp41VMYyfjqLIjsXEsoiApvssEfC2REqzRml6NHIniE9qBO2Mwkya3jGB2XeOFkVGz8lgE-MvZSDACLSTjGBcVzOusNCxsffpBLev29QCJJ0oB8j7VeBfZC2kky_bQRZelui3RCC4TwCDHphxBxWRBzqtjuD6K9sbh4eArfM3kAsxR5envhtSvIQI9noefkZ9Ahxzwc524nTO569Cjk-byc8NY77WXJCN9BA5HhA.UrL8zU8Af3fJK6MRKCkE0chC2j5-23QckhGnJbp1wjg%26dib_tag%3Dse%26keywords%3Ddrone%26qid%3D1785833582%26sr%3D8-70-spons%26xpid%3DfI2lm0uQBk0DG%26sp_csd%3Dd2lkZ2V0TmFtZT1zcF9tdGY%26psc%3D1,https://m.media-amazon.com/images/I/61R+DzU+VKL._AC_UL320_.jpg,drone
B09KXV7FSJ,"【5-Years Data Recovery】 GIGASTONE 1TB Micro SD Card, 4K Camera Pro, R/W up to 150/130 MB/s, 4K Video Recording for GoPro, DJI, Drone, MicroSDXC Memory Card UHS-I U3 A2 V30, with Adapter",DJI,,,$269.99,4.6,519,200+ bought in past month,https://www.amazon.com/sspa/click?ie=UTF8&spc=MTo1NTE3NTU1MzU2NTAxODQ3OjE3ODU4MzM1ODI6c3BfbXRmOjMwMDc4ODY2OTk2MTQwMjo6MDo6&url=%2FRecovery-Gigastone-Recording-Nintendo-Switch-MicroSDXC%2Fdp%2FB09KXV7FSJ%2Fref%3Dsr_1_71_sspa%3Fdib%3DeyJ2IjoiMSJ9.sZorxPVVNeNfF-Y0VEPJljIBHCjdqHX1MexPhWHLCg6hU5TT1nAxU83jXreVfJb_Oknfp41VMYyfjqLIjsXEsoiApvssEfC2REqzRml6NHIniE9qBO2Mwkya3jGB2XeOFkVGz8lgE-MvZSDACLSTjGBcVzOusNCxsffpBLev29QCJJ0oB8j7VeBfZC2kky_bQRZelui3RCC4TwCDHphxBxWRBzqtjuD6K9sbh4eArfM3kAsxR5envhtSvIQI9noefkZ9Ahxzwc524nTO569Cjk-byc8NY77WXJCN9BA5HhA.UrL8zU8Af3fJK6MRKCkE0chC2j5-23QckhGnJbp1wjg%26dib_tag%3Dse%26keywords%3Ddrone%26qid%3D1785833582%26sr%3D8-71-spons%26xpid%3DfI2lm0uQBk0DG%26sp_csd%3Dd2lkZ2V0TmFtZT1zcF9tdGY%26psc%3D1,https://m.media-amazon.com/images/I/61+jDDvA4FL._AC_UL320_.jpg,drone
B0GX271Z3Y,"2 Pack 128GB Micro SD Card with Adapter High Speed Memory Card,C10 A1 TF Card for Camera/Dash Cam/Smartphone/Tablet/Drone（128GB*2",,,,$45.98,4.0,146,,https://www.amazon.com/sspa/click?ie=UTF8&spc=MTo3NjAxMjgzMTAwMjEyNDMyOjE3ODU4MzM3NTY6c3BfYXRmX25leHQ6MzAxMzQ3MTg5NDQ0MjAyOjowOjo&url=%2FAdapter-Memory-Camera-Smartphone-Drone%25EF%25BC%2588128GB%2Fdp%2FB0GX271Z3Y%2Fref%3Dsr_1_98_sspa%3Fdib%3DeyJ2IjoiMSJ9.kTSh5FhB5sCxnr9zCed0WU_UyOZoMy0rnAlH6LA_-WfUZdokCN7w6X4ZOsJSl0iyjN3DtAOb9UtBiLxOrvpF1g.VWZwXeKUQpvFyDA-lOSJYCTMOI8cTgmcttMXBdsJZJI%26dib_tag%3Dse%26keywords%3Ddrone%26qid%3D1785833756%26sr%3D8-98-spons%26xpid%3DfI2lm0uQBk0DG%26sp_csd%3Dd2lkZ2V0TmFtZT1zcF9hdGZfbmV4dA%26psc%3D1,https://m.media-amazon.com/images/I/51SpA2p9+WL._AC_UL320_.jpg,drone
B0DZCBT632,"Hand Operated Flying Toy Drone for Kids, 360° Hands Free Motion Sensors Mini Drone with Cool LED Lights, Easy Indoor Small UFO Toy Flying Ball Drone for 6 7 8 9 10+ Year Old Boys and Girls (Pink)",,,,$22.40,4.3,560,200+ bought in past month,https://www.amazon.com/Operated-Flying-Motion-Sensors-Lights/dp/B0DZCBT632/ref=sr_1_103?dib=eyJ2IjoiMSJ9.kTSh5FhB5sCxnr9zCed0WU_UyOZoMy0rnAlH6LA_-WfUZdokCN7w6X4ZOsJSl0iyjN3DtAOb9UtBiLxOrvpF1g.VWZwXeKUQpvFyDA-lOSJYCTMOI8cTgmcttMXBdsJZJI&dib_tag=se&keywords=drone&qid=1785833756&sr=8-103&xpid=fI2lm0uQBk0DG,https://m.media-amazon.com/images/I/71ZOUTieifL._AC_UL320_.jpg,drone
B0C5T9GZQY,"Contixo Mini GPS Drone With 4K Camera, 25 Mins Flight Brushless Motor, Way Point Orbit Mode, Follow Me RC Drones FPV Foldable Quadcopter For Beginner Adults Teenagers Kids",Contixo,,F28 Pro,$199.99,3.1,28,,https://www.amazon.com/sspa/click?ie=UTF8&spc=MToyNTE5NjQ5MjI0MzY0ODIzOjE3ODU4NDE1Nzg6c3BfYXRmOjMwMTA3MjU0ODUyNzAwMjo6MDo6&url=%2FContixo-F28-Pro-Camera-Drone%2Fdp%2FB0C5T9GZQY%2Fref%3Dsr_1_5_sspa%3Fdib%3DeyJ2IjoiMSJ9.qULum_x3SWyKIMnWaDzOUoeg094yGM0mTD7X6PwzYOeP5eCdF-yR0pI-lJj9VdYZF7ZoOxSkkrKNVJvEiIkeefXN1237gmb7vojYbJ-DnGvhufkkhii4f7DykJJyw-i8NsRdhCPeUjNQVU5aO58qepMkG_1CUAU1uFGshHofhNWp2fgu9So7AY6YMiGjFcZVwIQQB5Lp5WypS-5fH81qnDL5uvw9B9pP8c3tF6AJBgXOZruX-_J2POgP2y9ADtJ9Il79Ws_Zaq2w6eCTdKf64qEC_j-TErCoC7XTL4MzLV8.6PC1Ur0woQuWAoGIxKTybTlZnWyE8OAqvHvW_8LUAQk%26dib_tag%3Dse%26keywords%3Ddrone%2Bbrushless%2Bmotor%26qid%3D1785841578%26sr%3D8-5-spons%26sp_csd%3Dd2lkZ2V0TmFtZT1zcF9hdGY%26psc%3D1,https://m.media-amazon.com/images/I/71kMBm7OddL._AC_UL320_.jpg,drone brushless motor
B0FBRH814N,"Contixo F28A GPS Drone for Adults Foldable, 2K Camera, Brushless Motors, 26 Min Flight Time, FPV Remote Control Drone with Altitude Hold, Return Home, Orbit & Selfie Modes, Carry Case Included",Contixo,,F28A,$159.99,4.2,14,,https://www.amazon.com/sspa/click?ie=UTF8&spc=MToyNTA3MDg1ODIwNzkxNTE5OjE3ODU4NDUwMTU6c3BfYXRmOjMwMTM4NzkwODM5NTQwMjo6MDo6&url=%2FContixo-Foldable-Brushless-Altitude-Included%2Fdp%2FB0FBRH814N%2Fref%3Dsr_1_5_sspa%3Fdib%3DeyJ2IjoiMSJ9.SI1h3-CiQG8DEJ6r8Y7nr7qjz5Q7a0b8DfCmXqc5FVBhWDOsaYICUS0mBi5pqAEvyutBGWiF4EPV0QTuAN7qwoFFp6yN85J1z9A3B8ep0DuiyU_CiKa59YdzSbrndRNELeOHSSP8EmU3BtBNKhB7_yVAeEWp08f3CTMK1ew5XibTjS2xcAsoT5tjIph2mEAQa6OoFOp7Bn3WP0q8Rl48pZ9OAfFhUIVVIwiI3yDSMfEw0-URBR1ydSg4dr5TKx1WePMz70IYmdM7XqmI8PC5MrrgYkX2nb_kKaK4KiWO98w.inGe-lEL_Kcyq0GKOjRMGupHwXpGXMEp-dXNKnb6fTY%26dib_tag%3Dse%26keywords%3Dthermal%2Bimaging%2Bdrone%26qid%3D1785845015%26sr%3D8-5-spons%26sp_csd%3Dd2lkZ2V0TmFtZT1zcF9hdGY%26psc%3D1,https://m.media-amazon.com/images/I/61xRIJHSuqL._AC_UL320_.jpg,thermal imaging drone
B07CPT5TSL,Drone 8520 Motors Coreless CW CCW Motor for DJI Ryze Tello | 2 Pairs Coreless CW CCW Replacement Motor Compatible with DJI Ryze Tello 720P FPV RC Quadcopter,DJI,,,$13.99,4.5,321,,https://www.amazon.com/sspa/click?ie=UTF8&spc=MToyNTE5NjQ5MjI0MzY0ODIzOjE3ODU4NDE1Nzg6c3BfbXRmOjIwMDAzNzA2ODYwMDc5ODo6MDo6&url=%2FRCGEEK-Motors-Coreless-Compatible-Quadcopter%2Fdp%2FB07CPT5TSL%2Fref%3Dsr_1_22_sspa%3Fdib%3DeyJ2IjoiMSJ9.qULum_x3SWyKIMnWaDzOUoeg094yGM0mTD7X6PwzYOeP5eCdF-yR0pI-lJj9VdYZF7ZoOxSkkrKNVJvEiIkeefXN1237gmb7vojYbJ-DnGvhufkkhii4f7DykJJyw-i8NsRdhCPeUjNQVU5aO58qepMkG_1CUAU1uFGshHofhNWp2fgu9So7AY6YMiGjFcZVwIQQB5Lp5WypS-5fH81qnDL5uvw9B9pP8c3tF6AJBgXOZruX-_J2POgP2y9ADtJ9Il79Ws_Zaq2w6eCTdKf64qEC_j-TErCoC7XTL4MzLV8.6PC1Ur0woQuWAoGIxKTybTlZnWyE8OAqvHvW_8LUAQk%26dib_tag%3Dse%26keywords%3Ddrone%2Bbrushless%2Bmotor%26qid%3D1785841578%26sr%3D8-22-spons%26sp_csd%3Dd2lkZ2V0TmFtZT1zcF9tdGY%26psc%3D1,https://m.media-amazon.com/images/I/61nDZt34P4L._AC_UL320_.jpg,drone brushless motor
1636244580,How Drones Fight: How Small Drones are Revolutionizing Warfare,,,,$20.07,4.3,26,,https://www.amazon.com/How-Drones-Fight-Revolutionizing-Warfare/dp/1636244580/ref=sr_1_147?dib=eyJ2IjoiMSJ9.1JJyoUwfXJhduF8-a1pmLraxgn7dY2ZreZsFr1DlWMSeh3O7twwsJD-wPwRQYUjeFQ5W8_NwaqQx3wFyP0uH14brZpjRW2suTb1fUCLhRVVlNqHS1eyVlIjaaYt0GQX_e2a3nC_d-Nb5ZPWMfvTq_G8YZx0NPlh3dWX0KJ9AR9OqpmJqUgiDkGDmOZCdi8mwWYWOvppbFxA2muRFLAhQ1rQQ74Dc-CgiRgJArW7RtEWKS7nrgw55jmHADt6iNRzx7y3jWIDcr8B6sKafR7TA48PcmIkozh2kS1KQsf5TvEs.M9-8z6fGFTEXV5YcBv_5LTtxnqLb1xBRwAlGSuliAXQ&dib_tag=se&keywords=drone&qid=1785833756&sr=8-147&xpid=fI2lm0uQBk0DG,https://m.media-amazon.com/images/I/71nU84fp0aL._AC_UL320_.jpg,drone
B0G3F4WSP7,"DYS 4pcs X2807 1300KV 1700KV FPV Brushless Motor,6S Drone Motor for 7,8Inch FPV Drone Frame Racing Quadcopter Motor Multirotor Drone Motors (X2807 1700KV 4PCS)",Cozyego,,X2807 1700KV 4PCS,$56.98,3.9,5,,https://www.amazon.com/sspa/click?ie=UTF8&spc=MToyNTE5NjQ5MjI0MzY0ODIzOjE3ODU4NDE1Nzg6c3BfYXRmOjMwMTE2MjA4MDMwNDUwMjo6MDo6&url=%2FX2807-1700KV-Quadcopter-Multirotor-4PCS%2Fdp%2FB0G3F4WSP7%2Fref%3Dsr_1_1_sspa%3Fdib%3DeyJ2IjoiMSJ9.qULum_x3SWyKIMnWaDzOUoeg094yGM0mTD7X6PwzYOeP5eCdF-yR0pI-lJj9VdYZF7ZoOxSkkrKNVJvEiIkeefXN1237gmb7vojYbJ-DnGvhufkkhii4f7DykJJyw-i8NsRdhCPeUjNQVU5aO58qepMkG_1CUAU1uFGshHofhNWp2fgu9So7AY6YMiGjFcZVwIQQB5Lp5WypS-5fH81qnDL5uvw9B9pP8c3tF6AJBgXOZruX-_J2POgP2y9ADtJ9Il79Ws_Zaq2w6eCTdKf64qEC_j-TErCoC7XTL4MzLV8.6PC1Ur0woQuWAoGIxKTybTlZnWyE8OAqvHvW_8LUAQk%26dib_tag%3Dse%26keywords%3Ddrone%2Bbrushless%2Bmotor%26qid%3D1785841578%26sr%3D8-1-spons%26sp_csd%3Dd2lkZ2V0TmFtZT1zcF9hdGY%26psc%3D1,https://m.media-amazon.com/images/I/61RfFC81IiL._AC_UL320_.jpg,drone brushless motor
B0G3DZHBKP,"DYS 4pcs X2807 1300KV 1700KV FPV Brushless Motor,6S Drone Motor for 7,8Inch FPV Drone Frame Racing Quadcopter Motor Multirotor Drone Motors (X2807 1300KV 4PCS)",Cozyego,,X2807 1300KV 4PCS,$56.98,4.7,4,,https://www.amazon.com/sspa/click?ie=UTF8&spc=MToyNTE5NjQ5MjI0MzY0ODIzOjE3ODU4NDE1Nzg6c3BfYXRmOjMwMTE2MjA4MDMwNDYwMjo6MDo6&url=%2FX2807-1300KV-Quadcopter-Multirotor-4PCS%2Fdp%2FB0G3DZHBKP%2Fref%3Dsr_1_2_sspa%3Fdib%3DeyJ2IjoiMSJ9.qULum_x3SWyKIMnWaDzOUoeg094yGM0mTD7X6PwzYOeP5eCdF-yR0pI-lJj9VdYZF7ZoOxSkkrKNVJvEiIkeefXN1237gmb7vojYbJ-DnGvhufkkhii4f7DykJJyw-i8NsRdhCPeUjNQVU5aO58qepMkG_1CUAU1uFGshHofhNWp2fgu9So7AY6YMiGjFcZVwIQQB5Lp5WypS-5fH81qnDL5uvw9B9pP8c3tF6AJBgXOZruX-_J2POgP2y9ADtJ9Il79Ws_Zaq2w6eCTdKf64qEC_j-TErCoC7XTL4MzLV8.6PC1Ur0woQuWAoGIxKTybTlZnWyE8OAqvHvW_8LUAQk%26dib_tag%3Dse%26keywords%3Ddrone%2Bbrushless%2Bmotor%26qid%3D1785841578%26sr%3D8-2-spons%26sp_csd%3Dd2lkZ2V0TmFtZT1zcF9hdGY%26psc%3D1,https://m.media-amazon.com/images/I/61Cl7ghM34L._AC_UL320_.jpg,drone brushless motor
B0G3F2GZSR,"DYS 4pcs X2812 900KV Drone Brushless Motor,6S FPV Motor for 7,8Inch FPV Drone Frame Racing Power Motor,FPV Drone Motor, Quadcopter Motor,Multirotor Drone Motors",Cozyego,,X2812 900KV 4PCS,$55.98,5.0,1,,https://www.amazon.com/sspa/click?ie=UTF8&spc=MToyNTE5NjQ5MjI0MzY0ODIzOjE3ODU4NDE1Nzg6c3BfYXRmOjMwMTE2MjA4MDMwNDcwMjo6MDo6&url=%2FX2812-900KV-Brushless-Quadcopter-Multirotor%2Fdp%2FB0G3F2GZSR%2Fref%3Dsr_1_3_sspa%3Fdib%3DeyJ2IjoiMSJ9.qULum_x3SWyKIMnWaDzOUoeg094yGM0mTD7X6PwzYOeP5eCdF-yR0pI-lJj9VdYZF7ZoOxSkkrKNVJvEiIkeefXN1237gmb7vojYbJ-DnGvhufkkhii4f7DykJJyw-i8NsRdhCPeUjNQVU5aO58qepMkG_1CUAU1uFGshHofhNWp2fgu9So7AY6YMiGjFcZVwIQQB5Lp5WypS-5fH81qnDL5uvw9B9pP8c3tF6AJBgXOZruX-_J2POgP2y9ADtJ9Il79Ws_Zaq2w6eCTdKf64qEC_j-TErCoC7XTL4MzLV8.6PC1Ur0woQuWAoGIxKTybTlZnWyE8OAqvHvW_8LUAQk%26dib_tag%3Dse%26keywords%3Ddrone%2Bbrushless%2Bmotor%26qid%3D1785841578%26sr%3D8-3-spons%26sp_csd%3Dd2lkZ2V0TmFtZT1zcF9hdGY%26psc%3D1,https://m.media-amazon.com/images/I/71jcTfsr-yL._AC_UL320_.jpg,drone brushless motor
B0G3FBRBP4,"DYS 4pcs X3115 900KV Drone Brushless Motor,6S FPV Motor for 8,9,10inch Freestyle Long Range FPV Drone,FPV Racing Quadcopter Motor,Multirotor Drone Motors",Cozyego,,X3115 900KV 4PCS,$74.99,5.0,4,,https://www.amazon.com/sspa/click?ie=UTF8&spc=MToyNTE5NjQ5MjI0MzY0ODIzOjE3ODU4NDE1Nzg6c3BfYXRmOjMwMTE2MjA4MDMwNDQwMjo6MDo6&url=%2FX3115-900KV-Brushless-Quadcopter-Multirotor%2Fdp%2FB0G3FBRBP4%2Fref%3Dsr_1_4_sspa%3Fdib%3DeyJ2IjoiMSJ9.qULum_x3SWyKIMnWaDzOUoeg094yGM0mTD7X6PwzYOeP5eCdF-yR0pI-lJj9VdYZF7ZoOxSkkrKNVJvEiIkeefXN1237gmb7vojYbJ-DnGvhufkkhii4f7DykJJyw-i8NsRdhCPeUjNQVU5aO58qepMkG_1CUAU1uFGshHofhNWp2fgu9So7AY6YMiGjFcZVwIQQB5Lp5WypS-5fH81qnDL5uvw9B9pP8c3tF6AJBgXOZruX-_J2POgP2y9ADtJ9Il79Ws_Zaq2w6eCTdKf64qEC_j-TErCoC7XTL4MzLV8.6PC1Ur0woQuWAoGIxKTybTlZnWyE8OAqvHvW_8LUAQk%26dib_tag%3Dse%26keywords%3Ddrone%2Bbrushless%2Bmotor%26qid%3D1785841578%26sr%3D8-4-spons%26sp_csd%3Dd2lkZ2V0TmFtZT1zcF9hdGY%26psc%3D1,https://m.media-amazon.com/images/I/61aPQ9wlJ-L._AC_UL320_.jpg,drone brushless motor
B082W2HS3R,MAD Crimson XC5500 6-8S 505KV 635KV Brushless Motor for X-Class FPV Multirotor RC DIY Hobby Quadcopter hexacopter (635KV),MAD COMPONENTS,,XC5500 635KV,$92.99,,,,https://www.amazon.com/sspa/click?ie=UTF8&spc=MToyNTE5NjQ5MjI0MzY0ODIzOjE3ODU4NDE1Nzg6c3BfbXRmOjMwMDc3MTM1MjkyOTEwMjo6MDo6&url=%2FMAD-Crimson-XC5500-635KV-brushless%2Fdp%2FB082W2HS3R%2Fref%3Dsr_1_6_sspa%3Fdib%3DeyJ2IjoiMSJ9.qULum_x3SWyKIMnWaDzOUoeg094yGM0mTD7X6PwzYOeP5eCdF-yR0pI-lJj9VdYZF7ZoOxSkkrKNVJvEiIkeefXN1237gmb7vojYbJ-DnGvhufkkhii4f7DykJJyw-i8NsRdhCPeUjNQVU5aO58qepMkG_1CUAU1uFGshHofhNWp2fgu9So7AY6YMiGjFcZVwIQQB5Lp5WypS-5fH81qnDL5uvw9B9pP8c3tF6AJBgXOZruX-_J2POgP2y9ADtJ9Il79Ws_Zaq2w6eCTdKf64qEC_j-TErCoC7XTL4MzLV8.6PC1Ur0woQuWAoGIxKTybTlZnWyE8OAqvHvW_8LUAQk%26dib_tag%3Dse%26keywords%3Ddrone%2Bbrushless%2Bmotor%26qid%3D1785841578%26sr%3D8-6-spons%26sp_csd%3Dd2lkZ2V0TmFtZT1zcF9tdGY%26psc%3D1,https://m.media-amazon.com/images/I/41OSLTPNaFL._AC_UL320_.jpg,drone brushless motor
B0DF7CJL6D,"Drone with Camera for Kids Adults, Brushless RC Drone with Anti-Lost Alarm | One Key Takeoff/Landing, Propeller Guards, Voice Control, Foldable Design, Beginner Friendly Gift for Kids and Boys",PLEGBLE,,PL-516,$42.99,4.2,490,,https://www.amazon.com/PLEGBLE-Brushless-Propeller-Beginners-Anti-Lost/dp/B0DF7CJL6D/ref=sr_1_11?dib=eyJ2IjoiMSJ9.qULum_x3SWyKIMnWaDzOUoeg094yGM0mTD7X6PwzYOeP5eCdF-yR0pI-lJj9VdYZF7ZoOxSkkrKNVJvEiIkeefXN1237gmb7vojYbJ-DnGvhufkkhii4f7DykJJyw-i8NsRdhCPeUjNQVU5aO58qepMkG_1CUAU1uFGshHofhNWp2fgu9So7AY6YMiGjFcZVwIQQB5Lp5WypS-5fH81qnDL5uvw9B9pP8c3tF6AJBgXOZruX-_J2POgP2y9ADtJ9Il79Ws_Zaq2w6eCTdKf64qEC_j-TErCoC7XTL4MzLV8.6PC1Ur0woQuWAoGIxKTybTlZnWyE8OAqvHvW_8LUAQk&dib_tag=se&keywords=drone+brushless+motor&qid=1785841578&sr=8-11,https://m.media-amazon.com/images/I/81PfC1VxSkL._AC_UL320_.jpg,drone brushless motor
B086JS5ZS9,MAD 8112 IPE 100KV V1.0 Silver MAD COMPONENTS Drone brushless Motor Multirotor Quadcopter Hexrcopter RC DIY Hobby,MAD COMPONENTS,,8112 IPE Silver 100KV,$227.99,,,,https://www.amazon.com/sspa/click?ie=UTF8&spc=MToyNTE5NjQ5MjI0MzY0ODIzOjE3ODU4NDE1Nzg6c3BfbXRmOjMwMTE4MjM4NjI4OTQwMjo6MDo6&url=%2F8112-IPE-100KV-Silver-COMPONENTS%2Fdp%2FB086JS5ZS9%2Fref%3Dsr_1_12_sspa%3Fdib%3DeyJ2IjoiMSJ9.qULum_x3SWyKIMnWaDzOUoeg094yGM0mTD7X6PwzYOeP5eCdF-yR0pI-lJj9VdYZF7ZoOxSkkrKNVJvEiIkeefXN1237gmb7vojYbJ-DnGvhufkkhii4f7DykJJyw-i8NsRdhCPeUjNQVU5aO58qepMkG_1CUAU1uFGshHofhNWp2fgu9So7AY6YMiGjFcZVwIQQB5Lp5WypS-5fH81qnDL5uvw9B9pP8c3tF6AJBgXOZruX-_J2POgP2y9ADtJ9Il79Ws_Zaq2w6eCTdKf64qEC_j-TErCoC7XTL4MzLV8.6PC1Ur0woQuWAoGIxKTybTlZnWyE8OAqvHvW_8LUAQk%26dib_tag%3Dse%26keywords%3Ddrone%2Bbrushless%2Bmotor%26qid%3D1785841578%26sr%3D8-12-spons%26sp_csd%3Dd2lkZ2V0TmFtZT1zcF9tdGY%26psc%3D1,https://m.media-amazon.com/images/I/51BmJisK+pL._AC_UL320_.jpg,drone brushless motor
B0FBGFMNNY,"JeeFly 5010 750KV Brushless Motor for Drone, High Torque with 330mm Cables, Compatible with 3-6S LiPo for 11-13 Inch propellers, Long Range Freestyle & Heavy Lift Multirotor (Quad/Hex/Octo)",JeeFly,,Brushless Motor,$24.99,5.0,1,,https://www.amazon.com/sspa/click?ie=UTF8&spc=MToyNTE5NjQ5MjI0MzY0ODIzOjE3ODU4NDE1Nzg6c3BfbXRmOjMwMTMzMzUxNzg4NjkwMjo6MDo6&url=%2FJeeFly-Brushless-10-13inch-Compatible-Freestyle%2Fdp%2FB0FBGFMNNY%2Fref%3Dsr_1_13_sspa%3Fdib%3DeyJ2IjoiMSJ9.qULum_x3SWyKIMnWaDzOUoeg094yGM0mTD7X6PwzYOeP5eCdF-yR0pI-lJj9VdYZF7ZoOxSkkrKNVJvEiIkeefXN1237gmb7vojYbJ-DnGvhufkkhii4f7DykJJyw-i8NsRdhCPeUjNQVU5aO58qepMkG_1CUAU1uFGshHofhNWp2fgu9So7AY6YMiGjFcZVwIQQB5Lp5WypS-5fH81qnDL5uvw9B9pP8c3tF6AJBgXOZruX-_J2POgP2y9ADtJ9Il79Ws_Zaq2w6eCTdKf64qEC_j-TErCoC7XTL4MzLV8.6PC1Ur0woQuWAoGIxKTybTlZnWyE8OAqvHvW_8LUAQk%26dib_tag%3Dse%26keywords%3Ddrone%2Bbrushless%2Bmotor%26qid%3D1785841578%26sr%3D8-13-spons%26sp_csd%3Dd2lkZ2V0TmFtZT1zcF9tdGY%26psc%3D1,https://m.media-amazon.com/images/I/41cT7GG8QJL._AC_UL320_.jpg,drone brushless motor
B0GS5VTBF4,"BETAFPV Air65 II Brushless Whoop Quadcopter Ultralight for FPV Freestyle | Ultralight Weight 1S FPV Drone with Matrix 1S 5IN1 II FC, 0702 25000KV Motor, 1219S 3-B Prop, C03 Camera, Air II Canopy&Frame",BETAFPV,,Air65 II,$115.99,5.0,4,,https://www.amazon.com/sspa/click?ie=UTF8&spc=MToyNTE5NjQ5MjI0MzY0ODIzOjE3ODU4NDE1Nzg6c3BfbXRmOjMwMTI3MTcxMjIzOTMwMjo6MDo6&url=%2FBETAFPV-Brushless-Quadcopter-Ultralight-Freestyle%2Fdp%2FB0GS5VTBF4%2Fref%3Dsr_1_14_sspa%3Fdib%3DeyJ2IjoiMSJ9.qULum_x3SWyKIMnWaDzOUoeg094yGM0mTD7X6PwzYOeP5eCdF-yR0pI-lJj9VdYZF7ZoOxSkkrKNVJvEiIkeefXN1237gmb7vojYbJ-DnGvhufkkhii4f7DykJJyw-i8NsRdhCPeUjNQVU5aO58qepMkG_1CUAU1uFGshHofhNWp2fgu9So7AY6YMiGjFcZVwIQQB5Lp5WypS-5fH81qnDL5uvw9B9pP8c3tF6AJBgXOZruX-_J2POgP2y9ADtJ9Il79Ws_Zaq2w6eCTdKf64qEC_j-TErCoC7XTL4MzLV8.6PC1Ur0woQuWAoGIxKTybTlZnWyE8OAqvHvW_8LUAQk%26dib_tag%3Dse%26keywords%3Ddrone%2Bbrushless%2Bmotor%26qid%3D1785841578%26sr%3D8-14-spons%26sp_csd%3Dd2lkZ2V0TmFtZT1zcF9tdGY%26psc%3D1,https://m.media-amazon.com/images/I/61JCyRgNtzL._AC_UL320_.jpg,drone brushless motor
B0DP8SXJHD,4pcs BAT S Series 2810 1180KV Brushless Motor for QAV FPV Racing Freestyle Flying Drone Quadcopter Motor (S2806.5),FriHobby,,BAT S Series RC Quadcopter Motor,$65.92,,,,https://www.amazon.com/sspa/click?ie=UTF8&spc=MToyNTE5NjQ5MjI0MzY0ODIzOjE3ODU4NDE1Nzg6c3BfbXRmOjMwMDYzNzc2MjI4NDAwMjo6MDo6&url=%2FFriHobby-Brushless-Freestyle-Quadcopter-S2806-5%2Fdp%2FB0DP8SXJHD%2Fref%3Dsr_1_15_sspa%3Fdib%3DeyJ2IjoiMSJ9.qULum_x3SWyKIMnWaDzOUoeg094yGM0mTD7X6PwzYOeP5eCdF-yR0pI-lJj9VdYZF7ZoOxSkkrKNVJvEiIkeefXN1237gmb7vojYbJ-DnGvhufkkhii4f7DykJJyw-i8NsRdhCPeUjNQVU5aO58qepMkG_1CUAU1uFGshHofhNWp2fgu9So7AY6YMiGjFcZVwIQQB5Lp5WypS-5fH81qnDL5uvw9B9pP8c3tF6AJBgXOZruX-_J2POgP2y9ADtJ9Il79Ws_Zaq2w6eCTdKf64qEC_j-TErCoC7XTL4MzLV8.6PC1Ur0woQuWAoGIxKTybTlZnWyE8OAqvHvW_8LUAQk%26dib_tag%3Dse%26keywords%3Ddrone%2Bbrushless%2Bmotor%26qid%3D1785841578%26sr%3D8-15-spons%26sp_csd%3Dd2lkZ2V0TmFtZT1zcF9tdGY%26psc%3D1,https://m.media-amazon.com/images/I/61+M2zKRa6L._AC_UL320_.jpg,drone brushless motor
B0BW5H7Y8Q,Brushless Motor Kit with 3.5mm Connector 2212 920KV CW 30A Brushless ESC Propeller for F450 F550 S550 F550 Helicopter Quadcopter,havcybin,,f550,$55.99,4.1,25,50+ bought in past month,https://www.amazon.com/Brushless-Connector-Propeller-Helicopter-Quadcopter/dp/B0BW5H7Y8Q/ref=sr_1_17?dib=eyJ2IjoiMSJ9.qULum_x3SWyKIMnWaDzOUoeg094yGM0mTD7X6PwzYOeP5eCdF-yR0pI-lJj9VdYZF7ZoOxSkkrKNVJvEiIkeefXN1237gmb7vojYbJ-DnGvhufkkhii4f7DykJJyw-i8NsRdhCPeUjNQVU5aO58qepMkG_1CUAU1uFGshHofhNWp2fgu9So7AY6YMiGjFcZVwIQQB5Lp5WypS-5fH81qnDL5uvw9B9pP8c3tF6AJBgXOZruX-_J2POgP2y9ADtJ9Il79Ws_Zaq2w6eCTdKf64qEC_j-TErCoC7XTL4MzLV8.6PC1Ur0woQuWAoGIxKTybTlZnWyE8OAqvHvW_8LUAQk&dib_tag=se&keywords=drone+brushless+motor&qid=1785841578&sr=8-17,https://m.media-amazon.com/images/I/71NdcbyqlzL._AC_UL320_.jpg,drone brushless motor
B075DD16LK,2212 920KV Brushless Motors CW CCW for F330 F450 F550 S500 S550 X525 DJI Phantom Quadcopter(4PCS),Readytosky,SkywalkerRC,"f450,f550",$39.99,4.3,251,50+ bought in past month,https://www.amazon.com/Readytosky-Brushless-Motors-Phantom-Quadcopter/dp/B075DD16LK/ref=sr_1_18?dib=eyJ2IjoiMSJ9.qULum_x3SWyKIMnWaDzOUoeg094yGM0mTD7X6PwzYOeP5eCdF-yR0pI-lJj9VdYZF7ZoOxSkkrKNVJvEiIkeefXN1237gmb7vojYbJ-DnGvhufkkhii4f7DykJJyw-i8NsRdhCPeUjNQVU5aO58qepMkG_1CUAU1uFGshHofhNWp2fgu9So7AY6YMiGjFcZVwIQQB5Lp5WypS-5fH81qnDL5uvw9B9pP8c3tF6AJBgXOZruX-_J2POgP2y9ADtJ9Il79Ws_Zaq2w6eCTdKf64qEC_j-TErCoC7XTL4MzLV8.6PC1Ur0woQuWAoGIxKTybTlZnWyE8OAqvHvW_8LUAQk&dib_tag=se&keywords=drone+brushless+motor&qid=1785841578&sr=8-18,https://m.media-amazon.com/images/I/71SCbzy0noL._AC_UL320_.jpg,drone brushless motor
B0DCHTTM7N,MAD 8112 IPE 100KV Brushless Electric Motor for RC Multicopter Drone (Black),MAD COMPONENTS,,MAD 8112 IPE 100KV,$227.99,,,,https://www.amazon.com/sspa/click?ie=UTF8&spc=MToyNTE5NjQ5MjI0MzY0ODIzOjE3ODU4NDE1Nzg6c3BfbXRmOjMwMTE4NTE4NjI5MzcwMjo6MDo6&url=%2FMAD-100KV-Brushless-Electric-Multicopter%2Fdp%2FB0DCHTTM7N%2Fref%3Dsr_1_20_sspa%3Fdib%3DeyJ2IjoiMSJ9.qULum_x3SWyKIMnWaDzOUoeg094yGM0mTD7X6PwzYOeP5eCdF-yR0pI-lJj9VdYZF7ZoOxSkkrKNVJvEiIkeefXN1237gmb7vojYbJ-DnGvhufkkhii4f7DykJJyw-i8NsRdhCPeUjNQVU5aO58qepMkG_1CUAU1uFGshHofhNWp2fgu9So7AY6YMiGjFcZVwIQQB5Lp5WypS-5fH81qnDL5uvw9B9pP8c3tF6AJBgXOZruX-_J2POgP2y9ADtJ9Il79Ws_Zaq2w6eCTdKf64qEC_j-TErCoC7XTL4MzLV8.6PC1Ur0woQuWAoGIxKTybTlZnWyE8OAqvHvW_8LUAQk%26dib_tag%3Dse%26keywords%3Ddrone%2Bbrushless%2Bmotor%26qid%3D1785841578%26sr%3D8-20-spons%26sp_csd%3Dd2lkZ2V0TmFtZT1zcF9tdGY%26psc%3D1,https://m.media-amazon.com/images/I/418CbqpuRiL._AC_UL320_.jpg,drone brushless motor
B0DQSLQH87,"AERO SELFIE 30A 4 in1 Brushless ESC for Drones, with PWM, DSHOT, ONESHOT Support, 6V-18V Input, Lightweight as 5.4g with Stalling Protection, High-Efficiency for UAVs",,,,$28.90,3.3,9,,https://www.amazon.com/sspa/click?ie=UTF8&spc=MToyNTE5NjQ5MjI0MzY0ODIzOjE3ODU4NDE1Nzg6c3BfbXRmOjMwMDcxMTkzNzYzNDIwMjo6MDo6&url=%2FAERO-SELFIE-Lightweight-Protection-High-Efficiency%2Fdp%2FB0DQSLQH87%2Fref%3Dsr_1_21_sspa%3Fdib%3DeyJ2IjoiMSJ9.qULum_x3SWyKIMnWaDzOUoeg094yGM0mTD7X6PwzYOeP5eCdF-yR0pI-lJj9VdYZF7ZoOxSkkrKNVJvEiIkeefXN1237gmb7vojYbJ-DnGvhufkkhii4f7DykJJyw-i8NsRdhCPeUjNQVU5aO58qepMkG_1CUAU1uFGshHofhNWp2fgu9So7AY6YMiGjFcZVwIQQB5Lp5WypS-5fH81qnDL5uvw9B9pP8c3tF6AJBgXOZruX-_J2POgP2y9ADtJ9Il79Ws_Zaq2w6eCTdKf64qEC_j-TErCoC7XTL4MzLV8.6PC1Ur0woQuWAoGIxKTybTlZnWyE8OAqvHvW_8LUAQk%26dib_tag%3Dse%26keywords%3Ddrone%2Bbrushless%2Bmotor%26qid%3D1785841578%26sr%3D8-21-spons%26sp_csd%3Dd2lkZ2V0TmFtZT1zcF9tdGY%26psc%3D1,https://m.media-amazon.com/images/I/61e7aTAK70L._AC_UL320_.jpg,drone brushless motor
B09L4XFNL2,"50mm EDF 4900KV 3S Maximum thrust770g,Brushless Motor, Applicable to RC Jet Aircraft",,,,$32.70,4.2,59,,https://www.amazon.com/sspa/click?ie=UTF8&spc=MToyNTE5NjQ5MjI0MzY0ODIzOjE3ODU4NDE1Nzg6c3BfbXRmOjIwMDAyMTQwODEzMjA5ODo6MDo6&url=%2FMaximum-thrust770g-Brushless-Applicable-Aircraft%2Fdp%2FB09L4XFNL2%2Fref%3Dsr_1_23_sspa%3Fdib%3DeyJ2IjoiMSJ9.qULum_x3SWyKIMnWaDzOUoeg094yGM0mTD7X6PwzYOeP5eCdF-yR0pI-lJj9VdYZF7ZoOxSkkrKNVJvEiIkeefXN1237gmb7vojYbJ-DnGvhufkkhii4f7DykJJyw-i8NsRdhCPeUjNQVU5aO58qepMkG_1CUAU1uFGshHofhNWp2fgu9So7AY6YMiGjFcZVwIQQB5Lp5WypS-5fH81qnDL5uvw9B9pP8c3tF6AJBgXOZruX-_J2POgP2y9ADtJ9Il79Ws_Zaq2w6eCTdKf64qEC_j-TErCoC7XTL4MzLV8.6PC1Ur0woQuWAoGIxKTybTlZnWyE8OAqvHvW_8LUAQk%26dib_tag%3Dse%26keywords%3Ddrone%2Bbrushless%2Bmotor%26qid%3D1785841578%26sr%3D8-23-spons%26sp_csd%3Dd2lkZ2V0TmFtZT1zcF9tdGY%26psc%3D1,https://m.media-amazon.com/images/I/61Af7c8rzVL._AC_UL320_.jpg,drone brushless motor
B07ZCL45RR,"MT2204 2300KV Brushless Motor 2-3S, 4PCS | For RC QAV210 250 280 FPV Racing Drone Quadcopters",,,,$30.99,4.3,94,,https://www.amazon.com/Readytosky-MT2204-2300KV-Brushless-Quadcopters/dp/B07ZCL45RR/ref=sr_1_25?dib=eyJ2IjoiMSJ9.qULum_x3SWyKIMnWaDzOUoeg094yGM0mTD7X6PwzYOeP5eCdF-yR0pI-lJj9VdYZF7ZoOxSkkrKNVJvEiIkeefXN1237gmb7vojYbJ-DnGvhufkkhii4f7DykJJyw-i8NsRdhCPeUjNQVU5aO58qepMkG_1CUAU1uFGshHofhNWp2fgu9So7AY6YMiGjFcZVwIQQB5Lp5WypS-5fH81qnDL5uvw9B9pP8c3tF6AJBgXOZruX-_J2POgP2y9ADtJ9Il79Ws_Zaq2w6eCTdKf64qEC_j-TErCoC7XTL4MzLV8.6PC1Ur0woQuWAoGIxKTybTlZnWyE8OAqvHvW_8LUAQk&dib_tag=se&keywords=drone+brushless+motor&qid=1785841578&sr=8-25,https://m.media-amazon.com/images/I/510M8-2-IVL._AC_UL320_.jpg,drone brushless motor
B0FVGKWC4R,"Pro Max 10010-95KV Brushless Multi-rotor UAV Electric 10-14s Motor For 34-36inch Props and Heavy Lift with 19kg(42.2 lbs) Thrust For FPV Large Drone,RC Plane,Airplane,Quadcopter,Hexcopters,Octocopters",,,,$269.99,,,,https://www.amazon.com/Multi-rotor-UAV-Motor-Drone-Octocopters/dp/B0FVGKWC4R/ref=sr_1_27?dib=eyJ2IjoiMSJ9.qULum_x3SWyKIMnWaDzOUoeg094yGM0mTD7X6PwzYOeP5eCdF-yR0pI-lJj9VdYZF7ZoOxSkkrKNVJvEiIkeefXN1237gmb7vojYbJ-DnGvhufkkhii4f7DykJJyw-i8NsRdhCPeUjNQVU5aO58qepMkG_1CUAU1uFGshHofhNWp2fgu9So7AY6YMiGjFcZVwIQQB5Lp5WypS-5fH81qnDL5uvw9B9pP8c3tF6AJBgXOZruX-_J2POgP2y9ADtJ9Il79Ws_Zaq2w6eCTdKf64qEC_j-TErCoC7XTL4MzLV8.6PC1Ur0woQuWAoGIxKTybTlZnWyE8OAqvHvW_8LUAQk&dib_tag=se&keywords=drone+brushless+motor&qid=1785841578&sr=8-27,https://m.media-amazon.com/images/I/51dSPNATGxL._AC_UL320_.jpg,drone brushless motor
B0D4QRDQCW,"High Performance 1000KV 270W Brushless N2830 Motor for RC Drone Quadcopter | Metal Construction, ESC 20A | 9x4.5 10x6 10x5 Props, Fits 2-4S Li-po Battery",,,,$21.99,,,,https://www.amazon.com/Luzhengyang-Performance-Brushless-Quadcopter-Construction/dp/B0D4QRDQCW/ref=sr_1_28?dib=eyJ2IjoiMSJ9.qULum_x3SWyKIMnWaDzOUoeg094yGM0mTD7X6PwzYOeP5eCdF-yR0pI-lJj9VdYZF7ZoOxSkkrKNVJvEiIkeefXN1237gmb7vojYbJ-DnGvhufkkhii4f7DykJJyw-i8NsRdhCPeUjNQVU5aO58qepMkG_1CUAU1uFGshHofhNWp2fgu9So7AY6YMiGjFcZVwIQQB5Lp5WypS-5fH81qnDL5uvw9B9pP8c3tF6AJBgXOZruX-_J2POgP2y9ADtJ9Il79Ws_Zaq2w6eCTdKf64qEC_j-TErCoC7XTL4MzLV8.6PC1Ur0woQuWAoGIxKTybTlZnWyE8OAqvHvW_8LUAQk&dib_tag=se&keywords=drone+brushless+motor&qid=1785841578&sr=8-28,https://m.media-amazon.com/images/I/51iAOIdBlhL._AC_UL320_.jpg,drone brushless motor
B08GQ6JB6D,"MAD 5015 IPE V3.0 320KV Brushless Motor, 6-12S Lipo Battery, 17-22 inch Propeller Drone Motor for Multirotor Quadcopter Drones RC Plane",,,,$107.99,,,,https://www.amazon.com/MAD-COMPONENTS-Multirotor-Quadcopter-Hexrcopter/dp/B08GQ6JB6D/ref=sr_1_30?dib=eyJ2IjoiMSJ9.qULum_x3SWyKIMnWaDzOUoeg094yGM0mTD7X6PwzYOeP5eCdF-yR0pI-lJj9VdYZF7ZoOxSkkrKNVJvEiIkeefXN1237gmb7vojYbJ-DnGvhufkkhii4f7DykJJyw-i8NsRdhCPeUjNQVU5aO58qepMkG_1CUAU1uFGshHofhNWp2fgu9So7AY6YMiGjFcZVwIQQB5Lp5WypS-5fH81qnDL5uvw9B9pP8c3tF6AJBgXOZruX-_J2POgP2y9ADtJ9Il79Ws_Zaq2w6eCTdKf64qEC_j-TErCoC7XTL4MzLV8.6PC1Ur0woQuWAoGIxKTybTlZnWyE8OAqvHvW_8LUAQk&dib_tag=se&keywords=drone+brushless+motor&qid=1785841578&sr=8-30,https://m.media-amazon.com/images/I/41Xo9tOH7IL._AC_UL320_.jpg,drone brushless motor
B0DYGGX1S6,"RC Plane Motor, Drone Motors Brushless Motor RC Electric Motor 4PCS 1503 Airplane Brushless Motor for 4 Axes Remote Control Airplanes",,,,$15.69,5.0,7,,https://www.amazon.com/Brushless-Electric-Airplane-Control-Airplanes/dp/B0DYGGX1S6/ref=sr_1_33?dib=eyJ2IjoiMSJ9.qULum_x3SWyKIMnWaDzOUoeg094yGM0mTD7X6PwzYOeP5eCdF-yR0pI-lJj9VdYZF7ZoOxSkkrKNVJvEiIkeefXN1237gmb7vojYbJ-DnGvhufkkhii4f7DykJJyw-i8NsRdhCPeUjNQVU5aO58qepMkG_1CUAU1uFGshHofhNWp2fgu9So7AY6YMiGjFcZVwIQQB5Lp5WypS-5fH81qnDL5uvw9B9pP8c3tF6AJBgXOZruX-_J2POgP2y9ADtJ9Il79Ws_Zaq2w6eCTdKf64qEC_j-TErCoC7XTL4MzLV8.6PC1Ur0woQuWAoGIxKTybTlZnWyE8OAqvHvW_8LUAQk&dib_tag=se&keywords=drone+brushless+motor&qid=1785841578&sr=8-33,https://m.media-amazon.com/images/I/61sea7t2YPL._AC_UL320_.jpg,drone brushless motor
B0GS5PKXY8,"BETAFPV Air75 II Brushless Whoop Quadcopter Ultralight for FPV Drone Racing | 1S Ultra-Lightweight Drone, with Matrix 5IN1 II FC, 0802 25000KV Brushless Motor, 1614-3B Prop, C03 Camera Air II Canopy",BetaFPV,,,$115.99,,,,https://www.amazon.com/BETAFPV-Brushless-Quadcopter-Ultralight-Racing/dp/B0GS5PKXY8/ref=sr_1_34?dib=eyJ2IjoiMSJ9.qULum_x3SWyKIMnWaDzOUoeg094yGM0mTD7X6PwzYOeP5eCdF-yR0pI-lJj9VdYZF7ZoOxSkkrKNVJvEiIkeefXN1237gmb7vojYbJ-DnGvhufkkhii4f7DykJJyw-i8NsRdhCPeUjNQVU5aO58qepMkG_1CUAU1uFGshHofhNWp2fgu9So7AY6YMiGjFcZVwIQQB5Lp5WypS-5fH81qnDL5uvw9B9pP8c3tF6AJBgXOZruX-_J2POgP2y9ADtJ9Il79Ws_Zaq2w6eCTdKf64qEC_j-TErCoC7XTL4MzLV8.6PC1Ur0woQuWAoGIxKTybTlZnWyE8OAqvHvW_8LUAQk&dib_tag=se&keywords=drone+brushless+motor&qid=1785841578&sr=8-34,https://m.media-amazon.com/images/I/61EL74rE7BL._AC_UL320_.jpg,drone brushless motor
B07FN64599,BETAFPV 4pcs 1103 11000KV Brushless Motors FPV 2S Motor RC for 2S Lipo Battery 2S Frame Beta75X Whoop Drone,BetaFPV,,,$43.99,4.0,168,50+ bought in past month,https://www.amazon.com/BETAFPV-11000KV-Brushless-Battery-Beta75X/dp/B07FN64599/ref=sr_1_36?dib=eyJ2IjoiMSJ9.qULum_x3SWyKIMnWaDzOUoeg094yGM0mTD7X6PwzYOeP5eCdF-yR0pI-lJj9VdYZF7ZoOxSkkrKNVJvEiIkeefXN1237gmb7vojYbJ-DnGvhufkkhii4f7DykJJyw-i8NsRdhCPeUjNQVU5aO58qepMkG_1CUAU1uFGshHofhNWp2fgu9So7AY6YMiGjFcZVwIQQB5Lp5WypS-5fH81qnDL5uvw9B9pP8c3tF6AJBgXOZruX-_J2POgP2y9ADtJ9Il79Ws_Zaq2w6eCTdKf64qEC_j-TErCoC7XTL4MzLV8.6PC1Ur0woQuWAoGIxKTybTlZnWyE8OAqvHvW_8LUAQk&dib_tag=se&keywords=drone+brushless+motor&qid=1785841578&sr=8-36,https://m.media-amazon.com/images/I/61GnPDbMJnL._AC_UL320_.jpg,drone brushless motor
B0DRG52RP3,iFlight 4pcs XING2 1404 FPV Brushless Motor 4600KV 3S 4S for FPV Toothpick Racing Drone,iFlight,,,$72.99,4.4,10,,https://www.amazon.com/iFlight-4600KV-Brushless-Racing-Quadcopter/dp/B0DRG52RP3/ref=sr_1_37?dib=eyJ2IjoiMSJ9.qULum_x3SWyKIMnWaDzOUoeg094yGM0mTD7X6PwzYOeP5eCdF-yR0pI-lJj9VdYZF7ZoOxSkkrKNVJvEiIkeefXN1237gmb7vojYbJ-DnGvhufkkhii4f7DykJJyw-i8NsRdhCPeUjNQVU5aO58qepMkG_1CUAU1uFGshHofhNWp2fgu9So7AY6YMiGjFcZVwIQQB5Lp5WypS-5fH81qnDL5uvw9B9pP8c3tF6AJBgXOZruX-_J2POgP2y9ADtJ9Il79Ws_Zaq2w6eCTdKf64qEC_j-TErCoC7XTL4MzLV8.6PC1Ur0woQuWAoGIxKTybTlZnWyE8OAqvHvW_8LUAQk&dib_tag=se&keywords=drone+brushless+motor&qid=1785841578&sr=8-37,https://m.media-amazon.com/images/I/61OJSD7AfvL._AC_UL320_.jpg,drone brushless motor
B0H2VXBNZN,"RC Drones with Camera for Adults,RC airplane Anti-Turtle Mode,8K Camera & 4.5"" Screen Remote,Optical Flow Hover,360° Rotation,Brushless Motor,for Beginners Support 32G SD Card(White,Three Batteries)",,,,,,,,https://www.amazon.com/airplane-Anti-Turtle-Brushless-Beginners-Batteries/dp/B0H2VXBNZN/ref=sr_1_39?dib=eyJ2IjoiMSJ9.qULum_x3SWyKIMnWaDzOUoeg094yGM0mTD7X6PwzYOeP5eCdF-yR0pI-lJj9VdYZF7ZoOxSkkrKNVJvEiIkeefXN1237gmb7vojYbJ-DnGvhufkkhii4f7DykJJyw-i8NsRdhCPeUjNQVU5aO58qepMkG_1CUAU1uFGshHofhNWp2fgu9So7AY6YMiGjFcZVwIQQB5Lp5WypS-5fH81qnDL5uvw9B9pP8c3tF6AJBgXOZruX-_J2POgP2y9ADtJ9Il79Ws_Zaq2w6eCTdKf64qEC_j-TErCoC7XTL4MzLV8.6PC1Ur0woQuWAoGIxKTybTlZnWyE8OAqvHvW_8LUAQk&dib_tag=se&keywords=drone+brushless+motor&qid=1785841578&sr=8-39,https://m.media-amazon.com/images/I/61HTcabxzJL._AC_UL320_.jpg,drone brushless motor
B0FF4RWS6W,"RC ERA C127AI RC Helicopter for Adults, Black Hornet 4CH Brushless Motors Remote Control Helicopter, RTF Military Drone with 1080p Camera, Optical Flow & Altitude Hold",,,,$158.88,3.0,4,,https://www.amazon.com/Actualia-Helicopter-Brushless-Military-Altitude/dp/B0FF4RWS6W/ref=sr_1_40?dib=eyJ2IjoiMSJ9.qULum_x3SWyKIMnWaDzOUoeg094yGM0mTD7X6PwzYOeP5eCdF-yR0pI-lJj9VdYZF7ZoOxSkkrKNVJvEiIkeefXN1237gmb7vojYbJ-DnGvhufkkhii4f7DykJJyw-i8NsRdhCPeUjNQVU5aO58qepMkG_1CUAU1uFGshHofhNWp2fgu9So7AY6YMiGjFcZVwIQQB5Lp5WypS-5fH81qnDL5uvw9B9pP8c3tF6AJBgXOZruX-_J2POgP2y9ADtJ9Il79Ws_Zaq2w6eCTdKf64qEC_j-TErCoC7XTL4MzLV8.6PC1Ur0woQuWAoGIxKTybTlZnWyE8OAqvHvW_8LUAQk&dib_tag=se&keywords=drone+brushless+motor&qid=1785841578&sr=8-40,https://m.media-amazon.com/images/I/61pO0JwblHL._AC_UL320_.jpg,drone brushless motor
B0CMD9GPWX,HGLRC Specter 1303.5 5500KV 2-4S Brushless Motor for 2-2.5Inch Tiny Drone and 2-3Inch Toothpick Drone,,,,$15.99,4.0,31,,https://www.amazon.com/HGLRC-Specter-1303-5-5500KV-Motor/dp/B0CMD9GPWX/ref=sr_1_43?dib=eyJ2IjoiMSJ9.qULum_x3SWyKIMnWaDzOUoeg094yGM0mTD7X6PwzYOeP5eCdF-yR0pI-lJj9VdYZF7ZoOxSkkrKNVJvEiIkeefXN1237gmb7vojYbJ-DnGvhufkkhii4f7DykJJyw-i8NsRdhCPeUjNQVU5aO58qepMkG_1CUAU1uFGshHofhNWp2fgu9So7AY6YMiGjFcZVwIQQB5Lp5WypS-5fH81qnDL5uvw9B9pP8c3tF6AJBgXOZruX-_J2POgP2y9ADtJ9Il79Ws_Zaq2w6eCTdKf64qEC_j-TErCoC7XTL4MzLV8.6PC1Ur0woQuWAoGIxKTybTlZnWyE8OAqvHvW_8LUAQk&dib_tag=se&keywords=drone+brushless+motor&qid=1785841578&sr=8-43,https://m.media-amazon.com/images/I/41LcxazoQXL._AC_UL320_.jpg,drone brushless motor
B0DY11LRRY,DYS 4PCS SUNFUN 2207 1750KV 6S Drone Motor for FPV Racing Drone Quadcopter 5inch Freestyle Remote Drone (SF2207 1750KV 4PCS),,,,$54.99,3.9,11,,https://www.amazon.com/SUNFUN-2207-1750KV-Quadcopter-Freestyle/dp/B0DY11LRRY/ref=sr_1_44?dib=eyJ2IjoiMSJ9.qULum_x3SWyKIMnWaDzOUoeg094yGM0mTD7X6PwzYOeP5eCdF-yR0pI-lJj9VdYZF7ZoOxSkkrKNVJvEiIkeefXN1237gmb7vojYbJ-DnGvhufkkhii4f7DykJJyw-i8NsRdhCPeUjNQVU5aO58qepMkG_1CUAU1uFGshHofhNWp2fgu9So7AY6YMiGjFcZVwIQQB5Lp5WypS-5fH81qnDL5uvw9B9pP8c3tF6AJBgXOZruX-_J2POgP2y9ADtJ9Il79Ws_Zaq2w6eCTdKf64qEC_j-TErCoC7XTL4MzLV8.6PC1Ur0woQuWAoGIxKTybTlZnWyE8OAqvHvW_8LUAQk&dib_tag=se&keywords=drone+brushless+motor&qid=1785841578&sr=8-44,https://m.media-amazon.com/images/I/71gTTY054tL._AC_UL320_.jpg,drone brushless motor
B0GDPXJZHN,"3115 900KV Drone Motors - 3-6S Li-ion Battery, 9-11 inch Propeller, Max Power 1300W Brushless Motor for Multirotor Drones,RC Plane (4)",,,,$79.99,4.4,18,,https://www.amazon.com/FFTY-3115-900KV-Drone-Motors/dp/B0GDPXJZHN/ref=sr_1_45?dib=eyJ2IjoiMSJ9.qULum_x3SWyKIMnWaDzOUoeg094yGM0mTD7X6PwzYOeP5eCdF-yR0pI-lJj9VdYZF7ZoOxSkkrKNVJvEiIkeefXN1237gmb7vojYbJ-DnGvhufkkhii4f7DykJJyw-i8NsRdhCPeUjNQVU5aO58qepMkG_1CUAU1uFGshHofhNWp2fgu9So7AY6YMiGjFcZVwIQQB5Lp5WypS-5fH81qnDL5uvw9B9pP8c3tF6AJBgXOZruX-_J2POgP2y9ADtJ9Il79Ws_Zaq2w6eCTdKf64qEC_j-TErCoC7XTL4MzLV8.6PC1Ur0woQuWAoGIxKTybTlZnWyE8OAqvHvW_8LUAQk&dib_tag=se&keywords=drone+brushless+motor&qid=1785841578&sr=8-45,https://m.media-amazon.com/images/I/71OZSa6r5GL._AC_UL320_.jpg,drone brushless motor
B0GKQFBYX5,"Supreme Trimmer TORQ Trimmer ST741 with a Brushless Drone Motor | 210 Min Run Time, 8000 RPM Barber Hair Trimmer | Low Noise, Professional Beard Trimmer, Detachable Blade",,,,$89.99,5.0,2,,https://www.amazon.com/Supreme-Trimmer-ST741-Professional-Detachable/dp/B0GKQFBYX5/ref=sr_1_47?dib=eyJ2IjoiMSJ9.qULum_x3SWyKIMnWaDzOUoeg094yGM0mTD7X6PwzYOeP5eCdF-yR0pI-lJj9VdYZF7ZoOxSkkrKNVJvEiIkeefXN1237gmb7vojYbJ-DnGvhufkkhii4f7DykJJyw-i8NsRdhCPeUjNQVU5aO58qepMkG_1CUAU1uFGshHofhNWp2fgu9So7AY6YMiGjFcZVwIQQB5Lp5WypS-5fH81qnDL5uvw9B9pP8c3tF6AJBgXOZruX-_J2POgP2y9ADtJ9Il79Ws_Zaq2w6eCTdKf64qEC_j-TErCoC7XTL4MzLV8.6PC1Ur0woQuWAoGIxKTybTlZnWyE8OAqvHvW_8LUAQk&dib_tag=se&keywords=drone+brushless+motor&qid=1785841578&sr=8-47,https://m.media-amazon.com/images/I/61Prg96UNoL._AC_UL320_.jpg,drone brushless motor
B0FD3J6GFG,"3115 900KV Drone Motors - 3-6S Li-ion Battery, 9-11 inch Propeller, Max Power 1300W Brushless Motor for Multirotor Drones,RC Plane (1)",,,,$23.99,4.4,18,,https://www.amazon.com/FFTY-3115-900KV-Drone-Motors/dp/B0FD3J6GFG/ref=sr_1_48?dib=eyJ2IjoiMSJ9.qULum_x3SWyKIMnWaDzOUoeg094yGM0mTD7X6PwzYOeP5eCdF-yR0pI-lJj9VdYZF7ZoOxSkkrKNVJvEiIkeefXN1237gmb7vojYbJ-DnGvhufkkhii4f7DykJJyw-i8NsRdhCPeUjNQVU5aO58qepMkG_1CUAU1uFGshHofhNWp2fgu9So7AY6YMiGjFcZVwIQQB5Lp5WypS-5fH81qnDL5uvw9B9pP8c3tF6AJBgXOZruX-_J2POgP2y9ADtJ9Il79Ws_Zaq2w6eCTdKf64qEC_j-TErCoC7XTL4MzLV8.6PC1Ur0woQuWAoGIxKTybTlZnWyE8OAqvHvW_8LUAQk&dib_tag=se&keywords=drone+brushless+motor&qid=1785841578&sr=8-48,https://m.media-amazon.com/images/I/41QRnHewvrL._AC_UL320_.jpg,drone brushless motor
B0FRS4F7G9,iFlight 4pcs XING2 1404 FPV Brushless Motor 3800KV 3S 4S 1.5mm Shaft for FPV Toothpick Racing Drone,iFlight,,,$72.99,3.9,3,,https://www.amazon.com/iFlight-Brushless-3800KV-Toothpick-Racing/dp/B0FRS4F7G9/ref=sr_1_49?dib=eyJ2IjoiMSJ9.qULum_x3SWyKIMnWaDzOUoeg094yGM0mTD7X6PwzYOeP5eCdF-yR0pI-lJj9VdYZF7ZoOxSkkrKNVJvEiIkeefXN1237gmb7vojYbJ-DnGvhufkkhii4f7DykJJyw-i8NsRdhCPeUjNQVU5aO58qepMkG_1CUAU1uFGshHofhNWp2fgu9So7AY6YMiGjFcZVwIQQB5Lp5WypS-5fH81qnDL5uvw9B9pP8c3tF6AJBgXOZruX-_J2POgP2y9ADtJ9Il79Ws_Zaq2w6eCTdKf64qEC_j-TErCoC7XTL4MzLV8.6PC1Ur0woQuWAoGIxKTybTlZnWyE8OAqvHvW_8LUAQk&dib_tag=se&keywords=drone+brushless+motor&qid=1785841578&sr=8-49,https://m.media-amazon.com/images/I/61+l8+eezRL._AC_UL320_.jpg,drone brushless motor
B0GKNBT8WB,"BETAFPV Meteor75 Pro P1 1S Brushless Whoop with 1080P HD VTX for Cinematic | 170° FOV CMOS sensor, Compatible with Matrix 1S 3IN1 HD FC, 1102 22000KV Motor, 45mm 3-Blade Prop, Fly Time Up to 5.5Min",BetaFPV,,,$149.99,4.7,12,50+ bought in past month,https://www.amazon.com/BETAFPV-Meteor75-Brushless-Whoop-Cinematic/dp/B0GKNBT8WB/ref=sr_1_50?dib=eyJ2IjoiMSJ9.qULum_x3SWyKIMnWaDzOUoeg094yGM0mTD7X6PwzYOeP5eCdF-yR0pI-lJj9VdYZF7ZoOxSkkrKNVJvEiIkeefXN1237gmb7vojYbJ-DnGvhufkkhii4f7DykJJyw-i8NsRdhCPeUjNQVU5aO58qepMkG_1CUAU1uFGshHofhNWp2fgu9So7AY6YMiGjFcZVwIQQB5Lp5WypS-5fH81qnDL5uvw9B9pP8c3tF6AJBgXOZruX-_J2POgP2y9ADtJ9Il79Ws_Zaq2w6eCTdKf64qEC_j-TErCoC7XTL4MzLV8.6PC1Ur0woQuWAoGIxKTybTlZnWyE8OAqvHvW_8LUAQk&dib_tag=se&keywords=drone+brushless+motor&qid=1785841578&sr=8-50,https://m.media-amazon.com/images/I/61R+vm52yxL._AC_UL320_.jpg,drone brushless motor
B08LN1MJ7X,D4215 brushless Motor 650KV 2.3kg Thrust 3-6s mutirotor Motor for RC multirotor multicopter FPV,,,,$30.99,4.4,49,,https://www.amazon.com/FLASH-HOBBY-brushless-multirotor-multicopter/dp/B08LN1MJ7X/ref=sr_1_51?dib=eyJ2IjoiMSJ9.qULum_x3SWyKIMnWaDzOUoeg094yGM0mTD7X6PwzYOeP5eCdF-yR0pI-lJj9VdYZF7ZoOxSkkrKNVJvEiIkeefXN1237gmb7vojYbJ-DnGvhufkkhii4f7DykJJyw-i8NsRdhCPeUjNQVU5aO58qepMkG_1CUAU1uFGshHofhNWp2fgu9So7AY6YMiGjFcZVwIQQB5Lp5WypS-5fH81qnDL5uvw9B9pP8c3tF6AJBgXOZruX-_J2POgP2y9ADtJ9Il79Ws_Zaq2w6eCTdKf64qEC_j-TErCoC7XTL4MzLV8.6PC1Ur0woQuWAoGIxKTybTlZnWyE8OAqvHvW_8LUAQk&dib_tag=se&keywords=drone+brushless+motor&qid=1785841578&sr=8-51,https://m.media-amazon.com/images/I/51FAnep6+US._AC_UL320_.jpg,drone brushless motor
B0GKQT9VGB,"Supreme Trimmer TORQ Clipper STC781 with Brushless Drone Motor | 150 Min Run Time, 8000 RPM Hair Clipper | Low Noise Professional Barber Clipper Detachable Taper Blade | STC781",,,,$99.99,5.0,1,,https://www.amazon.com/Supreme-Trimmer-STC781-Professional-Detachable/dp/B0GKQT9VGB/ref=sr_1_52?dib=eyJ2IjoiMSJ9.qULum_x3SWyKIMnWaDzOUoeg094yGM0mTD7X6PwzYOeP5eCdF-yR0pI-lJj9VdYZF7ZoOxSkkrKNVJvEiIkeefXN1237gmb7vojYbJ-DnGvhufkkhii4f7DykJJyw-i8NsRdhCPeUjNQVU5aO58qepMkG_1CUAU1uFGshHofhNWp2fgu9So7AY6YMiGjFcZVwIQQB5Lp5WypS-5fH81qnDL5uvw9B9pP8c3tF6AJBgXOZruX-_J2POgP2y9ADtJ9Il79Ws_Zaq2w6eCTdKf64qEC_j-TErCoC7XTL4MzLV8.6PC1Ur0woQuWAoGIxKTybTlZnWyE8OAqvHvW_8LUAQk&dib_tag=se&keywords=drone+brushless+motor&qid=1785841578&sr=8-52,https://m.media-amazon.com/images/I/610IpC0CUcL._AC_UL320_.jpg,drone brushless motor
B0CHN18RXH,HGLRC Specter 1202.5 11000KV 1-2S Brushless Motor with 80mm Wire Without Plug for Micro Whoop Toothpick Drone,,,,$15.49,4.1,23,,https://www.amazon.com/HGLRC-1202-5-11000KV-Motor-1PCS/dp/B0CHN18RXH/ref=sr_1_53?dib=eyJ2IjoiMSJ9.qULum_x3SWyKIMnWaDzOUoeg094yGM0mTD7X6PwzYOeP5eCdF-yR0pI-lJj9VdYZF7ZoOxSkkrKNVJvEiIkeefXN1237gmb7vojYbJ-DnGvhufkkhii4f7DykJJyw-i8NsRdhCPeUjNQVU5aO58qepMkG_1CUAU1uFGshHofhNWp2fgu9So7AY6YMiGjFcZVwIQQB5Lp5WypS-5fH81qnDL5uvw9B9pP8c3tF6AJBgXOZruX-_J2POgP2y9ADtJ9Il79Ws_Zaq2w6eCTdKf64qEC_j-TErCoC7XTL4MzLV8.6PC1Ur0woQuWAoGIxKTybTlZnWyE8OAqvHvW_8LUAQk&dib_tag=se&keywords=drone+brushless+motor&qid=1785841578&sr=8-53,https://m.media-amazon.com/images/I/31R5rfQ9ZiL._AC_UL320_.jpg,drone brushless motor
B0GS5NGVSR,"BETAFPV Air75 II Brushless Whoop Quadcopter Ultralight for FPV Freestyle | 1S Ultra-Lightweight FPV Drone, with Matrix 5IN1 II FC, 0802 22000KV Brushless Motor, 1614-3B Prop, Air II Canopy & Frame",BetaFPV,,,$115.99,4.0,2,,https://www.amazon.com/BETAFPV-Brushless-Quadcopter-Ultralight-Freestyle/dp/B0GS5NGVSR/ref=sr_1_54?dib=eyJ2IjoiMSJ9.qULum_x3SWyKIMnWaDzOUoeg094yGM0mTD7X6PwzYOeP5eCdF-yR0pI-lJj9VdYZF7ZoOxSkkrKNVJvEiIkeefXN1237gmb7vojYbJ-DnGvhufkkhii4f7DykJJyw-i8NsRdhCPeUjNQVU5aO58qepMkG_1CUAU1uFGshHofhNWp2fgu9So7AY6YMiGjFcZVwIQQB5Lp5WypS-5fH81qnDL5uvw9B9pP8c3tF6AJBgXOZruX-_J2POgP2y9ADtJ9Il79Ws_Zaq2w6eCTdKf64qEC_j-TErCoC7XTL4MzLV8.6PC1Ur0woQuWAoGIxKTybTlZnWyE8OAqvHvW_8LUAQk&dib_tag=se&keywords=drone+brushless+motor&qid=1785841578&sr=8-54,https://m.media-amazon.com/images/I/61aTVterUOL._AC_UL320_.jpg,drone brushless motor
B0GDY891ZD,"2205 2300KV Brushless Motor, 4 Pack 2CW+2CCW FPV Drone Motors, 3-4S RC Motor Drone Parts with Pre Soldered 2.0mm Banana Plugs, High Thrust for FPV Racing Drone Quadcopter",,,,$33.37,,,,https://www.amazon.com/2300KV-Brushless-Motors-Soldered-Quadcopter/dp/B0GDY891ZD/ref=sr_1_55?dib=eyJ2IjoiMSJ9.qULum_x3SWyKIMnWaDzOUoeg094yGM0mTD7X6PwzYOeP5eCdF-yR0pI-lJj9VdYZF7ZoOxSkkrKNVJvEiIkeefXN1237gmb7vojYbJ-DnGvhufkkhii4f7DykJJyw-i8NsRdhCPeUjNQVU5aO58qepMkG_1CUAU1uFGshHofhNWp2fgu9So7AY6YMiGjFcZVwIQQB5Lp5WypS-5fH81qnDL5uvw9B9pP8c3tF6AJBgXOZruX-_J2POgP2y9ADtJ9Il79Ws_Zaq2w6eCTdKf64qEC_j-TErCoC7XTL4MzLV8.6PC1Ur0woQuWAoGIxKTybTlZnWyE8OAqvHvW_8LUAQk&dib_tag=se&keywords=drone+brushless+motor&qid=1785841578&sr=8-55,https://m.media-amazon.com/images/I/81fnd179vuL._AC_UL320_.jpg,drone brushless motor
B0GJNX17YX,"4Pcs Pro 3115-900kv Brushless Motor 4,6,8s for 8-10in Long Range Drone Parts,FPV Multicopter Drone,Racing Power,RC Airplane 4-8s Electric Motor,10.6 lbs Thrust for Quadcopter, Hexcopters,Octocopters",,,,$109.99,5.0,4,,https://www.amazon.com/3115-900kv-Brushless-Multicopter-Quadcopter-Octocopters/dp/B0GJNX17YX/ref=sr_1_56?dib=eyJ2IjoiMSJ9.qULum_x3SWyKIMnWaDzOUoeg094yGM0mTD7X6PwzYOeP5eCdF-yR0pI-lJj9VdYZF7ZoOxSkkrKNVJvEiIkeefXN1237gmb7vojYbJ-DnGvhufkkhii4f7DykJJyw-i8NsRdhCPeUjNQVU5aO58qepMkG_1CUAU1uFGshHofhNWp2fgu9So7AY6YMiGjFcZVwIQQB5Lp5WypS-5fH81qnDL5uvw9B9pP8c3tF6AJBgXOZruX-_J2POgP2y9ADtJ9Il79Ws_Zaq2w6eCTdKf64qEC_j-TErCoC7XTL4MzLV8.6PC1Ur0woQuWAoGIxKTybTlZnWyE8OAqvHvW_8LUAQk&dib_tag=se&keywords=drone+brushless+motor&qid=1785841578&sr=8-56,https://m.media-amazon.com/images/I/6133UVizYOL._AC_UL320_.jpg,drone brushless motor
B0D3X8GVQ9,4PCS 2807 2806.5 Brushless Motor 1300KV RC Electric Motors 6S Drone Motor for APEX Mark4 Mark5 XL5 7/8/10inch FPV Drone Frame Racing Quadcopter,,,,$65.50,4.1,9,,https://www.amazon.com/NEEBRC-2806-5-Brushless-1300KV-Quadcopter/dp/B0D3X8GVQ9/ref=sr_1_57?dib=eyJ2IjoiMSJ9.qULum_x3SWyKIMnWaDzOUoeg094yGM0mTD7X6PwzYOeP5eCdF-yR0pI-lJj9VdYZF7ZoOxSkkrKNVJvEiIkeefXN1237gmb7vojYbJ-DnGvhufkkhii4f7DykJJyw-i8NsRdhCPeUjNQVU5aO58qepMkG_1CUAU1uFGshHofhNWp2fgu9So7AY6YMiGjFcZVwIQQB5Lp5WypS-5fH81qnDL5uvw9B9pP8c3tF6AJBgXOZruX-_J2POgP2y9ADtJ9Il79Ws_Zaq2w6eCTdKf64qEC_j-TErCoC7XTL4MzLV8.6PC1Ur0woQuWAoGIxKTybTlZnWyE8OAqvHvW_8LUAQk&dib_tag=se&keywords=drone+brushless+motor&qid=1785841578&sr=8-57,https://m.media-amazon.com/images/I/71Hff5EJUbL._AC_UL320_.jpg,drone brushless motor
B0DQL6BY2B,"RC Airplane Motor, 2212 KV2200 Brushless Motor 40A XT60T SG90 Servo 6035 Propeller Accessory Kit for RC Aircraft RC Plane Quadcopter Fixed Wing Plane Helicopter Aircraft (Black)",,,,$21.99,4.2,91,100+ bought in past month,https://www.amazon.com/Brushless-Propeller-Accessory-Quadcopter-Helicopter/dp/B0DQL6BY2B/ref=sr_1_58?dib=eyJ2IjoiMSJ9.qULum_x3SWyKIMnWaDzOUoeg094yGM0mTD7X6PwzYOeP5eCdF-yR0pI-lJj9VdYZF7ZoOxSkkrKNVJvEiIkeefXN1237gmb7vojYbJ-DnGvhufkkhii4f7DykJJyw-i8NsRdhCPeUjNQVU5aO58qepMkG_1CUAU1uFGshHofhNWp2fgu9So7AY6YMiGjFcZVwIQQB5Lp5WypS-5fH81qnDL5uvw9B9pP8c3tF6AJBgXOZruX-_J2POgP2y9ADtJ9Il79Ws_Zaq2w6eCTdKf64qEC_j-TErCoC7XTL4MzLV8.6PC1Ur0woQuWAoGIxKTybTlZnWyE8OAqvHvW_8LUAQk&dib_tag=se&keywords=drone+brushless+motor&qid=1785841578&sr=8-58,https://m.media-amazon.com/images/I/71toxla9hVL._AC_UL320_.jpg,drone brushless motor
B0FF4PLWKZ,"Pro 3115-900kv Brushless Motor 4,6,8s for 8-10in Long Range Drone Parts,FPV Multicopter Drone,Racing Power,RC Airplane 4-8s Electric Motor,10.6 lbs Thrust for Quadcopter, Hexcopters,Octocopters",,,,$29.99,4.5,8,,https://www.amazon.com/3115-900kv-Drone-Multicopter-Quadcopter-Octocopters/dp/B0FF4PLWKZ/ref=sr_1_59?dib=eyJ2IjoiMSJ9.qULum_x3SWyKIMnWaDzOUoeg094yGM0mTD7X6PwzYOeP5eCdF-yR0pI-lJj9VdYZF7ZoOxSkkrKNVJvEiIkeefXN1237gmb7vojYbJ-DnGvhufkkhii4f7DykJJyw-i8NsRdhCPeUjNQVU5aO58qepMkG_1CUAU1uFGshHofhNWp2fgu9So7AY6YMiGjFcZVwIQQB5Lp5WypS-5fH81qnDL5uvw9B9pP8c3tF6AJBgXOZruX-_J2POgP2y9ADtJ9Il79Ws_Zaq2w6eCTdKf64qEC_j-TErCoC7XTL4MzLV8.6PC1Ur0woQuWAoGIxKTybTlZnWyE8OAqvHvW_8LUAQk&dib_tag=se&keywords=drone+brushless+motor&qid=1785841578&sr=8-59,https://m.media-amazon.com/images/I/51itwaxqwPL._AC_UL320_.jpg,drone brushless motor
B078NL9KQQ,YoungRC 8520 Coreless Motor 8.5 x 20mm Brushed Motors + 55mm CW CCW Propeller for DIY Micro QX95 QX110 Quadcopter RC Drone,,,,$10.99,4.3,88,,https://www.amazon.com/YoungRC-Coreless-Brushed-Propeller-Quadcopter/dp/B078NL9KQQ/ref=sr_1_60?dib=eyJ2IjoiMSJ9.qULum_x3SWyKIMnWaDzOUoeg094yGM0mTD7X6PwzYOeP5eCdF-yR0pI-lJj9VdYZF7ZoOxSkkrKNVJvEiIkeefXN1237gmb7vojYbJ-DnGvhufkkhii4f7DykJJyw-i8NsRdhCPeUjNQVU5aO58qepMkG_1CUAU1uFGshHofhNWp2fgu9So7AY6YMiGjFcZVwIQQB5Lp5WypS-5fH81qnDL5uvw9B9pP8c3tF6AJBgXOZruX-_J2POgP2y9ADtJ9Il79Ws_Zaq2w6eCTdKf64qEC_j-TErCoC7XTL4MzLV8.6PC1Ur0woQuWAoGIxKTybTlZnWyE8OAqvHvW_8LUAQk&dib_tag=se&keywords=drone+brushless+motor&qid=1785841578&sr=8-60,https://m.media-amazon.com/images/I/61cmzdofLeL._AC_UL320_.jpg,drone brushless motor
B0FSZ7XWG2,"2804 Hollow Shaft Outrunner Brushless DC Motor BLDC with AS5600 Encoder Kit Support FOC, for Gimbal, Drones, Robots, and DIY",,,,$24.99,4.8,10,,https://www.amazon.com/Hollow-Outrunner-Brushless-Encoder-Support/dp/B0FSZ7XWG2/ref=sr_1_62?dib=eyJ2IjoiMSJ9.qULum_x3SWyKIMnWaDzOUoeg094yGM0mTD7X6PwzYOeP5eCdF-yR0pI-lJj9VdYZF7ZoOxSkkrKNVJvEiIkeefXN1237gmb7vojYbJ-DnGvhufkkhii4f7DykJJyw-i8NsRdhCPeUjNQVU5aO58qepMkG_1CUAU1uFGshHofhNWp2fgu9So7AY6YMiGjFcZVwIQQB5Lp5WypS-5fH81qnDL5uvw9B9pP8c3tF6AJBgXOZruX-_J2POgP2y9ADtJ9Il79Ws_Zaq2w6eCTdKf64qEC_j-TErCoC7XTL4MzLV8.6PC1Ur0woQuWAoGIxKTybTlZnWyE8OAqvHvW_8LUAQk&dib_tag=se&keywords=drone+brushless+motor&qid=1785841578&sr=8-62,https://m.media-amazon.com/images/I/61vBRl+0GUL._AC_UL320_.jpg,drone brushless motor
B0FXC3SK51,"EVB Wi-Fi Vibration & Motion Sensor up to 6.66kHz | 6-Axis IMU (Accelerometer + Gyroscope) | Wi-Fi and AP Mode | API Software Portal | Sensor for Engineering Applications, EVs, & R&D Labs",,,,$182.00,3.7,13,,https://www.amazon.com/sspa/click?ie=UTF8&spc=MTo0OTM2MjAwODI1NzIyODQzOjE3ODU4NDE3NjI6c3BfYXRmX25leHQ6MzAxMDc0NjA0MDQxNDAyOjowOjo&url=%2FVibration-Accelerometer-Gyroscope-Engineering-Applications%2Fdp%2FB0FXC3SK51%2Fref%3Dsr_1_52_sspa%3Fdib%3DeyJ2IjoiMSJ9.UJBqqcEi-BxJZs31dpbVPmQ01tjRFH2eHcVF8fSR8aXate8_A_80BqUs2wCWepnbY7G-9kJwPynW2onRcwWVzQ.g0M4NHrSJH5A1pOTv-zr_vZRDDdBeeqYm15NCKuMagU%26dib_tag%3Dse%26keywords%3Ddrone%2Bbrushless%2Bmotor%26qid%3D1785841762%26sr%3D8-52-spons%26xpid%3DnaSbYTUw6ULrn%26sp_csd%3Dd2lkZ2V0TmFtZT1zcF9hdGZfbmV4dA%26psc%3D1,https://m.media-amazon.com/images/I/51Wlap3C11L._AC_UL320_.jpg,drone brushless motor
B0FXKN9YMJ,2804 Brushless Outrunner Hollow Shaft DC Motor Kit with AS5600 Magnetic Encoder & SimpleFOC Mini Driver Board for Gimbal Drones,,,,$34.88,4.1,15,,https://www.amazon.com/Brushless-Outrunner-Magnetic-Encoder-SimpleFOCmini/dp/B0FXKN9YMJ/ref=sr_1_54?dib=eyJ2IjoiMSJ9.UJBqqcEi-BxJZs31dpbVPmQ01tjRFH2eHcVF8fSR8aXate8_A_80BqUs2wCWepnbY7G-9kJwPynW2onRcwWVzQ.g0M4NHrSJH5A1pOTv-zr_vZRDDdBeeqYm15NCKuMagU&dib_tag=se&keywords=drone+brushless+motor&qid=1785841762&sr=8-54&xpid=naSbYTUw6ULrn,https://m.media-amazon.com/images/I/61r-QJh16FL._AC_UL320_.jpg,drone brushless motor
B0FHB3T432,JeeFly 3508-700KV Brushless Motor for Drones CW CCW High Torque 700KV Outrunner Drone Motor Lightweight for FPV Fixed-Wing Helicopters Multirotor Quadcopter RC Models (4pcs),,,,$99.99,5.0,1,,https://www.amazon.com/3508-700KV-Lightweight-Fixed-Wing-Helicopters-Multirotor/dp/B0FHB3T432/ref=sr_1_55?dib=eyJ2IjoiMSJ9.UJBqqcEi-BxJZs31dpbVPmQ01tjRFH2eHcVF8fSR8aXate8_A_80BqUs2wCWepnbY7G-9kJwPynW2onRcwWVzQ.g0M4NHrSJH5A1pOTv-zr_vZRDDdBeeqYm15NCKuMagU&dib_tag=se&keywords=drone+brushless+motor&qid=1785841762&sr=8-55&xpid=naSbYTUw6ULrn,https://m.media-amazon.com/images/I/61WlkU96huL._AC_UL320_.jpg,drone brushless motor
B0FG8FF6NH,RCINPOWER AOS Supernova 2207 2207.5 Brushless Motor 1980KV 6S LIPO for RC FPV Freestyle 5 Inch Drones DIY Parts,RCinPower,,,$39.99,3.6,4,,https://www.amazon.com/RCINPOWER-AOS-Supernova-2207-Brushless/dp/B0FG8FF6NH/ref=sr_1_56?dib=eyJ2IjoiMSJ9.UJBqqcEi-BxJZs31dpbVPmQ01tjRFH2eHcVF8fSR8aXate8_A_80BqUs2wCWepnbY7G-9kJwPynW2onRcwWVzQ.g0M4NHrSJH5A1pOTv-zr_vZRDDdBeeqYm15NCKuMagU&dib_tag=se&keywords=drone+brushless+motor&qid=1785841762&sr=8-56&xpid=naSbYTUw6ULrn,https://m.media-amazon.com/images/I/61qTmRSsyPL._AC_UL320_.jpg,drone brushless motor
B0D1GCP4PZ,"A2212 1400KV Brushless Motor 10T High Power for RC Multicopter(4PCS) | pre-soldered 3.5mm plugs save soldering work, high-power 1400KV for 4/6-axis quads,12A/60s capacity, 2-3S Lipo",,,,$31.79,4.2,20,,https://www.amazon.com/Brushless-Outrunner-Connectors-Multicopter-Quadcopter/dp/B0D1GCP4PZ/ref=sr_1_57?dib=eyJ2IjoiMSJ9.UJBqqcEi-BxJZs31dpbVPmQ01tjRFH2eHcVF8fSR8aXate8_A_80BqUs2wCWepnbY7G-9kJwPynW2onRcwWVzQ.g0M4NHrSJH5A1pOTv-zr_vZRDDdBeeqYm15NCKuMagU&dib_tag=se&keywords=drone+brushless+motor&qid=1785841762&sr=8-57&xpid=naSbYTUw6ULrn,https://m.media-amazon.com/images/I/71FIC+zLJ1L._AC_UL320_.jpg,drone brushless motor
B0DZPBVDD8,"16pcs GEMFAN 3016 3-Blade 3inch Propeller Props 1.5mm Hole for 1108-1308 Brushless Motors, FPV Racing Drone, Toothpick Quadcopters",,,,$12.98,4.6,16,,https://www.amazon.com/Propeller-1108-1308-Brushless-Toothpick-Quadcopters/dp/B0DZPBVDD8/ref=sr_1_58?dib=eyJ2IjoiMSJ9.UJBqqcEi-BxJZs31dpbVPmQ01tjRFH2eHcVF8fSR8aXate8_A_80BqUs2wCWepnbY7G-9kJwPynW2onRcwWVzQ.g0M4NHrSJH5A1pOTv-zr_vZRDDdBeeqYm15NCKuMagU&dib_tag=se&keywords=drone+brushless+motor&qid=1785841762&sr=8-58&xpid=naSbYTUw6ULrn,https://m.media-amazon.com/images/I/514rjUT2IBL._AC_UL320_.jpg,drone brushless motor
B0FJM1T7WY,Obstacle Avoidance RC Quadcopter Spare Parts Brushless Motor Propeller Maple Leaf Blade Kit for S119 Max Drone(4pcs Arm kit),,,,,,,,https://www.amazon.com/EasQjK-Avoidance-Quadcopter-Brushless-Propeller/dp/B0FJM1T7WY/ref=sr_1_59?dib=eyJ2IjoiMSJ9.Zsp4F-CvM0U-r0rhmli5WxIj7wdOcaSZC1Te_-8ununjlmEbDGQ3qEpTQJEnXarChrY-LVdlxnZefbMnDLicyTr_FdLOSt1atyu8exayhrph21hPpT0tK78eEJ05FNxpKEwANl8YAjREnYcltIg8JWqyrKKGzzAOt6Yhg98MJNNJ_UggF9krL-KFwOjhsZQNDmko2mKInPEnAq3sv-MCofF0Pb8pZ1rfQCwfMIx_Emp1m2bTE3idmcO-QROnjUzuLhT0l3YgpA4jALWaYXzuhPlXc2-7SFR4FR3N_uQliOk.soy52Izcdm7XKQ1adYfqdYjGOW5t76_mGnhKNu9Hwls&dib_tag=se&keywords=drone+brushless+motor&qid=1785841762&sr=8-59&xpid=naSbYTUw6ULrn,https://m.media-amazon.com/images/I/51qbG5l505L._AC_UL320_.jpg,drone brushless motor
B0GBTQ4D72,"260KV Brushless Motor, 1.3A 15W Drone Motor, Low Noise Drones Brushless Motor Replacement for 808 Camera Gimbal Remote Control of Unmanned Aerial Vehicles, 2204",,,,$14.50,5.0,2,,https://www.amazon.com/sspa/click?ie=UTF8&spc=MTo0OTM2MjAwODI1NzIyODQzOjE3ODU4NDE3NjI6c3BfbXRmOjMwMTI2NTIzOTg3MTgwMjo6MDo6&url=%2FWQAPVHBG-Brushless-Replacement-Unmanned-Vehicles%2Fdp%2FB0GBTQ4D72%2Fref%3Dsr_1_60_sspa%3Fdib%3DeyJ2IjoiMSJ9.Zsp4F-CvM0U-r0rhmli5WxIj7wdOcaSZC1Te_-8ununjlmEbDGQ3qEpTQJEnXarChrY-LVdlxnZefbMnDLicyTr_FdLOSt1atyu8exayhrph21hPpT0tK78eEJ05FNxpKEwANl8YAjREnYcltIg8JWqyrKKGzzAOt6Yhg98MJNNJ_UggF9krL-KFwOjhsZQNDmko2mKInPEnAq3sv-MCofF0Pb8pZ1rfQCwfMIx_Emp1m2bTE3idmcO-QROnjUzuLhT0l3YgpA4jALWaYXzuhPlXc2-7SFR4FR3N_uQliOk.soy52Izcdm7XKQ1adYfqdYjGOW5t76_mGnhKNu9Hwls%26dib_tag%3Dse%26keywords%3Ddrone%2Bbrushless%2Bmotor%26qid%3D1785841762%26sr%3D8-60-spons%26xpid%3DnaSbYTUw6ULrn%26sp_csd%3Dd2lkZ2V0TmFtZT1zcF9tdGY%26psc%3D1,https://m.media-amazon.com/images/I/51mRk6MgCVL._AC_UL320_.jpg,drone brushless motor
B0DG38TK2X,"4Pcs 1503 4200KV Brushless RC Electric Motor, 7.4V 0.3A Quadcopter Power Motor Aluminum Copper Mini Drone Engine for 4-Axis Remote Control Aircraft",,,,$13.49,,,,https://www.amazon.com/sspa/click?ie=UTF8&spc=MTo0OTM2MjAwODI1NzIyODQzOjE3ODU4NDE3NjI6c3BfbXRmOjMwMDg2NTk4MjQyNzIwMjo6MDo6&url=%2FAirplane-Brushless-Electric-Lightweight-Airplanes%2Fdp%2FB0DG38TK2X%2Fref%3Dsr_1_61_sspa%3Fdib%3DeyJ2IjoiMSJ9.Zsp4F-CvM0U-r0rhmli5WxIj7wdOcaSZC1Te_-8ununjlmEbDGQ3qEpTQJEnXarChrY-LVdlxnZefbMnDLicyTr_FdLOSt1atyu8exayhrph21hPpT0tK78eEJ05FNxpKEwANl8YAjREnYcltIg8JWqyrKKGzzAOt6Yhg98MJNNJ_UggF9krL-KFwOjhsZQNDmko2mKInPEnAq3sv-MCofF0Pb8pZ1rfQCwfMIx_Emp1m2bTE3idmcO-QROnjUzuLhT0l3YgpA4jALWaYXzuhPlXc2-7SFR4FR3N_uQliOk.soy52Izcdm7XKQ1adYfqdYjGOW5t76_mGnhKNu9Hwls%26dib_tag%3Dse%26keywords%3Ddrone%2Bbrushless%2Bmotor%26qid%3D1785841762%26sr%3D8-61-spons%26xpid%3DnaSbYTUw6ULrn%26sp_csd%3Dd2lkZ2V0TmFtZT1zcF9tdGY%26psc%3D1,https://m.media-amazon.com/images/I/61ps8f7uX1L._AC_UL320_.jpg,drone brushless motor
B0FLKD662C,"Handheld Brushless Turbo Fan with 19000 RPM High-Speed Drone Motor, Portable Super Strong Wind Cooling Fan, Requires 2x 21700 Battery (Not Included), for DIY/Drone/Camping/Outdoor",,,,$35.09,,,,https://www.amazon.com/sspa/click?ie=UTF8&spc=MTo0OTM2MjAwODI1NzIyODQzOjE3ODU4NDE3NjI6c3BfbXRmOjMwMDk0MzY5NjQ5NzYwMjo6MDo6&url=%2FCROAIRFPV-Handheld-Brushless-High-Speed-Portable%2Fdp%2FB0FLKD662C%2Fref%3Dsr_1_62_sspa%3Fdib%3DeyJ2IjoiMSJ9.Zsp4F-CvM0U-r0rhmli5WxIj7wdOcaSZC1Te_-8ununjlmEbDGQ3qEpTQJEnXarChrY-LVdlxnZefbMnDLicyTr_FdLOSt1atyu8exayhrph21hPpT0tK78eEJ05FNxpKEwANl8YAjREnYcltIg8JWqyrKKGzzAOt6Yhg98MJNNJ_UggF9krL-KFwOjhsZQNDmko2mKInPEnAq3sv-MCofF0Pb8pZ1rfQCwfMIx_Emp1m2bTE3idmcO-QROnjUzuLhT0l3YgpA4jALWaYXzuhPlXc2-7SFR4FR3N_uQliOk.soy52Izcdm7XKQ1adYfqdYjGOW5t76_mGnhKNu9Hwls%26dib_tag%3Dse%26keywords%3Ddrone%2Bbrushless%2Bmotor%26qid%3D1785841762%26sr%3D8-62-spons%26xpid%3DnaSbYTUw6ULrn%26sp_csd%3Dd2lkZ2V0TmFtZT1zcF9tdGY%26psc%3D1,https://m.media-amazon.com/images/I/51FXMN0iinL._AC_UL320_.jpg,drone brushless motor
B08B1FMYCF,D3542 Brushless Outrunner Motor 1000KV RC Electric Motor for Mini Multicopter RC Plane Fixed-Wing UAV Robotic Arm,,,,$22.99,4.5,37,,https://www.amazon.com/FLASH-HOBBY-Brushless-Multicopter-Fixed-Wing/dp/B08B1FMYCF/ref=sr_1_64?dib=eyJ2IjoiMSJ9.Zsp4F-CvM0U-r0rhmli5WxIj7wdOcaSZC1Te_-8ununjlmEbDGQ3qEpTQJEnXarChrY-LVdlxnZefbMnDLicyTr_FdLOSt1atyu8exayhrph21hPpT0tK78eEJ05FNxpKEwANl8YAjREnYcltIg8JWqyrKKGzzAOt6Yhg98MJNNJ_UggF9krL-KFwOjhsZQNDmko2mKInPEnAq3sv-MCofF0Pb8pZ1rfQCwfMIx_Emp1m2bTE3idmcO-QROnjUzuLhT0l3YgpA4jALWaYXzuhPlXc2-7SFR4FR3N_uQliOk.soy52Izcdm7XKQ1adYfqdYjGOW5t76_mGnhKNu9Hwls&dib_tag=se&keywords=drone+brushless+motor&qid=1785841762&sr=8-64&xpid=naSbYTUw6ULrn,https://m.media-amazon.com/images/I/61GOlWIICrL._AC_UL320_.jpg,drone brushless motor
B0DT7FG4B1,"RC Brushless Motors for Drone Planes, 4PCS 1503 Airplane Motor RC Electric Motors for 4 Axes Remote Control Airplanes",,,,$13.56,,,,https://www.amazon.com/Brushless-Airplane-Electric-Control-Airplanes/dp/B0DT7FG4B1/ref=sr_1_65?dib=eyJ2IjoiMSJ9.Zsp4F-CvM0U-r0rhmli5WxIj7wdOcaSZC1Te_-8ununjlmEbDGQ3qEpTQJEnXarChrY-LVdlxnZefbMnDLicyTr_FdLOSt1atyu8exayhrph21hPpT0tK78eEJ05FNxpKEwANl8YAjREnYcltIg8JWqyrKKGzzAOt6Yhg98MJNNJ_UggF9krL-KFwOjhsZQNDmko2mKInPEnAq3sv-MCofF0Pb8pZ1rfQCwfMIx_Emp1m2bTE3idmcO-QROnjUzuLhT0l3YgpA4jALWaYXzuhPlXc2-7SFR4FR3N_uQliOk.soy52Izcdm7XKQ1adYfqdYjGOW5t76_mGnhKNu9Hwls&dib_tag=se&keywords=drone+brushless+motor&qid=1785841762&sr=8-65&xpid=naSbYTUw6ULrn,https://m.media-amazon.com/images/I/61sea7t2YPL._AC_UL320_.jpg,drone brushless motor
B0BW9LZHJ1,"Camera Stabilizer, High Technology Drone Camera Gimbal Metal Brushless Gimbal Board BGC 2.2 for 3/3+ / 4 Camera RC Drone Quadcopter Part (Black) Gimbal Drone",,,,$77.00,,,,https://www.amazon.com/Camera-Stabilizer-Technology-Brushless-Quadcopter/dp/B0BW9LZHJ1/ref=sr_1_66?dib=eyJ2IjoiMSJ9.Zsp4F-CvM0U-r0rhmli5WxIj7wdOcaSZC1Te_-8ununjlmEbDGQ3qEpTQJEnXarChrY-LVdlxnZefbMnDLicyTr_FdLOSt1atyu8exayhrph21hPpT0tK78eEJ05FNxpKEwANl8YAjREnYcltIg8JWqyrKKGzzAOt6Yhg98MJNNJ_UggF9krL-KFwOjhsZQNDmko2mKInPEnAq3sv-MCofF0Pb8pZ1rfQCwfMIx_Emp1m2bTE3idmcO-QROnjUzuLhT0l3YgpA4jALWaYXzuhPlXc2-7SFR4FR3N_uQliOk.soy52Izcdm7XKQ1adYfqdYjGOW5t76_mGnhKNu9Hwls&dib_tag=se&keywords=drone+brushless+motor&qid=1785841762&sr=8-66&xpid=naSbYTUw6ULrn,https://m.media-amazon.com/images/I/7132QGsnYwL._AC_UL320_.jpg,drone brushless motor
B0FH9YW733,"JeeFly 3115 900KV Brushless Motor CW Thread High Torque Drone Motor for Fixed Wing RC Plane, FPV Drones, Fishing & Aerial Photography Long Range (4)",,,,$95.66,,,,https://www.amazon.com/JeeFly-Brushless-Thread-Fishing-Photography/dp/B0FH9YW733/ref=sr_1_67?dib=eyJ2IjoiMSJ9.Zsp4F-CvM0U-r0rhmli5WxIj7wdOcaSZC1Te_-8ununjlmEbDGQ3qEpTQJEnXarChrY-LVdlxnZefbMnDLicyTr_FdLOSt1atyu8exayhrph21hPpT0tK78eEJ05FNxpKEwANl8YAjREnYcltIg8JWqyrKKGzzAOt6Yhg98MJNNJ_UggF9krL-KFwOjhsZQNDmko2mKInPEnAq3sv-MCofF0Pb8pZ1rfQCwfMIx_Emp1m2bTE3idmcO-QROnjUzuLhT0l3YgpA4jALWaYXzuhPlXc2-7SFR4FR3N_uQliOk.soy52Izcdm7XKQ1adYfqdYjGOW5t76_mGnhKNu9Hwls&dib_tag=se&keywords=drone+brushless+motor&qid=1785841762&sr=8-67&xpid=naSbYTUw6ULrn,https://m.media-amazon.com/images/I/61VcKy7-ZjL._AC_UL320_.jpg,drone brushless motor
B0B3X6DD9Q,YoungRC A2212 1000KV Brushless Motor + 30A ESC Electric Speed Controller + 1045 Propeller CW CCW Kit for RC Multicopter Quadcopter,,,,$21.99,4.2,58,,https://www.amazon.com/sspa/click?ie=UTF8&spc=MTo0OTM2MjAwODI1NzIyODQzOjE3ODU4NDE3NjI6c3BfbXRmOjIwMDA5Njk1NTc0MDQ5ODo6MDo6&url=%2FYoungRC-Brushless-Controller-Multicopter-Quadcopter%2Fdp%2FB0B3X6DD9Q%2Fref%3Dsr_1_69_sspa%3Fdib%3DeyJ2IjoiMSJ9.Zsp4F-CvM0U-r0rhmli5WxIj7wdOcaSZC1Te_-8ununjlmEbDGQ3qEpTQJEnXarChrY-LVdlxnZefbMnDLicyTr_FdLOSt1atyu8exayhrph21hPpT0tK78eEJ05FNxpKEwANl8YAjREnYcltIg8JWqyrKKGzzAOt6Yhg98MJNNJ_UggF9krL-KFwOjhsZQNDmko2mKInPEnAq3sv-MCofF0Pb8pZ1rfQCwfMIx_Emp1m2bTE3idmcO-QROnjUzuLhT0l3YgpA4jALWaYXzuhPlXc2-7SFR4FR3N_uQliOk.soy52Izcdm7XKQ1adYfqdYjGOW5t76_mGnhKNu9Hwls%26dib_tag%3Dse%26keywords%3Ddrone%2Bbrushless%2Bmotor%26qid%3D1785841762%26sr%3D8-69-spons%26xpid%3DnaSbYTUw6ULrn%26sp_csd%3Dd2lkZ2V0TmFtZT1zcF9tdGY%26psc%3D1,https://m.media-amazon.com/images/I/61Q2m++vK0L._AC_UL320_.jpg,drone brushless motor
B0CXDR6986,"4 PCS 1503 Brushless Motor Set, Excellent Metal Material, Compact and Lightweight, Exquisite Workmanship, Easy to Install, Wide Application, for 4 Axes Remote Control Airplanes",,,,$14.99,4.1,3,,https://www.amazon.com/sspa/click?ie=UTF8&spc=MTo0OTM2MjAwODI1NzIyODQzOjE3ODU4NDE3NjI6c3BfbXRmOjMwMTIwMTUzNjUzNDkwMjo6MDo6&url=%2FBrushless-Excellent-Lightweight-Workmanship-Application%2Fdp%2FB0CXDR6986%2Fref%3Dsr_1_70_sspa%3Fdib%3DeyJ2IjoiMSJ9.Zsp4F-CvM0U-r0rhmli5WxIj7wdOcaSZC1Te_-8ununjlmEbDGQ3qEpTQJEnXarChrY-LVdlxnZefbMnDLicyTr_FdLOSt1atyu8exayhrph21hPpT0tK78eEJ05FNxpKEwANl8YAjREnYcltIg8JWqyrKKGzzAOt6Yhg98MJNNJ_UggF9krL-KFwOjhsZQNDmko2mKInPEnAq3sv-MCofF0Pb8pZ1rfQCwfMIx_Emp1m2bTE3idmcO-QROnjUzuLhT0l3YgpA4jALWaYXzuhPlXc2-7SFR4FR3N_uQliOk.soy52Izcdm7XKQ1adYfqdYjGOW5t76_mGnhKNu9Hwls%26dib_tag%3Dse%26keywords%3Ddrone%2Bbrushless%2Bmotor%26qid%3D1785841762%26sr%3D8-70-spons%26xpid%3DnaSbYTUw6ULrn%26sp_csd%3Dd2lkZ2V0TmFtZT1zcF9tdGY%26psc%3D1,https://m.media-amazon.com/images/I/613ymZoZk4L._AC_UL320_.jpg,drone brushless motor
B0FP4MBDLG,Surpass Hobby S2808 Brushless Motor 1900KV Shaft 5mm for RC FPV Racing RC Drone Racing Quadcopter Spare Parts RC Parts -1Pcs,Surpass Hobby,,,$20.67,4.8,9,,https://www.amazon.com/sspa/click?ie=UTF8&spc=MTo0OTM2MjAwODI1NzIyODQzOjE3ODU4NDE3NjI6c3BfbXRmOjMwMTMyNTAxODAyMDcwMjo6MDo6&url=%2FSurpass-Hobby-Brushless-1900KV-Quadcopter%2Fdp%2FB0FP4MBDLG%2Fref%3Dsr_1_71_sspa%3Fdib%3DeyJ2IjoiMSJ9.Zsp4F-CvM0U-r0rhmli5WxIj7wdOcaSZC1Te_-8ununjlmEbDGQ3qEpTQJEnXarChrY-LVdlxnZefbMnDLicyTr_FdLOSt1atyu8exayhrph21hPpT0tK78eEJ05FNxpKEwANl8YAjREnYcltIg8JWqyrKKGzzAOt6Yhg98MJNNJ_UggF9krL-KFwOjhsZQNDmko2mKInPEnAq3sv-MCofF0Pb8pZ1rfQCwfMIx_Emp1m2bTE3idmcO-QROnjUzuLhT0l3YgpA4jALWaYXzuhPlXc2-7SFR4FR3N_uQliOk.soy52Izcdm7XKQ1adYfqdYjGOW5t76_mGnhKNu9Hwls%26dib_tag%3Dse%26keywords%3Ddrone%2Bbrushless%2Bmotor%26qid%3D1785841762%26sr%3D8-71-spons%26xpid%3DnaSbYTUw6ULrn%26sp_csd%3Dd2lkZ2V0TmFtZT1zcF9tdGY%26psc%3D1,https://m.media-amazon.com/images/I/61-urJT1W2L._AC_UL320_.jpg,drone brushless motor
B0C5Q7M663,HGLRC Specter 1002 21000KV 1S Brushless Motor for Toothpick FPV Racing Drone(1PCS),,,,$14.99,4.4,10,,https://www.amazon.com/HGLRC-Specter-Brushless-Motor-Toothpick/dp/B0C5Q7M663/ref=sr_1_73?dib=eyJ2IjoiMSJ9.Zsp4F-CvM0U-r0rhmli5WxIj7wdOcaSZC1Te_-8ununjlmEbDGQ3qEpTQJEnXarChrY-LVdlxnZefbMnDLicyTr_FdLOSt1atyu8exayhrph21hPpT0tK78eEJ05FNxpKEwANl8YAjREnYcltIg8JWqyrKKGzzAOt6Yhg98MJNNJ_UggF9krL-KFwOjhsZQNDmko2mKInPEnAq3sv-MCofF0Pb8pZ1rfQCwfMIx_Emp1m2bTE3idmcO-QROnjUzuLhT0l3YgpA4jALWaYXzuhPlXc2-7SFR4FR3N_uQliOk.soy52Izcdm7XKQ1adYfqdYjGOW5t76_mGnhKNu9Hwls&dib_tag=se&keywords=drone+brushless+motor&qid=1785841762&sr=8-73&xpid=naSbYTUw6ULrn,https://m.media-amazon.com/images/I/41PeQhODHeL._AC_UL320_.jpg,drone brushless motor
B0GTCFPXXQ,F1408 2800KV/ 3950KV 3-6S Brushless Motor Fit For 3-4inch RC FPV Racing Drone(1pcs 2800KV),,,,,,,,https://www.amazon.com/2800KV-3950KV-Brushless-3-4inch-Racing/dp/B0GTCFPXXQ/ref=sr_1_75?dib=eyJ2IjoiMSJ9.Zsp4F-CvM0U-r0rhmli5WxIj7wdOcaSZC1Te_-8ununjlmEbDGQ3qEpTQJEnXarChrY-LVdlxnZefbMnDLicyTr_FdLOSt1atyu8exayhrph21hPpT0tK78eEJ05FNxpKEwANl8YAjREnYcltIg8JWqyrKKGzzAOt6Yhg98MJNNJ_UggF9krL-KFwOjhsZQNDmko2mKInPEnAq3sv-MCofF0Pb8pZ1rfQCwfMIx_Emp1m2bTE3idmcO-QROnjUzuLhT0l3YgpA4jALWaYXzuhPlXc2-7SFR4FR3N_uQliOk.soy52Izcdm7XKQ1adYfqdYjGOW5t76_mGnhKNu9Hwls&dib_tag=se&keywords=drone+brushless+motor&qid=1785841762&sr=8-75&xpid=naSbYTUw6ULrn,https://m.media-amazon.com/images/I/51jP-rdck7L._AC_UL320_.jpg,drone brushless motor
B0DRNP6R6D,1503 Electric Brushless Motor 7.4v brushless Motor 4pcs 4PCS RC Airplane Compact Brushless Motor Set Easy to Install Brushless Rc Motor for 4 Axes Remote Control Airplanes Complete Motors,,,,$14.59,,,,https://www.amazon.com/sspa/click?ie=UTF8&spc=MTo0OTM2MjAwODI1NzIyODQzOjE3ODU4NDE3NjI6c3BfbXRmOjMwMTA4ODMzOTYxMzEwMjo6MDo6&url=%2FElectric-Brushless-Airplane-Compact-Airplanes%2Fdp%2FB0DRNP6R6D%2Fref%3Dsr_1_76_sspa%3Fdib%3DeyJ2IjoiMSJ9.Zsp4F-CvM0U-r0rhmli5WxIj7wdOcaSZC1Te_-8ununjlmEbDGQ3qEpTQJEnXarChrY-LVdlxnZefbMnDLicyTr_FdLOSt1atyu8exayhrph21hPpT0tK78eEJ05FNxpKEwANl8YAjREnYcltIg8JWqyrKKGzzAOt6Yhg98MJNNJ_UggF9krL-KFwOjhsZQNDmko2mKInPEnAq3sv-MCofF0Pb8pZ1rfQCwfMIx_Emp1m2bTE3idmcO-QROnjUzuLhT0l3YgpA4jALWaYXzuhPlXc2-7SFR4FR3N_uQliOk.soy52Izcdm7XKQ1adYfqdYjGOW5t76_mGnhKNu9Hwls%26dib_tag%3Dse%26keywords%3Ddrone%2Bbrushless%2Bmotor%26qid%3D1785841762%26sr%3D8-76-spons%26xpid%3DnaSbYTUw6ULrn%26sp_csd%3Dd2lkZ2V0TmFtZT1zcF9tdGY%26psc%3D1,https://m.media-amazon.com/images/I/71NOfHhiXsL._AC_UL320_.jpg,drone brushless motor
B0GS5Q9X1R,"BETAFPV Air65 II Brushless Whoop Quadcopter Ultralight for 1S FPV Racing | 65mm FPV Drone, Compatible with Matrix 1S 5IN1 II FC, 0702 30000KV Motor, 1207 3-Blade Prop, C03 Camera, Air II Canopy&Frame",BetaFPV,,,$115.99,5.0,3,,https://www.amazon.com/BETAFPV-Brushless-Quadcopter-Ultralight-Racing/dp/B0GS5Q9X1R/ref=sr_1_77?dib=eyJ2IjoiMSJ9.Zsp4F-CvM0U-r0rhmli5WxIj7wdOcaSZC1Te_-8ununjlmEbDGQ3qEpTQJEnXarChrY-LVdlxnZefbMnDLicyTr_FdLOSt1atyu8exayhrph21hPpT0tK78eEJ05FNxpKEwANl8YAjREnYcltIg8JWqyrKKGzzAOt6Yhg98MJNNJ_UggF9krL-KFwOjhsZQNDmko2mKInPEnAq3sv-MCofF0Pb8pZ1rfQCwfMIx_Emp1m2bTE3idmcO-QROnjUzuLhT0l3YgpA4jALWaYXzuhPlXc2-7SFR4FR3N_uQliOk.soy52Izcdm7XKQ1adYfqdYjGOW5t76_mGnhKNu9Hwls&dib_tag=se&keywords=drone+brushless+motor&qid=1785841762&sr=8-77&xpid=naSbYTUw6ULrn,https://m.media-amazon.com/images/I/61o8RCUOf4L._AC_UL320_.jpg,drone brushless motor
B0GTCHXD37,F1408 2800KV/ 3950KV 3-6S Brushless Motor Fit For 3-4inch RC FPV Racing Drone(1pcs 3950KV),,,,,,,,https://www.amazon.com/2800KV-3950KV-Brushless-3-4inch-Racing/dp/B0GTCHXD37/ref=sr_1_78?dib=eyJ2IjoiMSJ9.Zsp4F-CvM0U-r0rhmli5WxIj7wdOcaSZC1Te_-8ununjlmEbDGQ3qEpTQJEnXarChrY-LVdlxnZefbMnDLicyTr_FdLOSt1atyu8exayhrph21hPpT0tK78eEJ05FNxpKEwANl8YAjREnYcltIg8JWqyrKKGzzAOt6Yhg98MJNNJ_UggF9krL-KFwOjhsZQNDmko2mKInPEnAq3sv-MCofF0Pb8pZ1rfQCwfMIx_Emp1m2bTE3idmcO-QROnjUzuLhT0l3YgpA4jALWaYXzuhPlXc2-7SFR4FR3N_uQliOk.soy52Izcdm7XKQ1adYfqdYjGOW5t76_mGnhKNu9Hwls&dib_tag=se&keywords=drone+brushless+motor&qid=1785841762&sr=8-78&xpid=naSbYTUw6ULrn,https://m.media-amazon.com/images/I/51jP-rdck7L._AC_UL320_.jpg,drone brushless motor
B09DT3YHYS,"Brushless Motor, High-Speed 2300KV Replacement with Adapter, BE1806 RC Motor for Drone Enthusiasts, RC Quadcopter and Multicopter Modeling Projects",,,,$22.47,4.4,2,,https://www.amazon.com/VGEBY-Brushless-Replacement-Quadcopter-Multicopters/dp/B09DT3YHYS/ref=sr_1_79?dib=eyJ2IjoiMSJ9.Zsp4F-CvM0U-r0rhmli5WxIj7wdOcaSZC1Te_-8ununjlmEbDGQ3qEpTQJEnXarChrY-LVdlxnZefbMnDLicyTr_FdLOSt1atyu8exayhrph21hPpT0tK78eEJ05FNxpKEwANl8YAjREnYcltIg8JWqyrKKGzzAOt6Yhg98MJNNJ_UggF9krL-KFwOjhsZQNDmko2mKInPEnAq3sv-MCofF0Pb8pZ1rfQCwfMIx_Emp1m2bTE3idmcO-QROnjUzuLhT0l3YgpA4jALWaYXzuhPlXc2-7SFR4FR3N_uQliOk.soy52Izcdm7XKQ1adYfqdYjGOW5t76_mGnhKNu9Hwls&dib_tag=se&keywords=drone+brushless+motor&qid=1785841762&sr=8-79&xpid=naSbYTUw6ULrn,https://m.media-amazon.com/images/I/61VR3QXFH6S._AC_UL320_.jpg,drone brushless motor
B0C5QCJSN5,HGLRC Specter 2806.5 1350KV 4-6S Brushless Motor for 7 inch Long Range 7 inch X8 Cinelifter FPV Racing Drones(1PCS),,,,$32.99,4.4,15,,https://www.amazon.com/HGLRC-Specter-2806-5-1350KV-Brushless/dp/B0C5QCJSN5/ref=sr_1_80?dib=eyJ2IjoiMSJ9.Zsp4F-CvM0U-r0rhmli5WxIj7wdOcaSZC1Te_-8ununjlmEbDGQ3qEpTQJEnXarChrY-LVdlxnZefbMnDLicyTr_FdLOSt1atyu8exayhrph21hPpT0tK78eEJ05FNxpKEwANl8YAjREnYcltIg8JWqyrKKGzzAOt6Yhg98MJNNJ_UggF9krL-KFwOjhsZQNDmko2mKInPEnAq3sv-MCofF0Pb8pZ1rfQCwfMIx_Emp1m2bTE3idmcO-QROnjUzuLhT0l3YgpA4jALWaYXzuhPlXc2-7SFR4FR3N_uQliOk.soy52Izcdm7XKQ1adYfqdYjGOW5t76_mGnhKNu9Hwls&dib_tag=se&keywords=drone+brushless+motor&qid=1785841762&sr=8-80&xpid=naSbYTUw6ULrn,https://m.media-amazon.com/images/I/41nTiAUIsML._AC_UL320_.jpg,drone brushless motor
B0C4YWG7PC,HGLRC Specter 1804-2450KV 4-6S Brushless Motor for 3-3.5Inch FPV Freestyle Racing Drones,,,,$17.99,4.1,16,,https://www.amazon.com/HGLRC-1804-2450KV-Brushless-3-3-5Inch-Freestyle/dp/B0C4YWG7PC/ref=sr_1_81?dib=eyJ2IjoiMSJ9.Zsp4F-CvM0U-r0rhmli5WxIj7wdOcaSZC1Te_-8ununjlmEbDGQ3qEpTQJEnXarChrY-LVdlxnZefbMnDLicyTr_FdLOSt1atyu8exayhrph21hPpT0tK78eEJ05FNxpKEwANl8YAjREnYcltIg8JWqyrKKGzzAOt6Yhg98MJNNJ_UggF9krL-KFwOjhsZQNDmko2mKInPEnAq3sv-MCofF0Pb8pZ1rfQCwfMIx_Emp1m2bTE3idmcO-QROnjUzuLhT0l3YgpA4jALWaYXzuhPlXc2-7SFR4FR3N_uQliOk.soy52Izcdm7XKQ1adYfqdYjGOW5t76_mGnhKNu9Hwls&dib_tag=se&keywords=drone+brushless+motor&qid=1785841762&sr=8-81&xpid=naSbYTUw6ULrn,https://m.media-amazon.com/images/I/5108lD6ttSL._AC_UL320_.jpg,drone brushless motor
B09PNFKH23,"Flycolor 60A ESC 3-6S Electric Speed Controller 5v /6V/7.4V 5A BEC with XT60 & 3.5mm Bullet Plugs for RC Drone Airplane Brushless Motors | 5V/6V/7.4V 5A BEC, XT60 & 3.5mm Bullet Plugs, RC Drone Airplane, Brushless Motors",,,,$33.85,4.4,52,,https://www.amazon.com/Flycolor-Electric-Controller-Airplane-Brushless/dp/B09PNFKH23/ref=sr_1_83?dib=eyJ2IjoiMSJ9.Zsp4F-CvM0U-r0rhmli5WxIj7wdOcaSZC1Te_-8ununjlmEbDGQ3qEpTQJEnXarChrY-LVdlxnZefbMnDLicyTr_FdLOSt1atyu8exayhrph21hPpT0tK78eEJ05FNxpKEwANl8YAjREnYcltIg8JWqyrKKGzzAOt6Yhg98MJNNJ_UggF9krL-KFwOjhsZQNDmko2mKInPEnAq3sv-MCofF0Pb8pZ1rfQCwfMIx_Emp1m2bTE3idmcO-QROnjUzuLhT0l3YgpA4jALWaYXzuhPlXc2-7SFR4FR3N_uQliOk.soy52Izcdm7XKQ1adYfqdYjGOW5t76_mGnhKNu9Hwls&dib_tag=se&keywords=drone+brushless+motor&qid=1785841762&sr=8-83&xpid=naSbYTUw6ULrn,https://m.media-amazon.com/images/I/61NStWm6g0L._AC_UL320_.jpg,drone brushless motor
B0F4Y4CDQL,8PCS RC Airplane Brushless Motor Mounting Screws Propeller Fixing Screws for RC Plane Helicopter DIY Model Aircraft Propeller Repair Parts (6.4mm),,,,$6.99,5.0,5,,https://www.amazon.com/Airplane-Brushless-Mounting-Propeller-Helicopter/dp/B0F4Y4CDQL/ref=sr_1_84?dib=eyJ2IjoiMSJ9.Zsp4F-CvM0U-r0rhmli5WxIj7wdOcaSZC1Te_-8ununjlmEbDGQ3qEpTQJEnXarChrY-LVdlxnZefbMnDLicyTr_FdLOSt1atyu8exayhrph21hPpT0tK78eEJ05FNxpKEwANl8YAjREnYcltIg8JWqyrKKGzzAOt6Yhg98MJNNJ_UggF9krL-KFwOjhsZQNDmko2mKInPEnAq3sv-MCofF0Pb8pZ1rfQCwfMIx_Emp1m2bTE3idmcO-QROnjUzuLhT0l3YgpA4jALWaYXzuhPlXc2-7SFR4FR3N_uQliOk.soy52Izcdm7XKQ1adYfqdYjGOW5t76_mGnhKNu9Hwls&dib_tag=se&keywords=drone+brushless+motor&qid=1785841762&sr=8-84&xpid=naSbYTUw6ULrn,https://m.media-amazon.com/images/I/31kVGAAEdTL._AC_UL320_.jpg,drone brushless motor
B0F6NB4TQP,"2804 Hollow Shaft BLDC Motor – AS5600 Encoder FOC Control Kit | 2804 Outer Rotor Hollow Shaft BlDC Motor , Fully Compatible with Foc Vector Control for Robot Gimbal Diy Projects",,,,$22.99,5.0,1,,https://www.amazon.com/2804-Hollow-Shaft-BLDC-Motor/dp/B0F6NB4TQP/ref=sr_1_85?dib=eyJ2IjoiMSJ9.Zsp4F-CvM0U-r0rhmli5WxIj7wdOcaSZC1Te_-8ununjlmEbDGQ3qEpTQJEnXarChrY-LVdlxnZefbMnDLicyTr_FdLOSt1atyu8exayhrph21hPpT0tK78eEJ05FNxpKEwANl8YAjREnYcltIg8JWqyrKKGzzAOt6Yhg98MJNNJ_UggF9krL-KFwOjhsZQNDmko2mKInPEnAq3sv-MCofF0Pb8pZ1rfQCwfMIx_Emp1m2bTE3idmcO-QROnjUzuLhT0l3YgpA4jALWaYXzuhPlXc2-7SFR4FR3N_uQliOk.soy52Izcdm7XKQ1adYfqdYjGOW5t76_mGnhKNu9Hwls&dib_tag=se&keywords=drone+brushless+motor&qid=1785841762&sr=8-85&xpid=naSbYTUw6ULrn,https://m.media-amazon.com/images/I/51XIRfucMUL._AC_UL320_.jpg,drone brushless motor
B0DDXWZD4J,2 Pairs XT30 to XT60 Plug RC Male Female Connector Adapter for RC FPV Drone Car Lipo NiMH Battery Charger ESC,,,,$6.99,4.7,124,400+ bought in past month,https://www.amazon.com/LINSYRC-Connector-Adapter-Battery-Charger/dp/B0DDXWZD4J/ref=sr_1_86?dib=eyJ2IjoiMSJ9.Zsp4F-CvM0U-r0rhmli5WxIj7wdOcaSZC1Te_-8ununjlmEbDGQ3qEpTQJEnXarChrY-LVdlxnZefbMnDLicyTr_FdLOSt1atyu8exayhrph21hPpT0tK78eEJ05FNxpKEwANl8YAjREnYcltIg8JWqyrKKGzzAOt6Yhg98MJNNJ_UggF9krL-KFwOjhsZQNDmko2mKInPEnAq3sv-MCofF0Pb8pZ1rfQCwfMIx_Emp1m2bTE3idmcO-QROnjUzuLhT0l3YgpA4jALWaYXzuhPlXc2-7SFR4FR3N_uQliOk.soy52Izcdm7XKQ1adYfqdYjGOW5t76_mGnhKNu9Hwls&dib_tag=se&keywords=drone+brushless+motor&qid=1785841762&sr=8-86&xpid=naSbYTUw6ULrn,https://m.media-amazon.com/images/I/61-E5GF-jVL._AC_UL320_.jpg,drone brushless motor
B0F1XZ8KP3,"AM32 80A 2-6S Brushless ESC, XT60 Electric Speed Controller 5.20-8.2V Adjustable with USB Programming for RC Car Crawler Drone Airplane Brushless Upgrade Parts",,,,$42.99,4.2,14,,https://www.amazon.com/80A-ESC-Brushless-Programming-Controller/dp/B0F1XZ8KP3/ref=sr_1_87?dib=eyJ2IjoiMSJ9.Zsp4F-CvM0U-r0rhmli5WxIj7wdOcaSZC1Te_-8ununjlmEbDGQ3qEpTQJEnXarChrY-LVdlxnZefbMnDLicyTr_FdLOSt1atyu8exayhrph21hPpT0tK78eEJ05FNxpKEwANl8YAjREnYcltIg8JWqyrKKGzzAOt6Yhg98MJNNJ_UggF9krL-KFwOjhsZQNDmko2mKInPEnAq3sv-MCofF0Pb8pZ1rfQCwfMIx_Emp1m2bTE3idmcO-QROnjUzuLhT0l3YgpA4jALWaYXzuhPlXc2-7SFR4FR3N_uQliOk.soy52Izcdm7XKQ1adYfqdYjGOW5t76_mGnhKNu9Hwls&dib_tag=se&keywords=drone+brushless+motor&qid=1785841762&sr=8-87&xpid=naSbYTUw6ULrn,https://m.media-amazon.com/images/I/61-HUyQCJZL._AC_UL320_.jpg,drone brushless motor
B09B23L4WG,LE2204 1800KV Brushless Motor 2-3S | For RC Airplane Fixed-Wing Airplane Aeroplane KT F3P,,,,$17.89,4.2,70,,https://www.amazon.com/Readytosky-Brushless-Airplane-Fixed-Wing-Aeroplane/dp/B09B23L4WG/ref=sr_1_88?dib=eyJ2IjoiMSJ9.Zsp4F-CvM0U-r0rhmli5WxIj7wdOcaSZC1Te_-8ununjlmEbDGQ3qEpTQJEnXarChrY-LVdlxnZefbMnDLicyTr_FdLOSt1atyu8exayhrph21hPpT0tK78eEJ05FNxpKEwANl8YAjREnYcltIg8JWqyrKKGzzAOt6Yhg98MJNNJ_UggF9krL-KFwOjhsZQNDmko2mKInPEnAq3sv-MCofF0Pb8pZ1rfQCwfMIx_Emp1m2bTE3idmcO-QROnjUzuLhT0l3YgpA4jALWaYXzuhPlXc2-7SFR4FR3N_uQliOk.soy52Izcdm7XKQ1adYfqdYjGOW5t76_mGnhKNu9Hwls&dib_tag=se&keywords=drone+brushless+motor&qid=1785841762&sr=8-88&xpid=naSbYTUw6ULrn,https://m.media-amazon.com/images/I/61X7XoFiBVL._AC_UL320_.jpg,drone brushless motor
B0D6GMFRW9,"Alomejor Brushless Motor, Lightweight Compact RC Motor Aluminum Copper Construction 18x7mm 4 Pack for hobbyists Drone Enthusiasts Model Aircraft Builders FPV quadcopters",,,,$15.09,5.0,1,,https://www.amazon.com/Lightweight-Airplane-Brushless-Airplanes-Aluminum/dp/B0D6GMFRW9/ref=sr_1_89?dib=eyJ2IjoiMSJ9.Zsp4F-CvM0U-r0rhmli5WxIj7wdOcaSZC1Te_-8ununjlmEbDGQ3qEpTQJEnXarChrY-LVdlxnZefbMnDLicyTr_FdLOSt1atyu8exayhrph21hPpT0tK78eEJ05FNxpKEwANl8YAjREnYcltIg8JWqyrKKGzzAOt6Yhg98MJNNJ_UggF9krL-KFwOjhsZQNDmko2mKInPEnAq3sv-MCofF0Pb8pZ1rfQCwfMIx_Emp1m2bTE3idmcO-QROnjUzuLhT0l3YgpA4jALWaYXzuhPlXc2-7SFR4FR3N_uQliOk.soy52Izcdm7XKQ1adYfqdYjGOW5t76_mGnhKNu9Hwls&dib_tag=se&keywords=drone+brushless+motor&qid=1785841762&sr=8-89&xpid=naSbYTUw6ULrn,https://m.media-amazon.com/images/I/61X7SDqgyqL._AC_UL320_.jpg,drone brushless motor
B08B4PC4FR,"GoolRC EMAX Tinyhawk II Freestyle BNF FPV Racing Drone with 120km/h High Speed, 5A ESC, 7000KV Brushless Motor, RunCam Nano2 700TVL, 37CH, 25/100/200mW VTX Power",RunCam,,,$153.49,3.9,47,,https://www.amazon.com/GoolRC-Tinyhawk-Freestyle-Racing-Brushless/dp/B08B4PC4FR/ref=sr_1_90?dib=eyJ2IjoiMSJ9.Zsp4F-CvM0U-r0rhmli5WxIj7wdOcaSZC1Te_-8ununjlmEbDGQ3qEpTQJEnXarChrY-LVdlxnZefbMnDLicyTr_FdLOSt1atyu8exayhrph21hPpT0tK78eEJ05FNxpKEwANl8YAjREnYcltIg8JWqyrKKGzzAOt6Yhg98MJNNJ_UggF9krL-KFwOjhsZQNDmko2mKInPEnAq3sv-MCofF0Pb8pZ1rfQCwfMIx_Emp1m2bTE3idmcO-QROnjUzuLhT0l3YgpA4jALWaYXzuhPlXc2-7SFR4FR3N_uQliOk.soy52Izcdm7XKQ1adYfqdYjGOW5t76_mGnhKNu9Hwls&dib_tag=se&keywords=drone+brushless+motor&qid=1785841762&sr=8-90&xpid=naSbYTUw6ULrn,https://m.media-amazon.com/images/I/61MzvKK9Q2L._AC_UL320_.jpg,drone brushless motor
B06WW9KTH4,Goolsky 4pcs A2212 1000KV Outrunner Motor + 4pcs HP 30A ESC + 4pairs 1045 Prop (B) Quad-Rotor,,,,,4.2,28,,https://www.amazon.com/Goolsky-1000KV-Outrunner-4pairs-Quad-Rotor/dp/B06WW9KTH4/ref=sr_1_91?dib=eyJ2IjoiMSJ9.Zsp4F-CvM0U-r0rhmli5WxIj7wdOcaSZC1Te_-8ununjlmEbDGQ3qEpTQJEnXarChrY-LVdlxnZefbMnDLicyTr_FdLOSt1atyu8exayhrph21hPpT0tK78eEJ05FNxpKEwANl8YAjREnYcltIg8JWqyrKKGzzAOt6Yhg98MJNNJ_UggF9krL-KFwOjhsZQNDmko2mKInPEnAq3sv-MCofF0Pb8pZ1rfQCwfMIx_Emp1m2bTE3idmcO-QROnjUzuLhT0l3YgpA4jALWaYXzuhPlXc2-7SFR4FR3N_uQliOk.soy52Izcdm7XKQ1adYfqdYjGOW5t76_mGnhKNu9Hwls&dib_tag=se&keywords=drone+brushless+motor&qid=1785841762&sr=8-91&xpid=naSbYTUw6ULrn,https://m.media-amazon.com/images/I/61ETJVoADAL._AC_UL320_.jpg,drone brushless motor
B0F997DWYF,"2PCS 40A Electric Brushless Motor Controller,ESC Speed Controller with XT60 and 3.5mm Bullet Plug for RC Drone RC Airplane Helicopter",,,,$22.99,4.1,14,,https://www.amazon.com/Electric-Brushless-Controller-Airplane-Helicopter/dp/B0F997DWYF/ref=sr_1_92?dib=eyJ2IjoiMSJ9.Zsp4F-CvM0U-r0rhmli5WxIj7wdOcaSZC1Te_-8ununjlmEbDGQ3qEpTQJEnXarChrY-LVdlxnZefbMnDLicyTr_FdLOSt1atyu8exayhrph21hPpT0tK78eEJ05FNxpKEwANl8YAjREnYcltIg8JWqyrKKGzzAOt6Yhg98MJNNJ_UggF9krL-KFwOjhsZQNDmko2mKInPEnAq3sv-MCofF0Pb8pZ1rfQCwfMIx_Emp1m2bTE3idmcO-QROnjUzuLhT0l3YgpA4jALWaYXzuhPlXc2-7SFR4FR3N_uQliOk.soy52Izcdm7XKQ1adYfqdYjGOW5t76_mGnhKNu9Hwls&dib_tag=se&keywords=drone+brushless+motor&qid=1785841762&sr=8-92&xpid=naSbYTUw6ULrn,https://m.media-amazon.com/images/I/619q949FuYL._AC_UL320_.jpg,drone brushless motor
B0CGVFWDGR,Radiolink SZ-Speed 2204-1600KV Brushless Motor Indoor and Outdoor Small Fixed-Wing Model Aircraft A560 Original Replacement,Radiolink,,,$14.99,5.0,3,,https://www.amazon.com/Radiolink-2204-1600KV-Brushless-Fixed-Wing-Replacement/dp/B0CGVFWDGR/ref=sr_1_93?dib=eyJ2IjoiMSJ9.Zsp4F-CvM0U-r0rhmli5WxIj7wdOcaSZC1Te_-8ununjlmEbDGQ3qEpTQJEnXarChrY-LVdlxnZefbMnDLicyTr_FdLOSt1atyu8exayhrph21hPpT0tK78eEJ05FNxpKEwANl8YAjREnYcltIg8JWqyrKKGzzAOt6Yhg98MJNNJ_UggF9krL-KFwOjhsZQNDmko2mKInPEnAq3sv-MCofF0Pb8pZ1rfQCwfMIx_Emp1m2bTE3idmcO-QROnjUzuLhT0l3YgpA4jALWaYXzuhPlXc2-7SFR4FR3N_uQliOk.soy52Izcdm7XKQ1adYfqdYjGOW5t76_mGnhKNu9Hwls&dib_tag=se&keywords=drone+brushless+motor&qid=1785841762&sr=8-93&xpid=naSbYTUw6ULrn,https://m.media-amazon.com/images/I/51PS4puQkuL._AC_UL320_.jpg,drone brushless motor
B08DY19WF1,A2212 1400KV RC Brushless Motor 30A ESC Motor SG90 Micro Servo 8060 Propeller Set for RC Plane Quadcopter Fixed Wing Plane Helicopter Aircraft,,,,$24.99,4.2,337,50+ bought in past month,https://www.amazon.com/abcGoodefg-Brushless-Propeller-Quadcopter-Helicopter/dp/B08DY19WF1/ref=sr_1_96?dib=eyJ2IjoiMSJ9.Zsp4F-CvM0U-r0rhmli5WxIj7wdOcaSZC1Te_-8ununjlmEbDGQ3qEpTQJEnXarChrY-LVdlxnZefbMnDLicyTr_FdLOSt1atyu8exayhrph21hPpT0tK78eEJ05FNxpKEwANl8YAjREnYcltIg8JWqyrKKGzzAOt6Yhg98MJNNJ_UggF9krL-KFwOjhsZQNDmko2mKInPEnAq3sv-MCofF0Pb8pZ1rfQCwfMIx_Emp1m2bTE3idmcO-QROnjUzuLhT0l3YgpA4jALWaYXzuhPlXc2-7SFR4FR3N_uQliOk.soy52Izcdm7XKQ1adYfqdYjGOW5t76_mGnhKNu9Hwls&dib_tag=se&keywords=drone+brushless+motor&qid=1785841762&sr=8-96&xpid=naSbYTUw6ULrn,https://m.media-amazon.com/images/I/711-PUvkc+L._AC_UL320_.jpg,drone brushless motor
B0D565LYBD,"Amoril 2852-3100 KV Brushless Motor for RZ001GA, Part Number RE028",,,,$45.99,,,,https://www.amazon.com/Amoril-2852-3100-Brushless-RZ001GA-RE028/dp/B0D565LYBD/ref=sr_1_97?dib=eyJ2IjoiMSJ9.Zsp4F-CvM0U-r0rhmli5WxIj7wdOcaSZC1Te_-8ununjlmEbDGQ3qEpTQJEnXarChrY-LVdlxnZefbMnDLicyTr_FdLOSt1atyu8exayhrph21hPpT0tK78eEJ05FNxpKEwANl8YAjREnYcltIg8JWqyrKKGzzAOt6Yhg98MJNNJ_UggF9krL-KFwOjhsZQNDmko2mKInPEnAq3sv-MCofF0Pb8pZ1rfQCwfMIx_Emp1m2bTE3idmcO-QROnjUzuLhT0l3YgpA4jALWaYXzuhPlXc2-7SFR4FR3N_uQliOk.soy52Izcdm7XKQ1adYfqdYjGOW5t76_mGnhKNu9Hwls&dib_tag=se&keywords=drone+brushless+motor&qid=1785841762&sr=8-97&xpid=naSbYTUw6ULrn,https://m.media-amazon.com/images/I/51EUNOsMmLL._AC_UL320_.jpg,drone brushless motor
B09XBBNNVR,"8Pack 8520 8.5x20mm 3.7V 53000RPM Coreless Mini DC Brushed Motors | 8520 coreless brushed DC motors, 3.7V high 53000RPM, lightweight compact, great for tiny drones, model aircraft",,,,$17.99,4.3,13,,https://www.amazon.com/DaFuRui-8520-8-5x20mm-Coreless-53000Rpm/dp/B09XBBNNVR/ref=sr_1_98?dib=eyJ2IjoiMSJ9.Zsp4F-CvM0U-r0rhmli5WxIj7wdOcaSZC1Te_-8ununjlmEbDGQ3qEpTQJEnXarChrY-LVdlxnZefbMnDLicyTr_FdLOSt1atyu8exayhrph21hPpT0tK78eEJ05FNxpKEwANl8YAjREnYcltIg8JWqyrKKGzzAOt6Yhg98MJNNJ_UggF9krL-KFwOjhsZQNDmko2mKInPEnAq3sv-MCofF0Pb8pZ1rfQCwfMIx_Emp1m2bTE3idmcO-QROnjUzuLhT0l3YgpA4jALWaYXzuhPlXc2-7SFR4FR3N_uQliOk.soy52Izcdm7XKQ1adYfqdYjGOW5t76_mGnhKNu9Hwls&dib_tag=se&keywords=drone+brushless+motor&qid=1785841762&sr=8-98&xpid=naSbYTUw6ULrn,https://m.media-amazon.com/images/I/71sHs8Qr-FL._AC_UL320_.jpg,drone brushless motor
B08VG4JHTJ,"16pcs 3-Blade Props high-Speed Propellers Popo, 5inch 128mm CW CCW for Racing Frame FPV Drone 2205 2206 2306 2307 Brushless Motors,GEMFAN 51499（4 Colors）",,,,$19.99,4.3,46,,https://www.amazon.com/3-Blade-high-Speed-Propellers-Brushless-51499%EF%BC%884/dp/B08VG4JHTJ/ref=sr_1_99?dib=eyJ2IjoiMSJ9.Zsp4F-CvM0U-r0rhmli5WxIj7wdOcaSZC1Te_-8ununjlmEbDGQ3qEpTQJEnXarChrY-LVdlxnZefbMnDLicyTr_FdLOSt1atyu8exayhrph21hPpT0tK78eEJ05FNxpKEwANl8YAjREnYcltIg8JWqyrKKGzzAOt6Yhg98MJNNJ_UggF9krL-KFwOjhsZQNDmko2mKInPEnAq3sv-MCofF0Pb8pZ1rfQCwfMIx_Emp1m2bTE3idmcO-QROnjUzuLhT0l3YgpA4jALWaYXzuhPlXc2-7SFR4FR3N_uQliOk.soy52Izcdm7XKQ1adYfqdYjGOW5t76_mGnhKNu9Hwls&dib_tag=se&keywords=drone+brushless+motor&qid=1785841762&sr=8-99&xpid=naSbYTUw6ULrn,https://m.media-amazon.com/images/I/61wEqMC+rYL._AC_UL320_.jpg,drone brushless motor
B0BFJ6D2W4,"HYPER GO B284B P003 2845 Brushless Motor with Heatsink and Cooling Fans RC Car Accessories, Spare Parts RC Vehicle Electric Motor for H16BM 16208 16209 16210",,,,$32.99,4.4,34,,https://www.amazon.com/HYPER-GO-P003-Brushless-Accessories/dp/B0BFJ6D2W4/ref=sr_1_100?dib=eyJ2IjoiMSJ9.Zsp4F-CvM0U-r0rhmli5WxIj7wdOcaSZC1Te_-8ununjlmEbDGQ3qEpTQJEnXarChrY-LVdlxnZefbMnDLicyTr_FdLOSt1atyu8exayhrph21hPpT0tK78eEJ05FNxpKEwANl8YAjREnYcltIg8JWqyrKKGzzAOt6Yhg98MJNNJ_UggF9krL-KFwOjhsZQNDmko2mKInPEnAq3sv-MCofF0Pb8pZ1rfQCwfMIx_Emp1m2bTE3idmcO-QROnjUzuLhT0l3YgpA4jALWaYXzuhPlXc2-7SFR4FR3N_uQliOk.soy52Izcdm7XKQ1adYfqdYjGOW5t76_mGnhKNu9Hwls&dib_tag=se&keywords=drone+brushless+motor&qid=1785841762&sr=8-100&xpid=naSbYTUw6ULrn,https://m.media-amazon.com/images/I/711+Zd1UKzL._AC_UL320_.jpg,drone brushless motor
B076M7G24G,8520 Coreless Brushed Motor Set 53000rpm 8.5x20mm + 75mm CW CCW Propeller,,,,$10.98,4.2,151,,https://www.amazon.com/Hobbypower-Coreless-53000rpm-8-5x20mm-Propeller/dp/B076M7G24G/ref=sr_1_101?dib=eyJ2IjoiMSJ9.Zsp4F-CvM0U-r0rhmli5WxIj7wdOcaSZC1Te_-8ununjlmEbDGQ3qEpTQJEnXarChrY-LVdlxnZefbMnDLicyTr_FdLOSt1atyu8exayhrph21hPpT0tK78eEJ05FNxpKEwANl8YAjREnYcltIg8JWqyrKKGzzAOt6Yhg98MJNNJ_UggF9krL-KFwOjhsZQNDmko2mKInPEnAq3sv-MCofF0Pb8pZ1rfQCwfMIx_Emp1m2bTE3idmcO-QROnjUzuLhT0l3YgpA4jALWaYXzuhPlXc2-7SFR4FR3N_uQliOk.soy52Izcdm7XKQ1adYfqdYjGOW5t76_mGnhKNu9Hwls&dib_tag=se&keywords=drone+brushless+motor&qid=1785841762&sr=8-101&xpid=naSbYTUw6ULrn,https://m.media-amazon.com/images/I/614Xfr+nTeL._AC_UL320_.jpg,drone brushless motor
B0CL6NYFFQ,"Happymodel Mobula8 85mm Wheelbase Drone Frame Accessories, 2PCS Black Micro FPV Whoop Frame for 2 inch Props 702/703/802/1002/1102/1103 Brushless Motors 1-2S Carbon Fiber Racing Quadcopter Frames",Happymodel,,,$17.99,4.9,48,,https://www.amazon.com/Happymodel-Wheelbase-Accessories-Brushless-Quadcopter/dp/B0CL6NYFFQ/ref=sr_1_102?dib=eyJ2IjoiMSJ9.Zsp4F-CvM0U-r0rhmli5WxIj7wdOcaSZC1Te_-8ununjlmEbDGQ3qEpTQJEnXarChrY-LVdlxnZefbMnDLicyTr_FdLOSt1atyu8exayhrph21hPpT0tK78eEJ05FNxpKEwANl8YAjREnYcltIg8JWqyrKKGzzAOt6Yhg98MJNNJ_UggF9krL-KFwOjhsZQNDmko2mKInPEnAq3sv-MCofF0Pb8pZ1rfQCwfMIx_Emp1m2bTE3idmcO-QROnjUzuLhT0l3YgpA4jALWaYXzuhPlXc2-7SFR4FR3N_uQliOk.soy52Izcdm7XKQ1adYfqdYjGOW5t76_mGnhKNu9Hwls&dib_tag=se&keywords=drone+brushless+motor&qid=1785841762&sr=8-102&xpid=naSbYTUw6ULrn,https://m.media-amazon.com/images/I/61yffVNviGL._AC_UL320_.jpg,drone brushless motor
B01N9ETA9Z,Crazepony 4pcs 6x15mm Motor (Speed: Insane) 19000KV for Blade Inductrix Tiny Whoop Micro JST 1.25 Plug,,,,$11.99,4.4,446,,https://www.amazon.com/Crazepony-4pcs-6x15mm-Motor-Speed/dp/B01N9ETA9Z/ref=sr_1_103?dib=eyJ2IjoiMSJ9.Zsp4F-CvM0U-r0rhmli5WxIj7wdOcaSZC1Te_-8ununjlmEbDGQ3qEpTQJEnXarChrY-LVdlxnZefbMnDLicyTr_FdLOSt1atyu8exayhrph21hPpT0tK78eEJ05FNxpKEwANl8YAjREnYcltIg8JWqyrKKGzzAOt6Yhg98MJNNJ_UggF9krL-KFwOjhsZQNDmko2mKInPEnAq3sv-MCofF0Pb8pZ1rfQCwfMIx_Emp1m2bTE3idmcO-QROnjUzuLhT0l3YgpA4jALWaYXzuhPlXc2-7SFR4FR3N_uQliOk.soy52Izcdm7XKQ1adYfqdYjGOW5t76_mGnhKNu9Hwls&dib_tag=se&keywords=drone+brushless+motor&qid=1785841762&sr=8-103&xpid=naSbYTUw6ULrn,https://m.media-amazon.com/images/I/71T00ll2GTL._AC_UL320_.jpg,drone brushless motor
B0G4QSPTV2,30A Brushless Motor Electronic Speed Controller + 3CH Digital Multi Servo Tester RC Speed Controller Checker ESC Consistency CCPM Master for RC Plane Helicopter,,,,$13.99,,,,https://www.amazon.com/Yuuhseel-Electronic-Controller-Consistency-Helicopter/dp/B0G4QSPTV2/ref=sr_1_104?dib=eyJ2IjoiMSJ9.Zsp4F-CvM0U-r0rhmli5WxIj7wdOcaSZC1Te_-8ununjlmEbDGQ3qEpTQJEnXarChrY-LVdlxnZefbMnDLicyTr_FdLOSt1atyu8exayhrph21hPpT0tK78eEJ05FNxpKEwANl8YAjREnYcltIg8JWqyrKKGzzAOt6Yhg98MJNNJ_UggF9krL-KFwOjhsZQNDmko2mKInPEnAq3sv-MCofF0Pb8pZ1rfQCwfMIx_Emp1m2bTE3idmcO-QROnjUzuLhT0l3YgpA4jALWaYXzuhPlXc2-7SFR4FR3N_uQliOk.soy52Izcdm7XKQ1adYfqdYjGOW5t76_mGnhKNu9Hwls&dib_tag=se&keywords=drone+brushless+motor&qid=1785841762&sr=8-104&xpid=naSbYTUw6ULrn,https://m.media-amazon.com/images/I/71UCbZmdoWL._AC_UL320_.jpg,drone brushless motor
B082W5KB8V,MAD 5008 EEE 170KV 240KV 300KV 340KV 400KV Brushless Motor RC Airplane Wing FPV Drone for The multirotor Quadcopter Drone RC Hobby rig (300KV),,,,$75.99,5.0,1,,https://www.amazon.com/MAD-5008-Brushless-Motors-Airplane/dp/B082W5KB8V/ref=sr_1_105?dib=eyJ2IjoiMSJ9.Zsp4F-CvM0U-r0rhmli5WxIj7wdOcaSZC1Te_-8ununjlmEbDGQ3qEpTQJEnXarChrY-LVdlxnZefbMnDLicyTr_FdLOSt1atyu8exayhrph21hPpT0tK78eEJ05FNxpKEwANl8YAjREnYcltIg8JWqyrKKGzzAOt6Yhg98MJNNJ_UggF9krL-KFwOjhsZQNDmko2mKInPEnAq3sv-MCofF0Pb8pZ1rfQCwfMIx_Emp1m2bTE3idmcO-QROnjUzuLhT0l3YgpA4jALWaYXzuhPlXc2-7SFR4FR3N_uQliOk.soy52Izcdm7XKQ1adYfqdYjGOW5t76_mGnhKNu9Hwls&dib_tag=se&keywords=drone+brushless+motor&qid=1785841762&sr=8-105&xpid=naSbYTUw6ULrn,https://m.media-amazon.com/images/I/51J-HBcnj7L._AC_UL320_.jpg,drone brushless motor
B087N961W2,Keenso RC Brushless Motor 2206 1450KV 20A A560 Outrunner Motor Metal Brushless Motor for RC Fixedwing Airplane (Black),,,,$20.95,3.8,25,,https://www.amazon.com/Keenso-Brushless-Outrunner-Fixedwing-Airplane/dp/B087N961W2/ref=sr_1_106?dib=eyJ2IjoiMSJ9.Zsp4F-CvM0U-r0rhmli5WxIj7wdOcaSZC1Te_-8ununjlmEbDGQ3qEpTQJEnXarChrY-LVdlxnZefbMnDLicyTr_FdLOSt1atyu8exayhrph21hPpT0tK78eEJ05FNxpKEwANl8YAjREnYcltIg8JWqyrKKGzzAOt6Yhg98MJNNJ_UggF9krL-KFwOjhsZQNDmko2mKInPEnAq3sv-MCofF0Pb8pZ1rfQCwfMIx_Emp1m2bTE3idmcO-QROnjUzuLhT0l3YgpA4jALWaYXzuhPlXc2-7SFR4FR3N_uQliOk.soy52Izcdm7XKQ1adYfqdYjGOW5t76_mGnhKNu9Hwls&dib_tag=se&keywords=drone+brushless+motor&qid=1785841762&sr=8-106&xpid=naSbYTUw6ULrn,https://m.media-amazon.com/images/I/61OyIcKr+KL._AC_UL320_.jpg,drone brushless motor
B09P44F1ZY,"S500 500mm Carbon Fiber Quadcopter Kit with 2212 920KV Brushless Motors, 30A Simonk ESC, 1045 Propellers - Adult Hobbyist Drone Frame",,,,$121.88,5.0,1,,https://www.amazon.com/500mm-Quadcopter-Brushless-Simonk-Propeller/dp/B09P44F1ZY/ref=sr_1_107?dib=eyJ2IjoiMSJ9.Zsp4F-CvM0U-r0rhmli5WxIj7wdOcaSZC1Te_-8ununjlmEbDGQ3qEpTQJEnXarChrY-LVdlxnZefbMnDLicyTr_FdLOSt1atyu8exayhrph21hPpT0tK78eEJ05FNxpKEwANl8YAjREnYcltIg8JWqyrKKGzzAOt6Yhg98MJNNJ_UggF9krL-KFwOjhsZQNDmko2mKInPEnAq3sv-MCofF0Pb8pZ1rfQCwfMIx_Emp1m2bTE3idmcO-QROnjUzuLhT0l3YgpA4jALWaYXzuhPlXc2-7SFR4FR3N_uQliOk.soy52Izcdm7XKQ1adYfqdYjGOW5t76_mGnhKNu9Hwls&dib_tag=se&keywords=drone+brushless+motor&qid=1785841762&sr=8-107&xpid=naSbYTUw6ULrn,https://m.media-amazon.com/images/I/6142EiknrFL._AC_UL320_.jpg,drone brushless motor
B0F2LZPV1Y,"Spektrum Accessories Firma 3652 3300Kv BL Motor: 22S, SPMXSM4800",,,,$49.99,5.0,1,,https://www.amazon.com/Spektrum-Accessories-Firma-3300Kv-Motor/dp/B0F2LZPV1Y/ref=sr_1_108?dib=eyJ2IjoiMSJ9.Zsp4F-CvM0U-r0rhmli5WxIj7wdOcaSZC1Te_-8ununjlmEbDGQ3qEpTQJEnXarChrY-LVdlxnZefbMnDLicyTr_FdLOSt1atyu8exayhrph21hPpT0tK78eEJ05FNxpKEwANl8YAjREnYcltIg8JWqyrKKGzzAOt6Yhg98MJNNJ_UggF9krL-KFwOjhsZQNDmko2mKInPEnAq3sv-MCofF0Pb8pZ1rfQCwfMIx_Emp1m2bTE3idmcO-QROnjUzuLhT0l3YgpA4jALWaYXzuhPlXc2-7SFR4FR3N_uQliOk.soy52Izcdm7XKQ1adYfqdYjGOW5t76_mGnhKNu9Hwls&dib_tag=se&keywords=drone+brushless+motor&qid=1785841762&sr=8-108&xpid=naSbYTUw6ULrn,https://m.media-amazon.com/images/I/61IVt5Bs7+L._AC_UL320_.jpg,drone brushless motor
B0DPB5H9K7,12Pairs Gemfan Hurricane 2023 3-Blade Props Propellers with 3 Holes for FPV Racing Toothpick Drones 12CW 12CCW,,,,$12.99,4.6,11,,https://www.amazon.com/Gemfan-Hurricane-3-Blade-Propellers-Toothpick/dp/B0DPB5H9K7/ref=sr_1_109?dib=eyJ2IjoiMSJ9.Zsp4F-CvM0U-r0rhmli5WxIj7wdOcaSZC1Te_-8ununjlmEbDGQ3qEpTQJEnXarChrY-LVdlxnZefbMnDLicyTr_FdLOSt1atyu8exayhrph21hPpT0tK78eEJ05FNxpKEwANl8YAjREnYcltIg8JWqyrKKGzzAOt6Yhg98MJNNJ_UggF9krL-KFwOjhsZQNDmko2mKInPEnAq3sv-MCofF0Pb8pZ1rfQCwfMIx_Emp1m2bTE3idmcO-QROnjUzuLhT0l3YgpA4jALWaYXzuhPlXc2-7SFR4FR3N_uQliOk.soy52Izcdm7XKQ1adYfqdYjGOW5t76_mGnhKNu9Hwls&dib_tag=se&keywords=drone+brushless+motor&qid=1785841762&sr=8-109&xpid=naSbYTUw6ULrn,https://m.media-amazon.com/images/I/612-H1VuJbL._AC_UL320_.jpg,drone brushless motor
B0F1KC8D4S,MT3510 Brushless Motor Outrunner RC Electric Motor fro RC Plane Racing Drone FPV & X Class Drone (700KV),,,,$33.99,4.5,2,,https://www.amazon.com/FLASH-HOBBY-Brushless-Outrunner-Electric/dp/B0F1KC8D4S/ref=sr_1_110?dib=eyJ2IjoiMSJ9.Zsp4F-CvM0U-r0rhmli5WxIj7wdOcaSZC1Te_-8ununjlmEbDGQ3qEpTQJEnXarChrY-LVdlxnZefbMnDLicyTr_FdLOSt1atyu8exayhrph21hPpT0tK78eEJ05FNxpKEwANl8YAjREnYcltIg8JWqyrKKGzzAOt6Yhg98MJNNJ_UggF9krL-KFwOjhsZQNDmko2mKInPEnAq3sv-MCofF0Pb8pZ1rfQCwfMIx_Emp1m2bTE3idmcO-QROnjUzuLhT0l3YgpA4jALWaYXzuhPlXc2-7SFR4FR3N_uQliOk.soy52Izcdm7XKQ1adYfqdYjGOW5t76_mGnhKNu9Hwls&dib_tag=se&keywords=drone+brushless+motor&qid=1785841762&sr=8-110&xpid=naSbYTUw6ULrn,https://m.media-amazon.com/images/I/61CTRr3ygRL._AC_UL320_.jpg,drone brushless motor
B0GTVGTVJN,Agricultural Crop Sprayer Drone 8 Gallon 37 Acres/Hr 150 Lbs Lift Daily Output 296 Acres 27 MPH speed Plant Protection UAV Heavy Duty Scale Crop Spraying Granule Spreading Seed Sowing Fertilizing,Generic,Precision Delivery LLC,,"$13,950.00",,,,https://www.amazon.com/Agricultural-Protection-Spraying-Spreading-Fertilizing/dp/B0GTVGTVJN/ref=sr_1_1?dib=eyJ2IjoiMSJ9.sG1Xsz7KQ_n8-yDVIMqb_MTZiMeVBTRcweQj5AEAFW5Go9NA3wuTGTzDOTeBFdGL1XNbMe24Aybihzi2MTyZI3GHgnssUgzgobiyrWI_hCG2Dze5ziNqIBEgA9SZQp5WwuaestxmyKBQT7hcdCPb_VVfFIfq-8Mw43QAdkwfiVf-RzZeePo43gFqYAciHGFymhSpCdpKo9ue68W1DXykQYlbvg9noKyBTMDRBOHOfvBiKiJFymgzaSNPsp90P71X42ZtYaK2JtDgEQP8lqv_1Ud6yDD2ZG7ARGfmYxlGAr4.-7jJSGTXxxoeoodZRBLLOsH2WpJNK4za3w-plUIYnjU&dib_tag=se&keywords=agricultural+spray+drone&qid=1785843067&sr=8-1,https://m.media-amazon.com/images/I/813DHpg3OdL._AC_UL320_.jpg,agricultural spray drone
B0F3BWZZSY,"CADDXFPV Walksnail Avatar Pro VTX Kit – Low-Light FPV Air Unit | 1080P/60FPS Video, 160° FOV, 1/1.8"" Starvis II Sensor, 22ms Latency, 4km HD Transmission for FPV Drones, RC Cars & Fixed-Wing",CADDXFPV,,Avatar Pro Kit,$169.99,4.5,75,100+ bought in past month,https://www.amazon.com/sspa/click?ie=UTF8&spc=MTo4MjA1ODE3Mjk3MTY4Mzk4OjE3ODU4NDMwNjc6c3BfYXRmOjMwMTE0NTEwMjgwMzYwMjo6MDo6&url=%2FCADDXFPV-Walksnail-Avatar-Pro-Kit%2Fdp%2FB0F3BWZZSY%2Fref%3Dsr_1_3_sspa%3Fdib%3DeyJ2IjoiMSJ9.sG1Xsz7KQ_n8-yDVIMqb_MTZiMeVBTRcweQj5AEAFW5Go9NA3wuTGTzDOTeBFdGL1XNbMe24Aybihzi2MTyZI3GHgnssUgzgobiyrWI_hCG2Dze5ziNqIBEgA9SZQp5WwuaestxmyKBQT7hcdCPb_VVfFIfq-8Mw43QAdkwfiVf-RzZeePo43gFqYAciHGFymhSpCdpKo9ue68W1DXykQYlbvg9noKyBTMDRBOHOfvBiKiJFymgzaSNPsp90P71X42ZtYaK2JtDgEQP8lqv_1Ud6yDD2ZG7ARGfmYxlGAr4.-7jJSGTXxxoeoodZRBLLOsH2WpJNK4za3w-plUIYnjU%26dib_tag%3Dse%26keywords%3Dagricultural%2Bspray%2Bdrone%26qid%3D1785843067%26sr%3D8-3-spons%26sp_csd%3Dd2lkZ2V0TmFtZT1zcF9hdGY%26psc%3D1,https://m.media-amazon.com/images/I/51soPUPrZbL._AC_UL320_.jpg,agricultural spray drone
B0H12Y6W6J,"BY-200 Compact Fogger with VectorClean™ – Powerful, Portable Garden and Backyard Fogger for Outdoor Gardens",Vectorfog,,,$190.00,4.8,10,,https://www.amazon.com/sspa/click?ie=UTF8&spc=MTo4MjA1ODE3Mjk3MTY4Mzk4OjE3ODU4NDMwNjc6c3BfYXRmOjMwMTM1OTcxNTM5NTEwMjo6MDo6&url=%2F200-Compact-Fogger-VectorCleanTM-Powerful%2Fdp%2FB0H12Y6W6J%2Fref%3Dsr_1_4_sspa%3Fdib%3DeyJ2IjoiMSJ9.sG1Xsz7KQ_n8-yDVIMqb_MTZiMeVBTRcweQj5AEAFW5Go9NA3wuTGTzDOTeBFdGL1XNbMe24Aybihzi2MTyZI3GHgnssUgzgobiyrWI_hCG2Dze5ziNqIBEgA9SZQp5WwuaestxmyKBQT7hcdCPb_VVfFIfq-8Mw43QAdkwfiVf-RzZeePo43gFqYAciHGFymhSpCdpKo9ue68W1DXykQYlbvg9noKyBTMDRBOHOfvBiKiJFymgzaSNPsp90P71X42ZtYaK2JtDgEQP8lqv_1Ud6yDD2ZG7ARGfmYxlGAr4.-7jJSGTXxxoeoodZRBLLOsH2WpJNK4za3w-plUIYnjU%26dib_tag%3Dse%26keywords%3Dagricultural%2Bspray%2Bdrone%26qid%3D1785843067%26sr%3D8-4-spons%26sp_csd%3Dd2lkZ2V0TmFtZT1zcF9hdGY%26psc%3D1,https://m.media-amazon.com/images/I/61-qmlGEHKL._AC_UL320_.jpg,agricultural spray drone
B0GHSQWGL5,"22L 5.8Gallon Electric Garden Sprayer, Wheeled Sprayer Powerful Electric Sprayer with 5 Mist Nozzles, Retractable Wand, Water Pump Sprayers with Adjustable Shoulder Strap for Lawn, Garden, Cleaning",CeaGoal,,,$114.99,,,,https://www.amazon.com/sspa/click?ie=UTF8&spc=MTo4MjA1ODE3Mjk3MTY4Mzk4OjE3ODU4NDMwNjc6c3BfYXRmOjMwMTIxMjQ0NjA3NTgwMjo6MDo6&url=%2F22L-Electric-Sprayer-Retractable-Adjustable%2Fdp%2FB0GHSQWGL5%2Fref%3Dsr_1_5_sspa%3Fdib%3DeyJ2IjoiMSJ9.sG1Xsz7KQ_n8-yDVIMqb_MTZiMeVBTRcweQj5AEAFW5Go9NA3wuTGTzDOTeBFdGL1XNbMe24Aybihzi2MTyZI3GHgnssUgzgobiyrWI_hCG2Dze5ziNqIBEgA9SZQp5WwuaestxmyKBQT7hcdCPb_VVfFIfq-8Mw43QAdkwfiVf-RzZeePo43gFqYAciHGFymhSpCdpKo9ue68W1DXykQYlbvg9noKyBTMDRBOHOfvBiKiJFymgzaSNPsp90P71X42ZtYaK2JtDgEQP8lqv_1Ud6yDD2ZG7ARGfmYxlGAr4.-7jJSGTXxxoeoodZRBLLOsH2WpJNK4za3w-plUIYnjU%26dib_tag%3Dse%26keywords%3Dagricultural%2Bspray%2Bdrone%26qid%3D1785843067%26sr%3D8-5-spons%26sp_csd%3Dd2lkZ2V0TmFtZT1zcF9hdGY%26psc%3D1,https://m.media-amazon.com/images/I/616aeIAkTuL._AC_UL320_.jpg,agricultural spray drone
B0H24WB5KT,2024 Ultralight Agricultural Spraydrone 1402mm 6-Axis 10KG Frame Precision Farming and Crop FIT for E610M Drone(E610M 1pcs),EcDwk,XYY PARTS STORE,EcDwk589721,"$1,300.78",,,,https://www.amazon.com/Ultralight-Agricultural-Spraydrone-Precision-Farming/dp/B0H24WB5KT/ref=sr_1_6?dib=eyJ2IjoiMSJ9.sG1Xsz7KQ_n8-yDVIMqb_MTZiMeVBTRcweQj5AEAFW5Go9NA3wuTGTzDOTeBFdGL1XNbMe24Aybihzi2MTyZI3GHgnssUgzgobiyrWI_hCG2Dze5ziNqIBEgA9SZQp5WwuaestxmyKBQT7hcdCPb_VVfFIfq-8Mw43QAdkwfiVf-RzZeePo43gFqYAciHGFymhSpCdpKo9ue68W1DXykQYlbvg9noKyBTMDRBOHOfvBiKiJFymgzaSNPsp90P71X42ZtYaK2JtDgEQP8lqv_1Ud6yDD2ZG7ARGfmYxlGAr4.-7jJSGTXxxoeoodZRBLLOsH2WpJNK4za3w-plUIYnjU&dib_tag=se&keywords=agricultural+spray+drone&qid=1785843067&sr=8-6,https://m.media-amazon.com/images/I/41wYckr0GtL._AC_UL320_.jpg,agricultural spray drone
B09P42S8D9,Agricultural Plant Protection Drone Spray Water Pump Flow Rate Adjustable Remote Control Switch Large Current Small Volume can b,Midzooparts,,,$24.98,,,,https://www.amazon.com/Agricultural-Protection-Adjustable-Control-Current/dp/B09P42S8D9/ref=sr_1_7?dib=eyJ2IjoiMSJ9.sG1Xsz7KQ_n8-yDVIMqb_MTZiMeVBTRcweQj5AEAFW5Go9NA3wuTGTzDOTeBFdGL1XNbMe24Aybihzi2MTyZI3GHgnssUgzgobiyrWI_hCG2Dze5ziNqIBEgA9SZQp5WwuaestxmyKBQT7hcdCPb_VVfFIfq-8Mw43QAdkwfiVf-RzZeePo43gFqYAciHGFymhSpCdpKo9ue68W1DXykQYlbvg9noKyBTMDRBOHOfvBiKiJFymgzaSNPsp90P71X42ZtYaK2JtDgEQP8lqv_1Ud6yDD2ZG7ARGfmYxlGAr4.-7jJSGTXxxoeoodZRBLLOsH2WpJNK4za3w-plUIYnjU&dib_tag=se&keywords=agricultural+spray+drone&qid=1785843067&sr=8-7,https://m.media-amazon.com/images/I/41tid+FpovL._AC_UL320_.jpg,agricultural spray drone
B0FL12L6H7,X1100 6L Agricultural Spraying Drone Frame – Quad Folding 6kg Capacity DIY UAV For Crop Fumigation & Spraying,CxzHtv,zhengzhouhonglushangmaoyouxiangongsi,CxzHtv86564,"$1,236.14",,,,https://www.amazon.com/X1100-Agricultural-Spraying-Drone-Frame/dp/B0FL12L6H7/ref=sr_1_8?dib=eyJ2IjoiMSJ9.sG1Xsz7KQ_n8-yDVIMqb_MTZiMeVBTRcweQj5AEAFW5Go9NA3wuTGTzDOTeBFdGL1XNbMe24Aybihzi2MTyZI3GHgnssUgzgobiyrWI_hCG2Dze5ziNqIBEgA9SZQp5WwuaestxmyKBQT7hcdCPb_VVfFIfq-8Mw43QAdkwfiVf-RzZeePo43gFqYAciHGFymhSpCdpKo9ue68W1DXykQYlbvg9noKyBTMDRBOHOfvBiKiJFymgzaSNPsp90P71X42ZtYaK2JtDgEQP8lqv_1Ud6yDD2ZG7ARGfmYxlGAr4.-7jJSGTXxxoeoodZRBLLOsH2WpJNK4za3w-plUIYnjU&dib_tag=se&keywords=agricultural+spray+drone&qid=1785843067&sr=8-8,https://m.media-amazon.com/images/I/31e61EN2ClL._AC_UL320_.jpg,agricultural spray drone
B0H27Z18RG,40L Water Tank Fit For DJI Agras T50 Agricultural Spray Drone UAV,moxjsemy,Maxuparts,moxjsemy1988,$282.92,,,,https://www.amazon.com/Water-Agras-Agricultural-Spray-Drone/dp/B0H27Z18RG/ref=sr_1_9?dib=eyJ2IjoiMSJ9.sG1Xsz7KQ_n8-yDVIMqb_MTZiMeVBTRcweQj5AEAFW5Go9NA3wuTGTzDOTeBFdGL1XNbMe24Aybihzi2MTyZI3GHgnssUgzgobiyrWI_hCG2Dze5ziNqIBEgA9SZQp5WwuaestxmyKBQT7hcdCPb_VVfFIfq-8Mw43QAdkwfiVf-RzZeePo43gFqYAciHGFymhSpCdpKo9ue68W1DXykQYlbvg9noKyBTMDRBOHOfvBiKiJFymgzaSNPsp90P71X42ZtYaK2JtDgEQP8lqv_1Ud6yDD2ZG7ARGfmYxlGAr4.-7jJSGTXxxoeoodZRBLLOsH2WpJNK4za3w-plUIYnjU&dib_tag=se&keywords=agricultural+spray+drone&qid=1785843067&sr=8-9,https://m.media-amazon.com/images/I/41-ZmIwVrXL._AC_UL320_.jpg,agricultural spray drone
B09P46GKR7,Agricultural Plant Protection Machine Drone Folding Rod Aluminum Alloy Spray bar Electric Sprayer Spray Boom Nozzle Parts Access,Midzooparts,,,$107.30,,,,https://www.amazon.com/Agricultural-Protection-Machine-Aluminum-Electric/dp/B09P46GKR7/ref=sr_1_10?dib=eyJ2IjoiMSJ9.sG1Xsz7KQ_n8-yDVIMqb_MTZiMeVBTRcweQj5AEAFW5Go9NA3wuTGTzDOTeBFdGL1XNbMe24Aybihzi2MTyZI3GHgnssUgzgobiyrWI_hCG2Dze5ziNqIBEgA9SZQp5WwuaestxmyKBQT7hcdCPb_VVfFIfq-8Mw43QAdkwfiVf-RzZeePo43gFqYAciHGFymhSpCdpKo9ue68W1DXykQYlbvg9noKyBTMDRBOHOfvBiKiJFymgzaSNPsp90P71X42ZtYaK2JtDgEQP8lqv_1Ud6yDD2ZG7ARGfmYxlGAr4.-7jJSGTXxxoeoodZRBLLOsH2WpJNK4za3w-plUIYnjU&dib_tag=se&keywords=agricultural+spray+drone&qid=1785843067&sr=8-10,https://m.media-amazon.com/images/I/41Fagp1k0GL._AC_UL320_.jpg,agricultural spray drone
B0FG6RVCWH,Drone Spraying Accessories Compatible With T40/T20P farming-related Drones,,,,,,,,https://www.amazon.com/Spraying-Accessories-Compatible-farming-related-Drones/dp/B0FG6RVCWH/ref=sr_1_11?dib=eyJ2IjoiMSJ9.sG1Xsz7KQ_n8-yDVIMqb_MTZiMeVBTRcweQj5AEAFW5Go9NA3wuTGTzDOTeBFdGL1XNbMe24Aybihzi2MTyZI3GHgnssUgzgobiyrWI_hCG2Dze5ziNqIBEgA9SZQp5WwuaestxmyKBQT7hcdCPb_VVfFIfq-8Mw43QAdkwfiVf-RzZeePo43gFqYAciHGFymhSpCdpKo9ue68W1DXykQYlbvg9noKyBTMDRBOHOfvBiKiJFymgzaSNPsp90P71X42ZtYaK2JtDgEQP8lqv_1Ud6yDD2ZG7ARGfmYxlGAr4.-7jJSGTXxxoeoodZRBLLOsH2WpJNK4za3w-plUIYnjU&dib_tag=se&keywords=agricultural+spray+drone&qid=1785843067&sr=8-11,https://m.media-amazon.com/images/I/41HoMbu-5wL._AC_UL320_.jpg,agricultural spray drone
B0FR4K1N33,"Maygrove 2 Gallon Electric Garden Sprayer, Rechargeable Telescopic Wand | Battery Powered Sprayer with 3 Nozzles, One-button Spraying for Yard, Lawn, Weed Control",,,,$29.99,4.0,121,100+ bought in past month,https://www.amazon.com/sspa/click?ie=UTF8&spc=MTo4MjA1ODE3Mjk3MTY4Mzk4OjE3ODU4NDMwNjc6c3BfbXRmOjMwMTEzNzgyODgzMjkwMjo6MDo6&url=%2FMAYGROVE-Indicator-Rechargeable-Telescopic-One-Button%2Fdp%2FB0FR4K1N33%2Fref%3Dsr_1_12_sspa%3Fdib%3DeyJ2IjoiMSJ9.sG1Xsz7KQ_n8-yDVIMqb_MTZiMeVBTRcweQj5AEAFW5Go9NA3wuTGTzDOTeBFdGL1XNbMe24Aybihzi2MTyZI3GHgnssUgzgobiyrWI_hCG2Dze5ziNqIBEgA9SZQp5WwuaestxmyKBQT7hcdCPb_VVfFIfq-8Mw43QAdkwfiVf-RzZeePo43gFqYAciHGFymhSpCdpKo9ue68W1DXykQYlbvg9noKyBTMDRBOHOfvBiKiJFymgzaSNPsp90P71X42ZtYaK2JtDgEQP8lqv_1Ud6yDD2ZG7ARGfmYxlGAr4.-7jJSGTXxxoeoodZRBLLOsH2WpJNK4za3w-plUIYnjU%26dib_tag%3Dse%26keywords%3Dagricultural%2Bspray%2Bdrone%26qid%3D1785843067%26sr%3D8-12-spons%26sp_csd%3Dd2lkZ2V0TmFtZT1zcF9tdGY%26psc%3D1,https://m.media-amazon.com/images/I/61XnKdooL2L._AC_UL320_.jpg,agricultural spray drone
B0FFM291J8,"2L/0.5Gallon Electric Water Sprayer - Rechargeable Battery Powered Mister for Plants, Weeds, Cleaning & pet Cooling, Handheld Sprayer with Nozzle and Extension Wand",,,,$22.99,4.2,51,,https://www.amazon.com/sspa/click?ie=UTF8&spc=MTo4MjA1ODE3Mjk3MTY4Mzk4OjE3ODU4NDMwNjc6c3BfbXRmOjMwMDg4MzM5Nzc1NDQwMjo6MDo6&url=%2FPinaGray-2L-0-5Gallon-Electric-Sprayer%2Fdp%2FB0FFM291J8%2Fref%3Dsr_1_13_sspa%3Fdib%3DeyJ2IjoiMSJ9.sG1Xsz7KQ_n8-yDVIMqb_MTZiMeVBTRcweQj5AEAFW5Go9NA3wuTGTzDOTeBFdGL1XNbMe24Aybihzi2MTyZI3GHgnssUgzgobiyrWI_hCG2Dze5ziNqIBEgA9SZQp5WwuaestxmyKBQT7hcdCPb_VVfFIfq-8Mw43QAdkwfiVf-RzZeePo43gFqYAciHGFymhSpCdpKo9ue68W1DXykQYlbvg9noKyBTMDRBOHOfvBiKiJFymgzaSNPsp90P71X42ZtYaK2JtDgEQP8lqv_1Ud6yDD2ZG7ARGfmYxlGAr4.-7jJSGTXxxoeoodZRBLLOsH2WpJNK4za3w-plUIYnjU%26dib_tag%3Dse%26keywords%3Dagricultural%2Bspray%2Bdrone%26qid%3D1785843067%26sr%3D8-13-spons%26sp_csd%3Dd2lkZ2V0TmFtZT1zcF9tdGY%26psc%3D1,https://m.media-amazon.com/images/I/711qRO9sISL._AC_UL320_.jpg,agricultural spray drone
B000HHO8IG,SOLO 430-2G 2-Gallon Handheld Sprayer with Viton® Seals in Key Locations,,,,,4.1,1811,400+ bought in past month,https://www.amazon.com/sspa/click?ie=UTF8&spc=MTo4MjA1ODE3Mjk3MTY4Mzk4OjE3ODU4NDMwNjc6c3BfbXRmOjIwMDEyMjUxNDU1ODM5ODo6MDo6&url=%2FSolo-430-2G-2-Gallon-Multiple-Spraying%2Fdp%2FB000HHO8IG%2Fref%3Dsr_1_14_sspa%3Fdib%3DeyJ2IjoiMSJ9.sG1Xsz7KQ_n8-yDVIMqb_MTZiMeVBTRcweQj5AEAFW5Go9NA3wuTGTzDOTeBFdGL1XNbMe24Aybihzi2MTyZI3GHgnssUgzgobiyrWI_hCG2Dze5ziNqIBEgA9SZQp5WwuaestxmyKBQT7hcdCPb_VVfFIfq-8Mw43QAdkwfiVf-RzZeePo43gFqYAciHGFymhSpCdpKo9ue68W1DXykQYlbvg9noKyBTMDRBOHOfvBiKiJFymgzaSNPsp90P71X42ZtYaK2JtDgEQP8lqv_1Ud6yDD2ZG7ARGfmYxlGAr4.-7jJSGTXxxoeoodZRBLLOsH2WpJNK4za3w-plUIYnjU%26dib_tag%3Dse%26keywords%3Dagricultural%2Bspray%2Bdrone%26qid%3D1785843067%26sr%3D8-14-spons%26sp_csd%3Dd2lkZ2V0TmFtZT1zcF9tdGY%26psc%3D1,https://m.media-amazon.com/images/I/41pkUOcmhsL._AC_UL320_.jpg,agricultural spray drone
B07PDL5CR6,"Battery Operated Versatile and Multi-Purpose Foldable Power Sprayer with Holster Easily attaching to Most Available Gallon Jugs Having 38-SP400 Neck for Gardening,Cleaning and Disinfecting",,,,$19.99,4.1,1191,100+ bought in past month,https://www.amazon.com/sspa/click?ie=UTF8&spc=MTo4MjA1ODE3Mjk3MTY4Mzk4OjE3ODU4NDMwNjc6c3BfbXRmOjIwMDA2ODE4NTgxMjY5ODo6MDo6&url=%2FWeirran-Versatile-Multi-Purpose-attaching-Disinfecting%2Fdp%2FB07PDL5CR6%2Fref%3Dsr_1_15_sspa%3Fdib%3DeyJ2IjoiMSJ9.sG1Xsz7KQ_n8-yDVIMqb_MTZiMeVBTRcweQj5AEAFW5Go9NA3wuTGTzDOTeBFdGL1XNbMe24Aybihzi2MTyZI3GHgnssUgzgobiyrWI_hCG2Dze5ziNqIBEgA9SZQp5WwuaestxmyKBQT7hcdCPb_VVfFIfq-8Mw43QAdkwfiVf-RzZeePo43gFqYAciHGFymhSpCdpKo9ue68W1DXykQYlbvg9noKyBTMDRBOHOfvBiKiJFymgzaSNPsp90P71X42ZtYaK2JtDgEQP8lqv_1Ud6yDD2ZG7ARGfmYxlGAr4.-7jJSGTXxxoeoodZRBLLOsH2WpJNK4za3w-plUIYnjU%26dib_tag%3Dse%26keywords%3Dagricultural%2Bspray%2Bdrone%26qid%3D1785843067%26sr%3D8-15-spons%26sp_csd%3Dd2lkZ2V0TmFtZT1zcF9tdGY%26psc%3D1,https://m.media-amazon.com/images/I/5158W7BXkIL._AC_UL320_.jpg,agricultural spray drone
B0FNX671PF,41135 Carbon Propeller Fit For X11 UAV EA-30X (Convex And Contra-rotating Propellers)(2pcs CW),,,,,,,,https://www.amazon.com/Carbon-Propeller-EA-30X-Contra-rotating-Propellers/dp/B0FNX671PF/ref=sr_1_16?dib=eyJ2IjoiMSJ9.sG1Xsz7KQ_n8-yDVIMqb_MTZiMeVBTRcweQj5AEAFW5Go9NA3wuTGTzDOTeBFdGL1XNbMe24Aybihzi2MTyZI3GHgnssUgzgobiyrWI_hCG2Dze5ziNqIBEgA9SZQp5WwuaestxmyKBQT7hcdCPb_VVfFIfq-8Mw43QAdkwfiVf-RzZeePo43gFqYAciHGFymhSpCdpKo9ue68W1DXykQYlbvg9noKyBTMDRBOHOfvBiKiJFymgzaSNPsp90P71X42ZtYaK2JtDgEQP8lqv_1Ud6yDD2ZG7ARGfmYxlGAr4.-7jJSGTXxxoeoodZRBLLOsH2WpJNK4za3w-plUIYnjU&dib_tag=se&keywords=agricultural+spray+drone&qid=1785843067&sr=8-16,https://m.media-amazon.com/images/I/618jUgtheYL._AC_UL320_.jpg,agricultural spray drone
B0978WSKXV,Hose Connector Wide-Angle Fan-Shaped Atomization Nozzle Agricultural Drone Spray System Accessories Knapsack Sprayer 200 Pcs (Color : Yellow),,,,$63.09,,,,https://www.amazon.com/Wide-Angle-Fan-Shaped-Atomization-Agricultural-Accessories/dp/B0978WSKXV/ref=sr_1_17?dib=eyJ2IjoiMSJ9.sG1Xsz7KQ_n8-yDVIMqb_MTZiMeVBTRcweQj5AEAFW5Go9NA3wuTGTzDOTeBFdGL1XNbMe24Aybihzi2MTyZI3GHgnssUgzgobiyrWI_hCG2Dze5ziNqIBEgA9SZQp5WwuaestxmyKBQT7hcdCPb_VVfFIfq-8Mw43QAdkwfiVf-RzZeePo43gFqYAciHGFymhSpCdpKo9ue68W1DXykQYlbvg9noKyBTMDRBOHOfvBiKiJFymgzaSNPsp90P71X42ZtYaK2JtDgEQP8lqv_1Ud6yDD2ZG7ARGfmYxlGAr4.-7jJSGTXxxoeoodZRBLLOsH2WpJNK4za3w-plUIYnjU&dib_tag=se&keywords=agricultural+spray+drone&qid=1785843067&sr=8-17,https://m.media-amazon.com/images/I/3186kq8e45L._AC_UL320_.jpg,agricultural spray drone
B0H9YSWTBT,Garden Sprinkler 200 Pcs Wide-Angle Fan-Shaped Atomization Nozzle Agricultural Drone Spray System Accessories Knapsack Sprayer,,,,$122.46,,,,https://www.amazon.com/Wide-Angle-Fan-Shaped-Atomization-Agricultural-Accessories/dp/B0H9YSWTBT/ref=sr_1_18?dib=eyJ2IjoiMSJ9.sG1Xsz7KQ_n8-yDVIMqb_MTZiMeVBTRcweQj5AEAFW5Go9NA3wuTGTzDOTeBFdGL1XNbMe24Aybihzi2MTyZI3GHgnssUgzgobiyrWI_hCG2Dze5ziNqIBEgA9SZQp5WwuaestxmyKBQT7hcdCPb_VVfFIfq-8Mw43QAdkwfiVf-RzZeePo43gFqYAciHGFymhSpCdpKo9ue68W1DXykQYlbvg9noKyBTMDRBOHOfvBiKiJFymgzaSNPsp90P71X42ZtYaK2JtDgEQP8lqv_1Ud6yDD2ZG7ARGfmYxlGAr4.-7jJSGTXxxoeoodZRBLLOsH2WpJNK4za3w-plUIYnjU&dib_tag=se&keywords=agricultural+spray+drone&qid=1785843067&sr=8-18,https://m.media-amazon.com/images/I/41GTKqwbpmL._AC_UL320_.jpg,agricultural spray drone
B0H9YZLJQL,Garden Sprinkler 200 Pcs Wide-Angle Fan-Shaped Atomization Nozzle Agricultural Drone Spray System Accessories Knapsack Sprayer,,,,$122.46,,,,https://www.amazon.com/Wide-Angle-Fan-Shaped-Atomization-Agricultural-Accessories/dp/B0H9YZLJQL/ref=sr_1_19?dib=eyJ2IjoiMSJ9.sG1Xsz7KQ_n8-yDVIMqb_MTZiMeVBTRcweQj5AEAFW5Go9NA3wuTGTzDOTeBFdGL1XNbMe24Aybihzi2MTyZI3GHgnssUgzgobiyrWI_hCG2Dze5ziNqIBEgA9SZQp5WwuaestxmyKBQT7hcdCPb_VVfFIfq-8Mw43QAdkwfiVf-RzZeePo43gFqYAciHGFymhSpCdpKo9ue68W1DXykQYlbvg9noKyBTMDRBOHOfvBiKiJFymgzaSNPsp90P71X42ZtYaK2JtDgEQP8lqv_1Ud6yDD2ZG7ARGfmYxlGAr4.-7jJSGTXxxoeoodZRBLLOsH2WpJNK4za3w-plUIYnjU&dib_tag=se&keywords=agricultural+spray+drone&qid=1785843067&sr=8-19,https://m.media-amazon.com/images/I/41zW1IhuZXL._AC_UL320_.jpg,agricultural spray drone
B0CPS41PB7,"Heavy Duty Stainless Steel Sprayer, 1.5 Gallon Pump Sprayer, 6L Stainless Hand Pump Sprayer for Lawn, Garden Watering, Floor Cleaning (16 Wand & 3.3FT, Silver)",,,,$77.99,4.0,78,,https://www.amazon.com/sspa/click?ie=UTF8&spc=MTo4MjA1ODE3Mjk3MTY4Mzk4OjE3ODU4NDMwNjc6c3BfbXRmOjMwMTM5MTY2MTk1NTMwMjo6MDo6&url=%2FLiGuVCY-Stainless-Sprayer-Watering-Cleaning%2Fdp%2FB0CPS41PB7%2Fref%3Dsr_1_20_sspa%3Fdib%3DeyJ2IjoiMSJ9.sG1Xsz7KQ_n8-yDVIMqb_MTZiMeVBTRcweQj5AEAFW5Go9NA3wuTGTzDOTeBFdGL1XNbMe24Aybihzi2MTyZI3GHgnssUgzgobiyrWI_hCG2Dze5ziNqIBEgA9SZQp5WwuaestxmyKBQT7hcdCPb_VVfFIfq-8Mw43QAdkwfiVf-RzZeePo43gFqYAciHGFymhSpCdpKo9ue68W1DXykQYlbvg9noKyBTMDRBOHOfvBiKiJFymgzaSNPsp90P71X42ZtYaK2JtDgEQP8lqv_1Ud6yDD2ZG7ARGfmYxlGAr4.-7jJSGTXxxoeoodZRBLLOsH2WpJNK4za3w-plUIYnjU%26dib_tag%3Dse%26keywords%3Dagricultural%2Bspray%2Bdrone%26qid%3D1785843067%26sr%3D8-20-spons%26sp_csd%3Dd2lkZ2V0TmFtZT1zcF9tdGY%26psc%3D1,https://m.media-amazon.com/images/I/51n9FStCmLL._AC_UL320_.jpg,agricultural spray drone
B0GX5DTFCH,"2 Gallon Electric Sprayer – Garden Sprayer for Weeds, Lawn Care & Pesticides – 23.62” Retractable Wand, 6 Nozzles & Easy Carry Handle – Durable & Lightweight, Blue",,,,$27.99,3.8,25,100+ bought in past month,https://www.amazon.com/sspa/click?ie=UTF8&spc=MTo4MjA1ODE3Mjk3MTY4Mzk4OjE3ODU4NDMwNjc6c3BfbXRmOjMwMTM0ODQzNzY3NDkwMjo6MDo6&url=%2FGallon-Electric-Sprayer-Retractable-Lightweight%2Fdp%2FB0GX5DTFCH%2Fref%3Dsr_1_21_sspa%3Fdib%3DeyJ2IjoiMSJ9.sG1Xsz7KQ_n8-yDVIMqb_MTZiMeVBTRcweQj5AEAFW5Go9NA3wuTGTzDOTeBFdGL1XNbMe24Aybihzi2MTyZI3GHgnssUgzgobiyrWI_hCG2Dze5ziNqIBEgA9SZQp5WwuaestxmyKBQT7hcdCPb_VVfFIfq-8Mw43QAdkwfiVf-RzZeePo43gFqYAciHGFymhSpCdpKo9ue68W1DXykQYlbvg9noKyBTMDRBOHOfvBiKiJFymgzaSNPsp90P71X42ZtYaK2JtDgEQP8lqv_1Ud6yDD2ZG7ARGfmYxlGAr4.-7jJSGTXxxoeoodZRBLLOsH2WpJNK4za3w-plUIYnjU%26dib_tag%3Dse%26keywords%3Dagricultural%2Bspray%2Bdrone%26qid%3D1785843067%26sr%3D8-21-spons%26sp_csd%3Dd2lkZ2V0TmFtZT1zcF9tdGY%26psc%3D1,https://m.media-amazon.com/images/I/81ko7wb3BeL._AC_UL320_.jpg,agricultural spray drone
B0H9LZ8NT4,Garden Sprinkler 200 Pcs Wide-Angle Fan-Shaped Atomization Nozzle Agricultural Drone Spray System Accessories Knapsack Sprayer,,,,$122.46,,,,https://www.amazon.com/Wide-Angle-Fan-Shaped-Atomization-Agricultural-Accessories/dp/B0H9LZ8NT4/ref=sr_1_22?dib=eyJ2IjoiMSJ9.sG1Xsz7KQ_n8-yDVIMqb_MTZiMeVBTRcweQj5AEAFW5Go9NA3wuTGTzDOTeBFdGL1XNbMe24Aybihzi2MTyZI3GHgnssUgzgobiyrWI_hCG2Dze5ziNqIBEgA9SZQp5WwuaestxmyKBQT7hcdCPb_VVfFIfq-8Mw43QAdkwfiVf-RzZeePo43gFqYAciHGFymhSpCdpKo9ue68W1DXykQYlbvg9noKyBTMDRBOHOfvBiKiJFymgzaSNPsp90P71X42ZtYaK2JtDgEQP8lqv_1Ud6yDD2ZG7ARGfmYxlGAr4.-7jJSGTXxxoeoodZRBLLOsH2WpJNK4za3w-plUIYnjU&dib_tag=se&keywords=agricultural+spray+drone&qid=1785843067&sr=8-22,https://m.media-amazon.com/images/I/41X3LClp5AL._AC_UL320_.jpg,agricultural spray drone
B0H9YV39WP,Garden Sprinkler 200 Pcs Wide-Angle Fan-Shaped Atomization Nozzle Agricultural Drone Spray System Accessories Knapsack Sprayer,,,,$122.46,,,,https://www.amazon.com/Wide-Angle-Fan-Shaped-Atomization-Agricultural-Accessories/dp/B0H9YV39WP/ref=sr_1_23?dib=eyJ2IjoiMSJ9.sG1Xsz7KQ_n8-yDVIMqb_MTZiMeVBTRcweQj5AEAFW5Go9NA3wuTGTzDOTeBFdGL1XNbMe24Aybihzi2MTyZI3GHgnssUgzgobiyrWI_hCG2Dze5ziNqIBEgA9SZQp5WwuaestxmyKBQT7hcdCPb_VVfFIfq-8Mw43QAdkwfiVf-RzZeePo43gFqYAciHGFymhSpCdpKo9ue68W1DXykQYlbvg9noKyBTMDRBOHOfvBiKiJFymgzaSNPsp90P71X42ZtYaK2JtDgEQP8lqv_1Ud6yDD2ZG7ARGfmYxlGAr4.-7jJSGTXxxoeoodZRBLLOsH2WpJNK4za3w-plUIYnjU&dib_tag=se&keywords=agricultural+spray+drone&qid=1785843067&sr=8-23,https://m.media-amazon.com/images/I/41XGTRVB7bL._AC_UL320_.jpg,agricultural spray drone
B0H9QZFGHF,Garden Sprinkler 200 Pcs Wide-Angle Fan-Shaped Atomization Nozzle Agricultural Drone Spray System Accessories Knapsack Sprayer,,,,$122.46,,,,https://www.amazon.com/Wide-Angle-Fan-Shaped-Atomization-Agricultural-Accessories/dp/B0H9QZFGHF/ref=sr_1_24?dib=eyJ2IjoiMSJ9.sG1Xsz7KQ_n8-yDVIMqb_MTZiMeVBTRcweQj5AEAFW5Go9NA3wuTGTzDOTeBFdGL1XNbMe24Aybihzi2MTyZI3GHgnssUgzgobiyrWI_hCG2Dze5ziNqIBEgA9SZQp5WwuaestxmyKBQT7hcdCPb_VVfFIfq-8Mw43QAdkwfiVf-RzZeePo43gFqYAciHGFymhSpCdpKo9ue68W1DXykQYlbvg9noKyBTMDRBOHOfvBiKiJFymgzaSNPsp90P71X42ZtYaK2JtDgEQP8lqv_1Ud6yDD2ZG7ARGfmYxlGAr4.-7jJSGTXxxoeoodZRBLLOsH2WpJNK4za3w-plUIYnjU&dib_tag=se&keywords=agricultural+spray+drone&qid=1785843067&sr=8-24,https://m.media-amazon.com/images/I/41QNQWQeU5L._AC_UL320_.jpg,agricultural spray drone
B0H85S62PZ,Agricultural Dr-one Has A Six-axis 10L Frame And A Classic Six-axis Foldable Body Easy Transfer And Transpo FIT FOR E610P,,,,"$7,668.54",,,,https://www.amazon.com/Agricultural-Six-axis-Classic-Foldable-Transfer/dp/B0H85S62PZ/ref=sr_1_25?dib=eyJ2IjoiMSJ9.sG1Xsz7KQ_n8-yDVIMqb_MTZiMeVBTRcweQj5AEAFW5Go9NA3wuTGTzDOTeBFdGL1XNbMe24Aybihzi2MTyZI3GHgnssUgzgobiyrWI_hCG2Dze5ziNqIBEgA9SZQp5WwuaestxmyKBQT7hcdCPb_VVfFIfq-8Mw43QAdkwfiVf-RzZeePo43gFqYAciHGFymhSpCdpKo9ue68W1DXykQYlbvg9noKyBTMDRBOHOfvBiKiJFymgzaSNPsp90P71X42ZtYaK2JtDgEQP8lqv_1Ud6yDD2ZG7ARGfmYxlGAr4.-7jJSGTXxxoeoodZRBLLOsH2WpJNK4za3w-plUIYnjU&dib_tag=se&keywords=agricultural+spray+drone&qid=1785843067&sr=8-25,https://m.media-amazon.com/images/I/419lEQtnWnL._AC_UL320_.jpg,agricultural spray drone
B0FLPQKDQY,G610 Six-axis 1460mm Wheelbase External Water Tank Frame Kit Fit For 10L Folding Agricultural Spraying Drone(G610 white frame),,,,"$2,210.21",,,,https://www.amazon.com/Six-axis-Wheelbase-External-Agricultural-Spraying/dp/B0FLPQKDQY/ref=sr_1_26?dib=eyJ2IjoiMSJ9.sG1Xsz7KQ_n8-yDVIMqb_MTZiMeVBTRcweQj5AEAFW5Go9NA3wuTGTzDOTeBFdGL1XNbMe24Aybihzi2MTyZI3GHgnssUgzgobiyrWI_hCG2Dze5ziNqIBEgA9SZQp5WwuaestxmyKBQT7hcdCPb_VVfFIfq-8Mw43QAdkwfiVf-RzZeePo43gFqYAciHGFymhSpCdpKo9ue68W1DXykQYlbvg9noKyBTMDRBOHOfvBiKiJFymgzaSNPsp90P71X42ZtYaK2JtDgEQP8lqv_1Ud6yDD2ZG7ARGfmYxlGAr4.-7jJSGTXxxoeoodZRBLLOsH2WpJNK4za3w-plUIYnjU&dib_tag=se&keywords=agricultural+spray+drone&qid=1785843067&sr=8-26,https://m.media-amazon.com/images/I/411bM97RmGL._AC_UL320_.jpg,agricultural spray drone
B0FLP4C3HR,X6-16 16L 6-Axis Suspension Foldable Frame Kit For Agricultural Spraying Use,,,,"$1,605.24",,,,https://www.amazon.com/6-Axis-Suspension-Foldable-Agricultural-Spraying/dp/B0FLP4C3HR/ref=sr_1_27?dib=eyJ2IjoiMSJ9.sG1Xsz7KQ_n8-yDVIMqb_MTZiMeVBTRcweQj5AEAFW5Go9NA3wuTGTzDOTeBFdGL1XNbMe24Aybihzi2MTyZI3GHgnssUgzgobiyrWI_hCG2Dze5ziNqIBEgA9SZQp5WwuaestxmyKBQT7hcdCPb_VVfFIfq-8Mw43QAdkwfiVf-RzZeePo43gFqYAciHGFymhSpCdpKo9ue68W1DXykQYlbvg9noKyBTMDRBOHOfvBiKiJFymgzaSNPsp90P71X42ZtYaK2JtDgEQP8lqv_1Ud6yDD2ZG7ARGfmYxlGAr4.-7jJSGTXxxoeoodZRBLLOsH2WpJNK4za3w-plUIYnjU&dib_tag=se&keywords=agricultural+spray+drone&qid=1785843067&sr=8-27,https://m.media-amazon.com/images/I/41yi-a4p+tL._AC_UL320_.jpg,agricultural spray drone
B0H1PB4CWP,4-axis 10L Agricultural Machine Frame with an Enclosed Folding Agricultural Sprayer Without Power Supply Fit for E410P Drone(40x320 XT90),,,,"$1,904.82",,,,https://www.amazon.com/Agricultural-Machine-Enclosed-Folding-Sprayer/dp/B0H1PB4CWP/ref=sr_1_28?dib=eyJ2IjoiMSJ9.sG1Xsz7KQ_n8-yDVIMqb_MTZiMeVBTRcweQj5AEAFW5Go9NA3wuTGTzDOTeBFdGL1XNbMe24Aybihzi2MTyZI3GHgnssUgzgobiyrWI_hCG2Dze5ziNqIBEgA9SZQp5WwuaestxmyKBQT7hcdCPb_VVfFIfq-8Mw43QAdkwfiVf-RzZeePo43gFqYAciHGFymhSpCdpKo9ue68W1DXykQYlbvg9noKyBTMDRBOHOfvBiKiJFymgzaSNPsp90P71X42ZtYaK2JtDgEQP8lqv_1Ud6yDD2ZG7ARGfmYxlGAr4.-7jJSGTXxxoeoodZRBLLOsH2WpJNK4za3w-plUIYnjU&dib_tag=se&keywords=agricultural+spray+drone&qid=1785843067&sr=8-28,https://m.media-amazon.com/images/I/51jU6J7YxjL._AC_UL320_.jpg,agricultural spray drone
B0FFY3H3W4,Sunshade Sunhood for DJI RC Plus 2 Remote Anti-Glare Sun Hood Joystick Screen Protector Cover for DJI FlyCart 100/Matrice 4T/4E/4TD/4D/400/T60/T25P/T70/T70P/T100 Drones Controller (Sunhood),DJI,,,$31.99,2.7,3,,https://www.amazon.com/Sunshade-Anti-Glare-Joystick-Protector-Controller/dp/B0FFY3H3W4/ref=sr_1_29?dib=eyJ2IjoiMSJ9.sG1Xsz7KQ_n8-yDVIMqb_MTZiMeVBTRcweQj5AEAFW5Go9NA3wuTGTzDOTeBFdGL1XNbMe24Aybihzi2MTyZI3GHgnssUgzgobiyrWI_hCG2Dze5ziNqIBEgA9SZQp5WwuaestxmyKBQT7hcdCPb_VVfFIfq-8Mw43QAdkwfiVf-RzZeePo43gFqYAciHGFymhSpCdpKo9ue68W1DXykQYlbvg9noKyBTMDRBOHOfvBiKiJFymgzaSNPsp90P71X42ZtYaK2JtDgEQP8lqv_1Ud6yDD2ZG7ARGfmYxlGAr4.-7jJSGTXxxoeoodZRBLLOsH2WpJNK4za3w-plUIYnjU&dib_tag=se&keywords=agricultural+spray+drone&qid=1785843067&sr=8-29,https://m.media-amazon.com/images/I/61IYs88134L._AC_UL320_.jpg,agricultural spray drone
B0H4165FBM,FPV Quadcopter Frame Kit Fit For Agricultural Spraying Drone,,,,,,,,https://www.amazon.com/Quadcopter-Frame-Agricultural-Spraying-Drone/dp/B0H4165FBM/ref=sr_1_30?dib=eyJ2IjoiMSJ9.sG1Xsz7KQ_n8-yDVIMqb_MTZiMeVBTRcweQj5AEAFW5Go9NA3wuTGTzDOTeBFdGL1XNbMe24Aybihzi2MTyZI3GHgnssUgzgobiyrWI_hCG2Dze5ziNqIBEgA9SZQp5WwuaestxmyKBQT7hcdCPb_VVfFIfq-8Mw43QAdkwfiVf-RzZeePo43gFqYAciHGFymhSpCdpKo9ue68W1DXykQYlbvg9noKyBTMDRBOHOfvBiKiJFymgzaSNPsp90P71X42ZtYaK2JtDgEQP8lqv_1Ud6yDD2ZG7ARGfmYxlGAr4.-7jJSGTXxxoeoodZRBLLOsH2WpJNK4za3w-plUIYnjU&dib_tag=se&keywords=agricultural+spray+drone&qid=1785843067&sr=8-30,https://m.media-amazon.com/images/I/51yZP4EC9kL._AC_UL320_.jpg,agricultural spray drone
B0H1PL3XH6,4-axis 10L Agricultural Machine Frame with an Enclosed Folding Agricultural Sprayer Without Power Supply Fit for E410P Drone(40x320 AS150),,,,"$1,904.82",,,,https://www.amazon.com/Agricultural-Machine-Enclosed-Folding-Sprayer/dp/B0H1PL3XH6/ref=sr_1_31?dib=eyJ2IjoiMSJ9.sG1Xsz7KQ_n8-yDVIMqb_MTZiMeVBTRcweQj5AEAFW5Go9NA3wuTGTzDOTeBFdGL1XNbMe24Aybihzi2MTyZI3GHgnssUgzgobiyrWI_hCG2Dze5ziNqIBEgA9SZQp5WwuaestxmyKBQT7hcdCPb_VVfFIfq-8Mw43QAdkwfiVf-RzZeePo43gFqYAciHGFymhSpCdpKo9ue68W1DXykQYlbvg9noKyBTMDRBOHOfvBiKiJFymgzaSNPsp90P71X42ZtYaK2JtDgEQP8lqv_1Ud6yDD2ZG7ARGfmYxlGAr4.-7jJSGTXxxoeoodZRBLLOsH2WpJNK4za3w-plUIYnjU&dib_tag=se&keywords=agricultural+spray+drone&qid=1785843067&sr=8-31,https://m.media-amazon.com/images/I/4118JtzMKLL._AC_UL320_.jpg,agricultural spray drone
B0H1P6957Z,4-axis 10L Agricultural Machine Frame with an Enclosed Folding Agricultural Sprayer Without Power Supply Fit for E410P Drone(40x320 AS150U),,,,"$1,904.82",,,,https://www.amazon.com/Agricultural-Machine-Enclosed-Folding-Sprayer/dp/B0H1P6957Z/ref=sr_1_32?dib=eyJ2IjoiMSJ9.sG1Xsz7KQ_n8-yDVIMqb_MTZiMeVBTRcweQj5AEAFW5Go9NA3wuTGTzDOTeBFdGL1XNbMe24Aybihzi2MTyZI3GHgnssUgzgobiyrWI_hCG2Dze5ziNqIBEgA9SZQp5WwuaestxmyKBQT7hcdCPb_VVfFIfq-8Mw43QAdkwfiVf-RzZeePo43gFqYAciHGFymhSpCdpKo9ue68W1DXykQYlbvg9noKyBTMDRBOHOfvBiKiJFymgzaSNPsp90P71X42ZtYaK2JtDgEQP8lqv_1Ud6yDD2ZG7ARGfmYxlGAr4.-7jJSGTXxxoeoodZRBLLOsH2WpJNK4za3w-plUIYnjU&dib_tag=se&keywords=agricultural+spray+drone&qid=1785843067&sr=8-32,https://m.media-amazon.com/images/I/415D9uzZlgL._AC_UL320_.jpg,agricultural spray drone
B0GY2WT3V1,Drone Accessories for DJI T40 T20P Agricultural Drone Fixing Nuts & Spray Rod Adapter Shaft DJI Agras UAV Repair Parts Wholesale(2 Set),DJI,,,$17.85,,,,https://www.amazon.com/KGAFPKX-Accessories-Agricultural-Adapter-Wholesale/dp/B0GY2WT3V1/ref=sr_1_33?dib=eyJ2IjoiMSJ9.sG1Xsz7KQ_n8-yDVIMqb_MTZiMeVBTRcweQj5AEAFW5Go9NA3wuTGTzDOTeBFdGL1XNbMe24Aybihzi2MTyZI3GHgnssUgzgobiyrWI_hCG2Dze5ziNqIBEgA9SZQp5WwuaestxmyKBQT7hcdCPb_VVfFIfq-8Mw43QAdkwfiVf-RzZeePo43gFqYAciHGFymhSpCdpKo9ue68W1DXykQYlbvg9noKyBTMDRBOHOfvBiKiJFymgzaSNPsp90P71X42ZtYaK2JtDgEQP8lqv_1Ud6yDD2ZG7ARGfmYxlGAr4.-7jJSGTXxxoeoodZRBLLOsH2WpJNK4za3w-plUIYnjU&dib_tag=se&keywords=agricultural+spray+drone&qid=1785843067&sr=8-33,https://m.media-amazon.com/images/I/71tD6C78HrL._AC_UL320_.jpg,agricultural spray drone
B0H1PKC5F4,16L Agricultural Drone Frame Power System Compatible UAV Crop Sprayer Platform Fit for 4EV X9 Drone(Frame with X9),,,,"$1,875.26",,,,https://www.amazon.com/Agricultural-System-Compatible-Sprayer-Platform/dp/B0H1PKC5F4/ref=sr_1_34?dib=eyJ2IjoiMSJ9.sG1Xsz7KQ_n8-yDVIMqb_MTZiMeVBTRcweQj5AEAFW5Go9NA3wuTGTzDOTeBFdGL1XNbMe24Aybihzi2MTyZI3GHgnssUgzgobiyrWI_hCG2Dze5ziNqIBEgA9SZQp5WwuaestxmyKBQT7hcdCPb_VVfFIfq-8Mw43QAdkwfiVf-RzZeePo43gFqYAciHGFymhSpCdpKo9ue68W1DXykQYlbvg9noKyBTMDRBOHOfvBiKiJFymgzaSNPsp90P71X42ZtYaK2JtDgEQP8lqv_1Ud6yDD2ZG7ARGfmYxlGAr4.-7jJSGTXxxoeoodZRBLLOsH2WpJNK4za3w-plUIYnjU&dib_tag=se&keywords=agricultural+spray+drone&qid=1785843067&sr=8-34,https://m.media-amazon.com/images/I/51OIjvv5G1L._AC_UL320_.jpg,agricultural spray drone
B0H1P6P1H8,4-axis 10L Agricultural Machine Frame with an Enclosed Folding Agricultural Sprayer Without Power Supply Fit for E410P Drone(35x320 XT90),,,,"$1,904.82",,,,https://www.amazon.com/Agricultural-Machine-Enclosed-Folding-Sprayer/dp/B0H1P6P1H8/ref=sr_1_35?dib=eyJ2IjoiMSJ9.sG1Xsz7KQ_n8-yDVIMqb_MTZiMeVBTRcweQj5AEAFW5Go9NA3wuTGTzDOTeBFdGL1XNbMe24Aybihzi2MTyZI3GHgnssUgzgobiyrWI_hCG2Dze5ziNqIBEgA9SZQp5WwuaestxmyKBQT7hcdCPb_VVfFIfq-8Mw43QAdkwfiVf-RzZeePo43gFqYAciHGFymhSpCdpKo9ue68W1DXykQYlbvg9noKyBTMDRBOHOfvBiKiJFymgzaSNPsp90P71X42ZtYaK2JtDgEQP8lqv_1Ud6yDD2ZG7ARGfmYxlGAr4.-7jJSGTXxxoeoodZRBLLOsH2WpJNK4za3w-plUIYnjU&dib_tag=se&keywords=agricultural+spray+drone&qid=1785843067&sr=8-35,https://m.media-amazon.com/images/I/51jU6J7YxjL._AC_UL320_.jpg,agricultural spray drone
B0H27Z28NW,Water Tank System Complete Fit For DJI Agras T50 Agricultural Drone,DJI,,,"$1,690.48",,,,https://www.amazon.com/Water-System-Complete-Agras-Agricultural/dp/B0H27Z28NW/ref=sr_1_36?dib=eyJ2IjoiMSJ9.sG1Xsz7KQ_n8-yDVIMqb_MTZiMeVBTRcweQj5AEAFW5Go9NA3wuTGTzDOTeBFdGL1XNbMe24Aybihzi2MTyZI3GHgnssUgzgobiyrWI_hCG2Dze5ziNqIBEgA9SZQp5WwuaestxmyKBQT7hcdCPb_VVfFIfq-8Mw43QAdkwfiVf-RzZeePo43gFqYAciHGFymhSpCdpKo9ue68W1DXykQYlbvg9noKyBTMDRBOHOfvBiKiJFymgzaSNPsp90P71X42ZtYaK2JtDgEQP8lqv_1Ud6yDD2ZG7ARGfmYxlGAr4.-7jJSGTXxxoeoodZRBLLOsH2WpJNK4za3w-plUIYnjU&dib_tag=se&keywords=agricultural+spray+drone&qid=1785843067&sr=8-36,https://m.media-amazon.com/images/I/41Rp8enHMyL._AC_UL320_.jpg,agricultural spray drone
B0H1PLVS8N,4-axis 10L Agricultural Machine Frame with an Enclosed Folding Agricultural Sprayer Without Power Supply Fit for E410P Drone(35x320 AS150),,,,"$1,904.82",,,,https://www.amazon.com/Agricultural-Machine-Enclosed-Folding-Sprayer/dp/B0H1PLVS8N/ref=sr_1_37?dib=eyJ2IjoiMSJ9.sG1Xsz7KQ_n8-yDVIMqb_MTZiMeVBTRcweQj5AEAFW5Go9NA3wuTGTzDOTeBFdGL1XNbMe24Aybihzi2MTyZI3GHgnssUgzgobiyrWI_hCG2Dze5ziNqIBEgA9SZQp5WwuaestxmyKBQT7hcdCPb_VVfFIfq-8Mw43QAdkwfiVf-RzZeePo43gFqYAciHGFymhSpCdpKo9ue68W1DXykQYlbvg9noKyBTMDRBOHOfvBiKiJFymgzaSNPsp90P71X42ZtYaK2JtDgEQP8lqv_1Ud6yDD2ZG7ARGfmYxlGAr4.-7jJSGTXxxoeoodZRBLLOsH2WpJNK4za3w-plUIYnjU&dib_tag=se&keywords=agricultural+spray+drone&qid=1785843067&sr=8-37,https://m.media-amazon.com/images/I/4118JtzMKLL._AC_UL320_.jpg,agricultural spray drone
B0H1PHHZ9L,4-axis 10L Agricultural Machine Frame with an Enclosed Folding Agricultural Sprayer Without Power Supply Fit for E410P Drone(35x320 AS150U),,,,"$1,904.82",,,,https://www.amazon.com/Agricultural-Machine-Enclosed-Folding-Sprayer/dp/B0H1PHHZ9L/ref=sr_1_38?dib=eyJ2IjoiMSJ9.sG1Xsz7KQ_n8-yDVIMqb_MTZiMeVBTRcweQj5AEAFW5Go9NA3wuTGTzDOTeBFdGL1XNbMe24Aybihzi2MTyZI3GHgnssUgzgobiyrWI_hCG2Dze5ziNqIBEgA9SZQp5WwuaestxmyKBQT7hcdCPb_VVfFIfq-8Mw43QAdkwfiVf-RzZeePo43gFqYAciHGFymhSpCdpKo9ue68W1DXykQYlbvg9noKyBTMDRBOHOfvBiKiJFymgzaSNPsp90P71X42ZtYaK2JtDgEQP8lqv_1Ud6yDD2ZG7ARGfmYxlGAr4.-7jJSGTXxxoeoodZRBLLOsH2WpJNK4za3w-plUIYnjU&dib_tag=se&keywords=agricultural+spray+drone&qid=1785843067&sr=8-38,https://m.media-amazon.com/images/I/415D9uzZlgL._AC_UL320_.jpg,agricultural spray drone
B0GVJSBPDQ,"M METERXITY 2-Set Flat Fan Spray Tips, 2mm Orifice 65 Degree Stainless Steel Sprayer Nozzle Tips with NPT3/8 Nut and 50 Mesh Filter for Agricultural Drone Sprayer/Garden Irrigation",,,,$12.49,3.0,1,,https://www.amazon.com/METERXITY-Orifice-Stainless-Agricultural-Irrigation/dp/B0GVJSBPDQ/ref=sr_1_39?dib=eyJ2IjoiMSJ9.sG1Xsz7KQ_n8-yDVIMqb_MTZiMeVBTRcweQj5AEAFW5Go9NA3wuTGTzDOTeBFdGL1XNbMe24Aybihzi2MTyZI3GHgnssUgzgobiyrWI_hCG2Dze5ziNqIBEgA9SZQp5WwuaestxmyKBQT7hcdCPb_VVfFIfq-8Mw43QAdkwfiVf-RzZeePo43gFqYAciHGFymhSpCdpKo9ue68W1DXykQYlbvg9noKyBTMDRBOHOfvBiKiJFymgzaSNPsp90P71X42ZtYaK2JtDgEQP8lqv_1Ud6yDD2ZG7ARGfmYxlGAr4.-7jJSGTXxxoeoodZRBLLOsH2WpJNK4za3w-plUIYnjU&dib_tag=se&keywords=agricultural+spray+drone&qid=1785843067&sr=8-39,https://m.media-amazon.com/images/I/714XfhKZdFL._AC_UL320_.jpg,agricultural spray drone
B0G3TTZG5C,"2Pcs HD Films For DJI Matrice 4 RC Plus 2 Screen Protector, for DJI Matrice 4T/4E/4D/400/30T/350 RTK/Inspire 3/FlyCart 30/T40/T20P Remote RC Plus 2/1 Anti Scratch 9H Hardness Tempered Glass",DJI,,,$15.99,5.0,1,,https://www.amazon.com/wtohoby-Matrice-Protector-Hardness-Tempered/dp/B0G3TTZG5C/ref=sr_1_40?dib=eyJ2IjoiMSJ9.sG1Xsz7KQ_n8-yDVIMqb_MTZiMeVBTRcweQj5AEAFW5Go9NA3wuTGTzDOTeBFdGL1XNbMe24Aybihzi2MTyZI3GHgnssUgzgobiyrWI_hCG2Dze5ziNqIBEgA9SZQp5WwuaestxmyKBQT7hcdCPb_VVfFIfq-8Mw43QAdkwfiVf-RzZeePo43gFqYAciHGFymhSpCdpKo9ue68W1DXykQYlbvg9noKyBTMDRBOHOfvBiKiJFymgzaSNPsp90P71X42ZtYaK2JtDgEQP8lqv_1Ud6yDD2ZG7ARGfmYxlGAr4.-7jJSGTXxxoeoodZRBLLOsH2WpJNK4za3w-plUIYnjU&dib_tag=se&keywords=agricultural+spray+drone&qid=1785843067&sr=8-40,https://m.media-amazon.com/images/I/61YPvZtt1qL._AC_UL320_.jpg,agricultural spray drone
B0H3HKF67V,Agricultural Spray Drone 50L (14 Gal) Spreader Heavy Payload Extra Battery up to 60 Acres per Hour maximim Weight 220 lbs. Full Tank Emptying 7 Minutes smart Fast Charger 18 Minutes,,,,,,,,https://www.amazon.com/Agricultural-Spreader-Payload-Battery-Emptying/dp/B0H3HKF67V/ref=sr_1_41?dib=eyJ2IjoiMSJ9.sG1Xsz7KQ_n8-yDVIMqb_MTZiMeVBTRcweQj5AEAFW5Go9NA3wuTGTzDOTeBFdGL1XNbMe24Aybihzi2MTyZI3GHgnssUgzgobiyrWI_hCG2Dze5ziNqIBEgA9SZQp5WwuaestxmyKBQT7hcdCPb_VVfFIfq-8Mw43QAdkwfiVf-RzZeePo43gFqYAciHGFymhSpCdpKo9ue68W1DXykQYlbvg9noKyBTMDRBOHOfvBiKiJFymgzaSNPsp90P71X42ZtYaK2JtDgEQP8lqv_1Ud6yDD2ZG7ARGfmYxlGAr4.-7jJSGTXxxoeoodZRBLLOsH2WpJNK4za3w-plUIYnjU&dib_tag=se&keywords=agricultural+spray+drone&qid=1785843067&sr=8-41,https://m.media-amazon.com/images/I/81v-Y9z6q8L._AC_UL320_.jpg,agricultural spray drone
B0GWWTVQ2G,Spray Rod Adaptive Shaft for DJI Agras T40 T20P Agricultural Drone Accessories Plant Protection UAV Repair Parts,DJI,,,,,,,https://www.amazon.com/KGAFPKX-Adaptive-Agricultural-Accessories-Protection/dp/B0GWWTVQ2G/ref=sr_1_42?dib=eyJ2IjoiMSJ9.sG1Xsz7KQ_n8-yDVIMqb_MTZiMeVBTRcweQj5AEAFW5Go9NA3wuTGTzDOTeBFdGL1XNbMe24Aybihzi2MTyZI3GHgnssUgzgobiyrWI_hCG2Dze5ziNqIBEgA9SZQp5WwuaestxmyKBQT7hcdCPb_VVfFIfq-8Mw43QAdkwfiVf-RzZeePo43gFqYAciHGFymhSpCdpKo9ue68W1DXykQYlbvg9noKyBTMDRBOHOfvBiKiJFymgzaSNPsp90P71X42ZtYaK2JtDgEQP8lqv_1Ud6yDD2ZG7ARGfmYxlGAr4.-7jJSGTXxxoeoodZRBLLOsH2WpJNK4za3w-plUIYnjU&dib_tag=se&keywords=agricultural+spray+drone&qid=1785843067&sr=8-42,https://m.media-amazon.com/images/I/61PWL8Y83tL._AC_UL320_.jpg,agricultural spray drone
B0FNSZVHJL,Drone Spray Tank Cover Kit LH-SXGMF01 13.4 cm Compatible with DJI T50/T40/T20P with Seal Ring,DJI,,,$14.79,,,,https://www.amazon.com/SG-Store-Drone-LH-SXGMF01-Compatible/dp/B0FNSZVHJL/ref=sr_1_43?dib=eyJ2IjoiMSJ9.sG1Xsz7KQ_n8-yDVIMqb_MTZiMeVBTRcweQj5AEAFW5Go9NA3wuTGTzDOTeBFdGL1XNbMe24Aybihzi2MTyZI3GHgnssUgzgobiyrWI_hCG2Dze5ziNqIBEgA9SZQp5WwuaestxmyKBQT7hcdCPb_VVfFIfq-8Mw43QAdkwfiVf-RzZeePo43gFqYAciHGFymhSpCdpKo9ue68W1DXykQYlbvg9noKyBTMDRBOHOfvBiKiJFymgzaSNPsp90P71X42ZtYaK2JtDgEQP8lqv_1Ud6yDD2ZG7ARGfmYxlGAr4.-7jJSGTXxxoeoodZRBLLOsH2WpJNK4za3w-plUIYnjU&dib_tag=se&keywords=agricultural+spray+drone&qid=1785843067&sr=8-43,https://m.media-amazon.com/images/I/51cBbCKdHeL._AC_UL320_.jpg,agricultural spray drone
B0HCJVLKDR,T25/3820 T30 Folding Carbon Fiber Propeller CW CCW For Agricultural UAV Spraying Drone(T25 1set),,,,,,,,https://www.amazon.com/Folding-Carbon-Propeller-Agricultural-Spraying/dp/B0HCJVLKDR/ref=sr_1_44?dib=eyJ2IjoiMSJ9.sG1Xsz7KQ_n8-yDVIMqb_MTZiMeVBTRcweQj5AEAFW5Go9NA3wuTGTzDOTeBFdGL1XNbMe24Aybihzi2MTyZI3GHgnssUgzgobiyrWI_hCG2Dze5ziNqIBEgA9SZQp5WwuaestxmyKBQT7hcdCPb_VVfFIfq-8Mw43QAdkwfiVf-RzZeePo43gFqYAciHGFymhSpCdpKo9ue68W1DXykQYlbvg9noKyBTMDRBOHOfvBiKiJFymgzaSNPsp90P71X42ZtYaK2JtDgEQP8lqv_1Ud6yDD2ZG7ARGfmYxlGAr4.-7jJSGTXxxoeoodZRBLLOsH2WpJNK4za3w-plUIYnjU&dib_tag=se&keywords=agricultural+spray+drone&qid=1785843067&sr=8-44,https://m.media-amazon.com/images/I/51FHeBZ7e0L._AC_UL320_.jpg,agricultural spray drone
B0GKPZSC6L,Centrifugal Motor T-70P Fit for Agricultural Spraying Drone,,,,,,,,https://www.amazon.com/Centrifugal-Motor-T-70P-Agricultural-Spraying/dp/B0GKPZSC6L/ref=sr_1_45?dib=eyJ2IjoiMSJ9.sG1Xsz7KQ_n8-yDVIMqb_MTZiMeVBTRcweQj5AEAFW5Go9NA3wuTGTzDOTeBFdGL1XNbMe24Aybihzi2MTyZI3GHgnssUgzgobiyrWI_hCG2Dze5ziNqIBEgA9SZQp5WwuaestxmyKBQT7hcdCPb_VVfFIfq-8Mw43QAdkwfiVf-RzZeePo43gFqYAciHGFymhSpCdpKo9ue68W1DXykQYlbvg9noKyBTMDRBOHOfvBiKiJFymgzaSNPsp90P71X42ZtYaK2JtDgEQP8lqv_1Ud6yDD2ZG7ARGfmYxlGAr4.-7jJSGTXxxoeoodZRBLLOsH2WpJNK4za3w-plUIYnjU&dib_tag=se&keywords=agricultural+spray+drone&qid=1785843067&sr=8-45,https://m.media-amazon.com/images/I/51vyFNWHtkL._AC_UL320_.jpg,agricultural spray drone
B0H7VZS5KD,Spray Load Module Fit For T70 T70P Agricultural Spraying Drone,,,,$116.87,,,,https://www.amazon.com/Spray-Module-Agricultural-Spraying-Drone/dp/B0H7VZS5KD/ref=sr_1_46?dib=eyJ2IjoiMSJ9.sG1Xsz7KQ_n8-yDVIMqb_MTZiMeVBTRcweQj5AEAFW5Go9NA3wuTGTzDOTeBFdGL1XNbMe24Aybihzi2MTyZI3GHgnssUgzgobiyrWI_hCG2Dze5ziNqIBEgA9SZQp5WwuaestxmyKBQT7hcdCPb_VVfFIfq-8Mw43QAdkwfiVf-RzZeePo43gFqYAciHGFymhSpCdpKo9ue68W1DXykQYlbvg9noKyBTMDRBOHOfvBiKiJFymgzaSNPsp90P71X42ZtYaK2JtDgEQP8lqv_1Ud6yDD2ZG7ARGfmYxlGAr4.-7jJSGTXxxoeoodZRBLLOsH2WpJNK4za3w-plUIYnjU&dib_tag=se&keywords=agricultural+spray+drone&qid=1785843067&sr=8-46,https://m.media-amazon.com/images/I/5107L6S-TFL._AC_UL320_.jpg,agricultural spray drone
B0GRR7MXRZ,X13 Power Kit 5620 Carbon Propellers Fit For EA-J100 Agricultural Spraying Drone (Pair CW/CCW)(X13 5620 CW),,,,,,,,https://www.amazon.com/dp/B0GRR7MXRZ/ref=sr_1_47?dib=eyJ2IjoiMSJ9.sG1Xsz7KQ_n8-yDVIMqb_MTZiMeVBTRcweQj5AEAFW5Go9NA3wuTGTzDOTeBFdGL1XNbMe24Aybihzi2MTyZI3GHgnssUgzgobiyrWI_hCG2Dze5ziNqIBEgA9SZQp5WwuaestxmyKBQT7hcdCPb_VVfFIfq-8Mw43QAdkwfiVf-RzZeePo43gFqYAciHGFymhSpCdpKo9ue68W1DXykQYlbvg9noKyBTMDRBOHOfvBiKiJFymgzaSNPsp90P71X42ZtYaK2JtDgEQP8lqv_1Ud6yDD2ZG7ARGfmYxlGAr4.-7jJSGTXxxoeoodZRBLLOsH2WpJNK4za3w-plUIYnjU&dib_tag=se&keywords=agricultural+spray+drone&qid=1785843067&sr=8-47,https://m.media-amazon.com/images/I/41tDJFmA6+L._AC_UL320_.jpg,agricultural spray drone
B0GRR2TTY2,P100 Pro Carbon Drone Agricultural Spraying Propellers For V50(P100Pro CW),,,,,,,,https://www.amazon.com/dp/B0GRR2TTY2/ref=sr_1_48?dib=eyJ2IjoiMSJ9.sG1Xsz7KQ_n8-yDVIMqb_MTZiMeVBTRcweQj5AEAFW5Go9NA3wuTGTzDOTeBFdGL1XNbMe24Aybihzi2MTyZI3GHgnssUgzgobiyrWI_hCG2Dze5ziNqIBEgA9SZQp5WwuaestxmyKBQT7hcdCPb_VVfFIfq-8Mw43QAdkwfiVf-RzZeePo43gFqYAciHGFymhSpCdpKo9ue68W1DXykQYlbvg9noKyBTMDRBOHOfvBiKiJFymgzaSNPsp90P71X42ZtYaK2JtDgEQP8lqv_1Ud6yDD2ZG7ARGfmYxlGAr4.-7jJSGTXxxoeoodZRBLLOsH2WpJNK4za3w-plUIYnjU&dib_tag=se&keywords=agricultural+spray+drone&qid=1785843067&sr=8-48,https://m.media-amazon.com/images/I/41GoEWXZ+CL._AC_UL320_.jpg,agricultural spray drone
B0H2X6NZJY,X15 72kg Axis Motor Fit for 149kg Quadrotor UAV Agricultural Spraying Drone,,,,,,,,https://www.amazon.com/Motor-149kg-Quadrotor-Agricultural-Spraying/dp/B0H2X6NZJY/ref=sr_1_49?dib=eyJ2IjoiMSJ9.sG1Xsz7KQ_n8-yDVIMqb_MTZiMeVBTRcweQj5AEAFW5Go9NA3wuTGTzDOTeBFdGL1XNbMe24Aybihzi2MTyZI3GHgnssUgzgobiyrWI_hCG2Dze5ziNqIBEgA9SZQp5WwuaestxmyKBQT7hcdCPb_VVfFIfq-8Mw43QAdkwfiVf-RzZeePo43gFqYAciHGFymhSpCdpKo9ue68W1DXykQYlbvg9noKyBTMDRBOHOfvBiKiJFymgzaSNPsp90P71X42ZtYaK2JtDgEQP8lqv_1Ud6yDD2ZG7ARGfmYxlGAr4.-7jJSGTXxxoeoodZRBLLOsH2WpJNK4za3w-plUIYnjU&dib_tag=se&keywords=agricultural+spray+drone&qid=1785843067&sr=8-49,https://m.media-amazon.com/images/I/41OUvsIxGgL._AC_UL320_.jpg,agricultural spray drone
B0FN3WXHTV,"Sunhood & Joystick Screen Protector for DJI RC Plus 2 Control, Anti-Glare Sun Hood Cover for DJI FlyCart 100/Matrice 4T/4E/4TD/4D/400/T60/T25P/T70/T70P/T100 Drone RC Plus 2 Remote, Black, Only Hood",DJI,,,$31.88,,,,https://www.amazon.com/Sunhood-Joystick-Protector-Control-Anti-Glare/dp/B0FN3WXHTV/ref=sr_1_50?dib=eyJ2IjoiMSJ9.sG1Xsz7KQ_n8-yDVIMqb_MTZiMeVBTRcweQj5AEAFW5Go9NA3wuTGTzDOTeBFdGL1XNbMe24Aybihzi2MTyZI3GHgnssUgzgobiyrWI_hCG2Dze5ziNqIBEgA9SZQp5WwuaestxmyKBQT7hcdCPb_VVfFIfq-8Mw43QAdkwfiVf-RzZeePo43gFqYAciHGFymhSpCdpKo9ue68W1DXykQYlbvg9noKyBTMDRBOHOfvBiKiJFymgzaSNPsp90P71X42ZtYaK2JtDgEQP8lqv_1Ud6yDD2ZG7ARGfmYxlGAr4.-7jJSGTXxxoeoodZRBLLOsH2WpJNK4za3w-plUIYnjU&dib_tag=se&keywords=agricultural+spray+drone&qid=1785843067&sr=8-50,https://m.media-amazon.com/images/I/51vDMxhiSeL._AC_UL320_.jpg,agricultural spray drone
B0GQPRRZKW,X6 Plus 2480 Carbon Drone Propellers Load Capacity For Agricultural Spraying Drones (2 Pairs)(X6 Plus 2480 2CW2CCW),,,,,,,,https://www.amazon.com/dp/B0GQPRRZKW/ref=sr_1_51?dib=eyJ2IjoiMSJ9.sG1Xsz7KQ_n8-yDVIMqb_MTZiMeVBTRcweQj5AEAFW5Go9NA3wuTGTzDOTeBFdGL1XNbMe24Aybihzi2MTyZI3GHgnssUgzgobiyrWI_hCG2Dze5ziNqIBEgA9SZQp5WwuaestxmyKBQT7hcdCPb_VVfFIfq-8Mw43QAdkwfiVf-RzZeePo43gFqYAciHGFymhSpCdpKo9ue68W1DXykQYlbvg9noKyBTMDRBOHOfvBiKiJFymgzaSNPsp90P71X42ZtYaK2JtDgEQP8lqv_1Ud6yDD2ZG7ARGfmYxlGAr4.-7jJSGTXxxoeoodZRBLLOsH2WpJNK4za3w-plUIYnjU&dib_tag=se&keywords=agricultural+spray+drone&qid=1785843067&sr=8-51,https://m.media-amazon.com/images/I/51V288FzJLL._AC_UL320_.jpg,agricultural spray drone
B0GZD3ZX9J,Power System Lighter Than X8 Power System Multi-Rotor Agricultural Sprayer Drones FIT for X8 G2 Drone(X8 G2 3011S CCW),,,,$340.19,,,,https://www.amazon.com/System-Lighter-Multi-Rotor-Agricultural-Sprayer/dp/B0GZD3ZX9J/ref=sr_1_52?dib=eyJ2IjoiMSJ9.sG1Xsz7KQ_n8-yDVIMqb_MTZiMeVBTRcweQj5AEAFW5Go9NA3wuTGTzDOTeBFdGL1XNbMe24Aybihzi2MTyZI3GHgnssUgzgobiyrWI_hCG2Dze5ziNqIBEgA9SZQp5WwuaestxmyKBQT7hcdCPb_VVfFIfq-8Mw43QAdkwfiVf-RzZeePo43gFqYAciHGFymhSpCdpKo9ue68W1DXykQYlbvg9noKyBTMDRBOHOfvBiKiJFymgzaSNPsp90P71X42ZtYaK2JtDgEQP8lqv_1Ud6yDD2ZG7ARGfmYxlGAr4.-7jJSGTXxxoeoodZRBLLOsH2WpJNK4za3w-plUIYnjU&dib_tag=se&keywords=agricultural+spray+drone&qid=1785843067&sr=8-52,https://m.media-amazon.com/images/I/518qURA9AoL._AC_UL320_.jpg,agricultural spray drone
B0GZCLNL8M,37kg 150A 12-14S 85KV Power System Kit Brushless Motor Propeller Thrust Agricultural Sprayer FIT for X11 Plus 4314 Drone,,,,,,,,https://www.amazon.com/12-14S-Brushless-Propeller-Agricultural-Sprayer/dp/B0GZCLNL8M/ref=sr_1_53?dib=eyJ2IjoiMSJ9.sG1Xsz7KQ_n8-yDVIMqb_MTZiMeVBTRcweQj5AEAFW5Go9NA3wuTGTzDOTeBFdGL1XNbMe24Aybihzi2MTyZI3GHgnssUgzgobiyrWI_hCG2Dze5ziNqIBEgA9SZQp5WwuaestxmyKBQT7hcdCPb_VVfFIfq-8Mw43QAdkwfiVf-RzZeePo43gFqYAciHGFymhSpCdpKo9ue68W1DXykQYlbvg9noKyBTMDRBOHOfvBiKiJFymgzaSNPsp90P71X42ZtYaK2JtDgEQP8lqv_1Ud6yDD2ZG7ARGfmYxlGAr4.-7jJSGTXxxoeoodZRBLLOsH2WpJNK4za3w-plUIYnjU&dib_tag=se&keywords=agricultural+spray+drone&qid=1785843067&sr=8-53,https://m.media-amazon.com/images/I/4130Myh+BJL._AC_UL320_.jpg,agricultural spray drone
B0GVK2XWVB,"M METERXITY 2-Set Flat Fan Spray Tips, 1.1mm Orifice 65 Degree Stainless Steel Sprayer Nozzle Tips with NPT3/8 Nut and 50 Mesh Filter for Agricultural Drone Sprayer/Garden Irrigation",,,,$12.49,3.0,1,,https://www.amazon.com/METERXITY-Orifice-Stainless-Agricultural-Irrigation/dp/B0GVK2XWVB/ref=sr_1_54?dib=eyJ2IjoiMSJ9.sG1Xsz7KQ_n8-yDVIMqb_MTZiMeVBTRcweQj5AEAFW5Go9NA3wuTGTzDOTeBFdGL1XNbMe24Aybihzi2MTyZI3GHgnssUgzgobiyrWI_hCG2Dze5ziNqIBEgA9SZQp5WwuaestxmyKBQT7hcdCPb_VVfFIfq-8Mw43QAdkwfiVf-RzZeePo43gFqYAciHGFymhSpCdpKo9ue68W1DXykQYlbvg9noKyBTMDRBOHOfvBiKiJFymgzaSNPsp90P71X42ZtYaK2JtDgEQP8lqv_1Ud6yDD2ZG7ARGfmYxlGAr4.-7jJSGTXxxoeoodZRBLLOsH2WpJNK4za3w-plUIYnjU&dib_tag=se&keywords=agricultural+spray+drone&qid=1785843067&sr=8-54,https://m.media-amazon.com/images/I/71DlE2oVwOL._AC_UL320_.jpg,agricultural spray drone
B0FLJQ67BZ,55 inch 3 blade aircraft propeller for agricultural sprayer drone,,,,"$1,821.48",,,,https://www.amazon.com/blade-aircraft-propeller-agricultural-sprayer/dp/B0FLJQ67BZ/ref=sr_1_55?dib=eyJ2IjoiMSJ9.sG1Xsz7KQ_n8-yDVIMqb_MTZiMeVBTRcweQj5AEAFW5Go9NA3wuTGTzDOTeBFdGL1XNbMe24Aybihzi2MTyZI3GHgnssUgzgobiyrWI_hCG2Dze5ziNqIBEgA9SZQp5WwuaestxmyKBQT7hcdCPb_VVfFIfq-8Mw43QAdkwfiVf-RzZeePo43gFqYAciHGFymhSpCdpKo9ue68W1DXykQYlbvg9noKyBTMDRBOHOfvBiKiJFymgzaSNPsp90P71X42ZtYaK2JtDgEQP8lqv_1Ud6yDD2ZG7ARGfmYxlGAr4.-7jJSGTXxxoeoodZRBLLOsH2WpJNK4za3w-plUIYnjU&dib_tag=se&keywords=agricultural+spray+drone&qid=1785843067&sr=8-55,https://m.media-amazon.com/images/I/41votvE0XqL._AC_UL320_.jpg,agricultural spray drone
B0H2VZZNVS,X9 Power System 9616 110KV 12to14S with ESC+Propeller+Motor Combo Fit for 16L 22L Frame Agricultural Spraying Drone,,,,,,,,https://www.amazon.com/System-12to14S-Propeller-Agricultural-Spraying/dp/B0H2VZZNVS/ref=sr_1_56?dib=eyJ2IjoiMSJ9.sG1Xsz7KQ_n8-yDVIMqb_MTZiMeVBTRcweQj5AEAFW5Go9NA3wuTGTzDOTeBFdGL1XNbMe24Aybihzi2MTyZI3GHgnssUgzgobiyrWI_hCG2Dze5ziNqIBEgA9SZQp5WwuaestxmyKBQT7hcdCPb_VVfFIfq-8Mw43QAdkwfiVf-RzZeePo43gFqYAciHGFymhSpCdpKo9ue68W1DXykQYlbvg9noKyBTMDRBOHOfvBiKiJFymgzaSNPsp90P71X42ZtYaK2JtDgEQP8lqv_1Ud6yDD2ZG7ARGfmYxlGAr4.-7jJSGTXxxoeoodZRBLLOsH2WpJNK4za3w-plUIYnjU&dib_tag=se&keywords=agricultural+spray+drone&qid=1785843067&sr=8-56,https://m.media-amazon.com/images/I/41OSLKeF6UL._AC_UL320_.jpg,agricultural spray drone
B0GZD9BZWB,Power System Lighter Than X8 Power System Multi-Rotor Agricultural Sprayer Drones FIT for X8 G2 Drone(X8 G2 3011S CW),,,,$340.19,,,,https://www.amazon.com/System-Lighter-Multi-Rotor-Agricultural-Sprayer/dp/B0GZD9BZWB/ref=sr_1_57?dib=eyJ2IjoiMSJ9.sG1Xsz7KQ_n8-yDVIMqb_MTZiMeVBTRcweQj5AEAFW5Go9NA3wuTGTzDOTeBFdGL1XNbMe24Aybihzi2MTyZI3GHgnssUgzgobiyrWI_hCG2Dze5ziNqIBEgA9SZQp5WwuaestxmyKBQT7hcdCPb_VVfFIfq-8Mw43QAdkwfiVf-RzZeePo43gFqYAciHGFymhSpCdpKo9ue68W1DXykQYlbvg9noKyBTMDRBOHOfvBiKiJFymgzaSNPsp90P71X42ZtYaK2JtDgEQP8lqv_1Ud6yDD2ZG7ARGfmYxlGAr4.-7jJSGTXxxoeoodZRBLLOsH2WpJNK4za3w-plUIYnjU&dib_tag=se&keywords=agricultural+spray+drone&qid=1785843067&sr=8-57,https://m.media-amazon.com/images/I/51OSG1mJKHL._AC_UL320_.jpg,agricultural spray drone
B0H2W26CQV,X9 MAX Power System 9626 100KV Motor Maximum Load 15kg Fit for 20L 25L Multirotor Agricultural Spraying Drone,,,,,,,,https://www.amazon.com/System-Maximum-Multirotor-Agricultural-Spraying/dp/B0H2W26CQV/ref=sr_1_58?dib=eyJ2IjoiMSJ9.sG1Xsz7KQ_n8-yDVIMqb_MTZiMeVBTRcweQj5AEAFW5Go9NA3wuTGTzDOTeBFdGL1XNbMe24Aybihzi2MTyZI3GHgnssUgzgobiyrWI_hCG2Dze5ziNqIBEgA9SZQp5WwuaestxmyKBQT7hcdCPb_VVfFIfq-8Mw43QAdkwfiVf-RzZeePo43gFqYAciHGFymhSpCdpKo9ue68W1DXykQYlbvg9noKyBTMDRBOHOfvBiKiJFymgzaSNPsp90P71X42ZtYaK2JtDgEQP8lqv_1Ud6yDD2ZG7ARGfmYxlGAr4.-7jJSGTXxxoeoodZRBLLOsH2WpJNK4za3w-plUIYnjU&dib_tag=se&keywords=agricultural+spray+drone&qid=1785843067&sr=8-58,https://m.media-amazon.com/images/I/51yS7ijl3aL._AC_UL320_.jpg,agricultural spray drone
B0C5LX8K7W,Mini3 Pro Airdropper Device for DJI Mavic Mini3 Pro Drone,DJI,,,$26.58,3.6,10,,https://www.amazon.com/sspa/click?ie=UTF8&spc=MToyMjMwNzUzMTk5ODEzMzI4OjE3ODU4NDMzMzY6c3BfYXRmX25leHQ6MzAwNjg4MzcxMDIwMDAyOjowOjo&url=%2FMini3-released-device-payload-airdropper%2Fdp%2FB0C5LX8K7W%2Fref%3Dsr_1_49_sspa%3Fdib%3DeyJ2IjoiMSJ9.dv6LnLFxvdozpQwvzvhTxtCC88YWNHdhdLIU52sk7zOo7Y7QQzYW5YdC6zBoNtn8-Iv-bdXDStte74bAUbZvEjqkgklLF816dj769btfINA.DP4qnUeXDT0sDQxBXoR0n36snw8C1Wq3jveEuFbeiU8%26dib_tag%3Dse%26keywords%3Dagricultural%2Bspray%2Bdrone%26qid%3D1785843336%26sr%3D8-49-spons%26xpid%3DoF2y47se6omrF%26sp_csd%3Dd2lkZ2V0TmFtZT1zcF9hdGZfbmV4dA%26psc%3D1,https://m.media-amazon.com/images/I/41BWJv6493L._AC_UL320_.jpg,agricultural spray drone
B0GZD1H7CM,Power System Lighter Than X8 Power System Multi-Rotor Agricultural Sprayer Drones FIT for X8 G2 Drone(Only X8 G2 CCW),,,,$299.71,,,,https://www.amazon.com/System-Lighter-Multi-Rotor-Agricultural-Sprayer/dp/B0GZD1H7CM/ref=sr_1_52?dib=eyJ2IjoiMSJ9.dv6LnLFxvdozpQwvzvhTxtCC88YWNHdhdLIU52sk7zOo7Y7QQzYW5YdC6zBoNtn8-Iv-bdXDStte74bAUbZvEjqkgklLF816dj769btfINA.DP4qnUeXDT0sDQxBXoR0n36snw8C1Wq3jveEuFbeiU8&dib_tag=se&keywords=agricultural+spray+drone&qid=1785843336&sr=8-52&xpid=oF2y47se6omrF,https://m.media-amazon.com/images/I/51DWvuxJq+L._AC_UL320_.jpg,agricultural spray drone
B0GCF76YB2,Surpass Hobby S8120 80KV Brushless Motor Thrust 15.5kg for Agricultural UAV(Propeller: 3011 CCW Include),Surpass Hobby,,,$254.99,,,,https://www.amazon.com/Surpass-Hobby-Brushless-Agricultural-Propeller/dp/B0GCF76YB2/ref=sr_1_53?dib=eyJ2IjoiMSJ9.dv6LnLFxvdozpQwvzvhTxtCC88YWNHdhdLIU52sk7zOo7Y7QQzYW5YdC6zBoNtn8-Iv-bdXDStte74bAUbZvEjqkgklLF816dj769btfINA.DP4qnUeXDT0sDQxBXoR0n36snw8C1Wq3jveEuFbeiU8&dib_tag=se&keywords=agricultural+spray+drone&qid=1785843336&sr=8-53&xpid=oF2y47se6omrF,https://m.media-amazon.com/images/I/61mk5RC1sYL._AC_UL320_.jpg,agricultural spray drone
B0GVJKXQTQ,"M METERXITY 1-Set Flat Fan Spray Tips, 2mm Orifice 65 Degree Stainless Steel Sprayer Nozzle Tips with NPT3/8 Nut and 50 Mesh Filter for Agricultural Drone Sprayer/Garden Irrigation",,,,$7.49,3.0,1,,https://www.amazon.com/METERXITY-Orifice-Stainless-Agricultural-Irrigation/dp/B0GVJKXQTQ/ref=sr_1_54?dib=eyJ2IjoiMSJ9.dv6LnLFxvdozpQwvzvhTxtCC88YWNHdhdLIU52sk7zOo7Y7QQzYW5YdC6zBoNtn8-Iv-bdXDStte74bAUbZvEjqkgklLF816dj769btfINA.DP4qnUeXDT0sDQxBXoR0n36snw8C1Wq3jveEuFbeiU8&dib_tag=se&keywords=agricultural+spray+drone&qid=1785843336&sr=8-54&xpid=oF2y47se6omrF,https://m.media-amazon.com/images/I/71jApWDAhJL._AC_UL320_.jpg,agricultural spray drone
B0H8JL2HNC,UA80- KV85/150/175 8108 ESC Fit for Agricultural Dr-Ones/Dr-one Crop Sprayer ESC for Agricultural Air-Craft,,,,$445.41,,,,https://www.amazon.com/Agricultural-Dr-Ones-Dr-one-Sprayer-Air-Craft/dp/B0H8JL2HNC/ref=sr_1_55?dib=eyJ2IjoiMSJ9.dv6LnLFxvdozpQwvzvhTxtCC88YWNHdhdLIU52sk7zOo7Y7QQzYW5YdC6zBoNtn8-Iv-bdXDStte74bAUbZvEjqkgklLF816dj769btfINA.DP4qnUeXDT0sDQxBXoR0n36snw8C1Wq3jveEuFbeiU8&dib_tag=se&keywords=agricultural+spray+drone&qid=1785843336&sr=8-55&xpid=oF2y47se6omrF,https://m.media-amazon.com/images/I/51H4jK9VZgL._AC_UL320_.jpg,agricultural spray drone
B0GZCR6PCG,Power System Lighter Than X8 Power System Multi-Rotor Agricultural Sprayer Drones FIT for X8 G2 Drone(Only X8 G2 CW),,,,$299.71,,,,https://www.amazon.com/System-Lighter-Multi-Rotor-Agricultural-Sprayer/dp/B0GZCR6PCG/ref=sr_1_56?dib=eyJ2IjoiMSJ9.dv6LnLFxvdozpQwvzvhTxtCC88YWNHdhdLIU52sk7zOo7Y7QQzYW5YdC6zBoNtn8-Iv-bdXDStte74bAUbZvEjqkgklLF816dj769btfINA.DP4qnUeXDT0sDQxBXoR0n36snw8C1Wq3jveEuFbeiU8&dib_tag=se&keywords=agricultural+spray+drone&qid=1785843336&sr=8-56&xpid=oF2y47se6omrF,https://m.media-amazon.com/images/I/51z+PWfQWFL._AC_UL320_.jpg,agricultural spray drone
B0GSFFPGTH,Agricultural Drone T16 T20 T30 for Spray Nozzle Sealing Ring for DJI for Argas Parts Replacement Parts,DJI,,,$15.00,,,,https://www.amazon.com/Agricultural-Drone-Nozzle-Sealing-Replacement/dp/B0GSFFPGTH/ref=sr_1_57?dib=eyJ2IjoiMSJ9.dv6LnLFxvdozpQwvzvhTxtCC88YWNHdhdLIU52sk7zOo7Y7QQzYW5YdC6zBoNtn8-Iv-bdXDStte74bAUbZvEjqkgklLF816dj769btfINA.DP4qnUeXDT0sDQxBXoR0n36snw8C1Wq3jveEuFbeiU8&dib_tag=se&keywords=agricultural+spray+drone&qid=1785843336&sr=8-57&xpid=oF2y47se6omrF,https://m.media-amazon.com/images/I/51aku3ni14L._AC_UL320_.jpg,agricultural spray drone
B0GVJSLZ1V,"M METERXITY 2-Set Flat Fan Spray Tips, 1.6mm Orifice 65 Degree Stainless Steel Sprayer Nozzle Tips with NPT3/8 Nut and 50 Mesh Filter for Agricultural Drone Sprayer/Garden Irrigation",,,,$12.49,3.0,1,,https://www.amazon.com/METERXITY-Orifice-Stainless-Agricultural-Irrigation/dp/B0GVJSLZ1V/ref=sr_1_58?dib=eyJ2IjoiMSJ9.dv6LnLFxvdozpQwvzvhTxtCC88YWNHdhdLIU52sk7zOo7Y7QQzYW5YdC6zBoNtn8-Iv-bdXDStte74bAUbZvEjqkgklLF816dj769btfINA.DP4qnUeXDT0sDQxBXoR0n36snw8C1Wq3jveEuFbeiU8&dib_tag=se&keywords=agricultural+spray+drone&qid=1785843336&sr=8-58&xpid=oF2y47se6omrF,https://m.media-amazon.com/images/I/71SOfbJkbhL._AC_UL320_.jpg,agricultural spray drone
B0BXS4XN8V,"Flat Fan Spray Tip, High Pressure Plastic 20pcs Agricultural Sprayer Nozzle Flat Fan for Farmers Gardeners Crop Drones Green",,,,$18.11,,,,https://www.amazon.com/Pressure-Plastic-Agricultural-Sprayer-Protection/dp/B0BXS4XN8V/ref=sr_1_59?dib=eyJ2IjoiMSJ9.vHcHbjd_j0eCYCi6Ho8wcQYuyg68BvIPmM2zcaKy8NLGcTBy4FJplbBXyGPgy9yH4bhP0XKO1GK6-MXUrizvRT6KZ04p4W1IK0JJjQoVfg3Q4svDh9K9fNSTovzsOSfzmE8Nmalexv5HFgD85jZK82_rK86rtwq6Pt_Ozsfr1ZZazkUUuB7L1ZlqFJ82x88AhjA2SMkOeB8ESU7cs7dvsX7Do6id5PAtAJFsopjoAfAw0CMcMBtVf1SYqnO8YWDkO3O5BQGz8NjxmiaNQOPEQF7SfQisXgP_osaNBj1ubI4.Q6r8HS-G9P3L_m9S4z_L7nJhbt2xFqReStWHeA5i_IA&dib_tag=se&keywords=agricultural+spray+drone&qid=1785843336&sr=8-59&xpid=oF2y47se6omrF,https://m.media-amazon.com/images/I/61JOXRIwpeL._AC_UL320_.jpg,agricultural spray drone
B0H4CYNSND,6010 Motor Agricultural Fit For Drone Sprayer Accessories Propulsion Motor Repair Essential Parts,,,,,,,,https://www.amazon.com/Agricultural-Sprayer-Accessories-Propulsion-Essential/dp/B0H4CYNSND/ref=sr_1_60?dib=eyJ2IjoiMSJ9.vHcHbjd_j0eCYCi6Ho8wcQYuyg68BvIPmM2zcaKy8NLGcTBy4FJplbBXyGPgy9yH4bhP0XKO1GK6-MXUrizvRT6KZ04p4W1IK0JJjQoVfg3Q4svDh9K9fNSTovzsOSfzmE8Nmalexv5HFgD85jZK82_rK86rtwq6Pt_Ozsfr1ZZazkUUuB7L1ZlqFJ82x88AhjA2SMkOeB8ESU7cs7dvsX7Do6id5PAtAJFsopjoAfAw0CMcMBtVf1SYqnO8YWDkO3O5BQGz8NjxmiaNQOPEQF7SfQisXgP_osaNBj1ubI4.Q6r8HS-G9P3L_m9S4z_L7nJhbt2xFqReStWHeA5i_IA&dib_tag=se&keywords=agricultural+spray+drone&qid=1785843336&sr=8-60&xpid=oF2y47se6omrF,https://m.media-amazon.com/images/I/41VhcuxzrRL._AC_UL320_.jpg,agricultural spray drone
B0BXS5C178,"Flat Fan Spray Tip, High Pressure Plastic 20pcs Agricultural Sprayer Nozzle for Farmers, Drones, Crop Protection, Farming and Agriculture (Orange)",,,,$18.58,,,,https://www.amazon.com/Pressure-Plastic-Agricultural-Sprayer-Protection/dp/B0BXS5C178/ref=sr_1_61?dib=eyJ2IjoiMSJ9.vHcHbjd_j0eCYCi6Ho8wcQYuyg68BvIPmM2zcaKy8NLGcTBy4FJplbBXyGPgy9yH4bhP0XKO1GK6-MXUrizvRT6KZ04p4W1IK0JJjQoVfg3Q4svDh9K9fNSTovzsOSfzmE8Nmalexv5HFgD85jZK82_rK86rtwq6Pt_Ozsfr1ZZazkUUuB7L1ZlqFJ82x88AhjA2SMkOeB8ESU7cs7dvsX7Do6id5PAtAJFsopjoAfAw0CMcMBtVf1SYqnO8YWDkO3O5BQGz8NjxmiaNQOPEQF7SfQisXgP_osaNBj1ubI4.Q6r8HS-G9P3L_m9S4z_L7nJhbt2xFqReStWHeA5i_IA&dib_tag=se&keywords=agricultural+spray+drone&qid=1785843336&sr=8-61&xpid=oF2y47se6omrF,https://m.media-amazon.com/images/I/71U2EhVYSHL._AC_UL320_.jpg,agricultural spray drone
B0H81YF946,P100 P100pro Smart Spray Hub Fit For Agricultural Drones Accessories,,,,$181.26,,,,https://www.amazon.com/P100pro-Smart-Agricultural-Drones-Accessories/dp/B0H81YF946/ref=sr_1_62?dib=eyJ2IjoiMSJ9.vHcHbjd_j0eCYCi6Ho8wcQYuyg68BvIPmM2zcaKy8NLGcTBy4FJplbBXyGPgy9yH4bhP0XKO1GK6-MXUrizvRT6KZ04p4W1IK0JJjQoVfg3Q4svDh9K9fNSTovzsOSfzmE8Nmalexv5HFgD85jZK82_rK86rtwq6Pt_Ozsfr1ZZazkUUuB7L1ZlqFJ82x88AhjA2SMkOeB8ESU7cs7dvsX7Do6id5PAtAJFsopjoAfAw0CMcMBtVf1SYqnO8YWDkO3O5BQGz8NjxmiaNQOPEQF7SfQisXgP_osaNBj1ubI4.Q6r8HS-G9P3L_m9S4z_L7nJhbt2xFqReStWHeA5i_IA&dib_tag=se&keywords=agricultural+spray+drone&qid=1785843336&sr=8-62&xpid=oF2y47se6omrF,https://m.media-amazon.com/images/I/41U9NBe9EPL._AC_UL320_.jpg,agricultural spray drone
B0GVJTJZS6,"M METERXITY 2-Set Flat Fan Spray Tips, 0.91mm Orifice 65 Degree Stainless Steel Sprayer Nozzle Tips with NPT3/8 Nut and 50 Mesh Filter for Agricultural Drone Sprayer/Garden Irrigation",,,,$12.49,3.0,1,,https://www.amazon.com/METERXITY-Orifice-Stainless-Agricultural-Irrigation/dp/B0GVJTJZS6/ref=sr_1_63?dib=eyJ2IjoiMSJ9.vHcHbjd_j0eCYCi6Ho8wcQYuyg68BvIPmM2zcaKy8NLGcTBy4FJplbBXyGPgy9yH4bhP0XKO1GK6-MXUrizvRT6KZ04p4W1IK0JJjQoVfg3Q4svDh9K9fNSTovzsOSfzmE8Nmalexv5HFgD85jZK82_rK86rtwq6Pt_Ozsfr1ZZazkUUuB7L1ZlqFJ82x88AhjA2SMkOeB8ESU7cs7dvsX7Do6id5PAtAJFsopjoAfAw0CMcMBtVf1SYqnO8YWDkO3O5BQGz8NjxmiaNQOPEQF7SfQisXgP_osaNBj1ubI4.Q6r8HS-G9P3L_m9S4z_L7nJhbt2xFqReStWHeA5i_IA&dib_tag=se&keywords=agricultural+spray+drone&qid=1785843336&sr=8-63&xpid=oF2y47se6omrF,https://m.media-amazon.com/images/I/71Yx-MsP8GL._AC_UL320_.jpg,agricultural spray drone
B0H7W87HSK,P80 III KV100 KV120 Motor FIT for 10Kg 15 Kg Payload Farm Fumigation Agricultural Sprayer Aircraft UAV | Without Pin KV120,,,,"$1,639.52",,,,https://www.amazon.com/Payload-Fumigation-Agricultural-Sprayer-Aircraft/dp/B0H7W87HSK/ref=sr_1_64?dib=eyJ2IjoiMSJ9.vHcHbjd_j0eCYCi6Ho8wcQYuyg68BvIPmM2zcaKy8NLGcTBy4FJplbBXyGPgy9yH4bhP0XKO1GK6-MXUrizvRT6KZ04p4W1IK0JJjQoVfg3Q4svDh9K9fNSTovzsOSfzmE8Nmalexv5HFgD85jZK82_rK86rtwq6Pt_Ozsfr1ZZazkUUuB7L1ZlqFJ82x88AhjA2SMkOeB8ESU7cs7dvsX7Do6id5PAtAJFsopjoAfAw0CMcMBtVf1SYqnO8YWDkO3O5BQGz8NjxmiaNQOPEQF7SfQisXgP_osaNBj1ubI4.Q6r8HS-G9P3L_m9S4z_L7nJhbt2xFqReStWHeA5i_IA&dib_tag=se&keywords=agricultural+spray+drone&qid=1785843336&sr=8-64&xpid=oF2y47se6omrF,https://m.media-amazon.com/images/I/41QV63sNYZL._AC_UL320_.jpg,agricultural spray drone
B0H6MLB56N,"Agricultural Drone Cover Waterproof Compatible with DJI Agras Drones | Compatible with DJI Agras T50 T40 T25 T20P T30 XAG P100, 600D All Weather Farm Drone Protection Cover with Reflective Straps",DJI,,,$67.99,,,,https://www.amazon.com/Agricultural-Drone-Waterproof-Compatible-Drones/dp/B0H6MLB56N/ref=sr_1_65?dib=eyJ2IjoiMSJ9.vHcHbjd_j0eCYCi6Ho8wcQYuyg68BvIPmM2zcaKy8NLGcTBy4FJplbBXyGPgy9yH4bhP0XKO1GK6-MXUrizvRT6KZ04p4W1IK0JJjQoVfg3Q4svDh9K9fNSTovzsOSfzmE8Nmalexv5HFgD85jZK82_rK86rtwq6Pt_Ozsfr1ZZazkUUuB7L1ZlqFJ82x88AhjA2SMkOeB8ESU7cs7dvsX7Do6id5PAtAJFsopjoAfAw0CMcMBtVf1SYqnO8YWDkO3O5BQGz8NjxmiaNQOPEQF7SfQisXgP_osaNBj1ubI4.Q6r8HS-G9P3L_m9S4z_L7nJhbt2xFqReStWHeA5i_IA&dib_tag=se&keywords=agricultural+spray+drone&qid=1785843336&sr=8-65&xpid=oF2y47se6omrF,https://m.media-amazon.com/images/I/61wMWB+IDdL._AC_UL320_.jpg,agricultural spray drone
B0FKZR5ZR1,Agriculture Drone Spraying Adaptive Drone Sprayer Repair Kit for T50/T25,,,,$40.58,,,,https://www.amazon.com/ScYWdLi-Agriculture-Spraying-Adaptive-Sprayer/dp/B0FKZR5ZR1/ref=sr_1_66?dib=eyJ2IjoiMSJ9.vHcHbjd_j0eCYCi6Ho8wcQYuyg68BvIPmM2zcaKy8NLGcTBy4FJplbBXyGPgy9yH4bhP0XKO1GK6-MXUrizvRT6KZ04p4W1IK0JJjQoVfg3Q4svDh9K9fNSTovzsOSfzmE8Nmalexv5HFgD85jZK82_rK86rtwq6Pt_Ozsfr1ZZazkUUuB7L1ZlqFJ82x88AhjA2SMkOeB8ESU7cs7dvsX7Do6id5PAtAJFsopjoAfAw0CMcMBtVf1SYqnO8YWDkO3O5BQGz8NjxmiaNQOPEQF7SfQisXgP_osaNBj1ubI4.Q6r8HS-G9P3L_m9S4z_L7nJhbt2xFqReStWHeA5i_IA&dib_tag=se&keywords=agricultural+spray+drone&qid=1785843336&sr=8-66&xpid=oF2y47se6omrF,https://m.media-amazon.com/images/I/41ArkKWFmZL._AC_UL320_.jpg,agricultural spray drone
B0H2W8MLFY,X8 Motor Combo Power System 32 Inch Propeller Fit for Agricultural Spraying Drone,,,,,,,,https://www.amazon.com/Motor-System-Propeller-Agricultural-Spraying/dp/B0H2W8MLFY/ref=sr_1_67?dib=eyJ2IjoiMSJ9.vHcHbjd_j0eCYCi6Ho8wcQYuyg68BvIPmM2zcaKy8NLGcTBy4FJplbBXyGPgy9yH4bhP0XKO1GK6-MXUrizvRT6KZ04p4W1IK0JJjQoVfg3Q4svDh9K9fNSTovzsOSfzmE8Nmalexv5HFgD85jZK82_rK86rtwq6Pt_Ozsfr1ZZazkUUuB7L1ZlqFJ82x88AhjA2SMkOeB8ESU7cs7dvsX7Do6id5PAtAJFsopjoAfAw0CMcMBtVf1SYqnO8YWDkO3O5BQGz8NjxmiaNQOPEQF7SfQisXgP_osaNBj1ubI4.Q6r8HS-G9P3L_m9S4z_L7nJhbt2xFqReStWHeA5i_IA&dib_tag=se&keywords=agricultural+spray+drone&qid=1785843336&sr=8-67&xpid=oF2y47se6omrF,https://m.media-amazon.com/images/I/41cLj2tl+zL._AC_UL320_.jpg,agricultural spray drone
B0GVJZ2Y2N,"M METERXITY 1-Set Flat Fan Spray Tips, 0.66mm Orifice 25 Degree Stainless Steel Sprayer Nozzle Tips with NPT3/8 Nut and 50 Mesh Filter for Agricultural Drone Sprayer/Garden Irrigation",,,,$7.49,,,,https://www.amazon.com/METERXITY-Orifice-Stainless-Agricultural-Irrigation/dp/B0GVJZ2Y2N/ref=sr_1_68?dib=eyJ2IjoiMSJ9.vHcHbjd_j0eCYCi6Ho8wcQYuyg68BvIPmM2zcaKy8NLGcTBy4FJplbBXyGPgy9yH4bhP0XKO1GK6-MXUrizvRT6KZ04p4W1IK0JJjQoVfg3Q4svDh9K9fNSTovzsOSfzmE8Nmalexv5HFgD85jZK82_rK86rtwq6Pt_Ozsfr1ZZazkUUuB7L1ZlqFJ82x88AhjA2SMkOeB8ESU7cs7dvsX7Do6id5PAtAJFsopjoAfAw0CMcMBtVf1SYqnO8YWDkO3O5BQGz8NjxmiaNQOPEQF7SfQisXgP_osaNBj1ubI4.Q6r8HS-G9P3L_m9S4z_L7nJhbt2xFqReStWHeA5i_IA&dib_tag=se&keywords=agricultural+spray+drone&qid=1785843336&sr=8-68&xpid=oF2y47se6omrF,https://m.media-amazon.com/images/I/71aFrTdsORL._AC_UL320_.jpg,agricultural spray drone
B0H4D2NW3B,DParts1 KV85/150/175 ESC Agricultural Crop Sprayer Parts Agricultural Air-Craft Parts FIT for UA80 Drone,,,,"$1,094.07",,,,https://www.amazon.com/DParts1-Agricultural-Sprayer-Parts-Air-Craft/dp/B0H4D2NW3B/ref=sr_1_69?dib=eyJ2IjoiMSJ9.vHcHbjd_j0eCYCi6Ho8wcQYuyg68BvIPmM2zcaKy8NLGcTBy4FJplbBXyGPgy9yH4bhP0XKO1GK6-MXUrizvRT6KZ04p4W1IK0JJjQoVfg3Q4svDh9K9fNSTovzsOSfzmE8Nmalexv5HFgD85jZK82_rK86rtwq6Pt_Ozsfr1ZZazkUUuB7L1ZlqFJ82x88AhjA2SMkOeB8ESU7cs7dvsX7Do6id5PAtAJFsopjoAfAw0CMcMBtVf1SYqnO8YWDkO3O5BQGz8NjxmiaNQOPEQF7SfQisXgP_osaNBj1ubI4.Q6r8HS-G9P3L_m9S4z_L7nJhbt2xFqReStWHeA5i_IA&dib_tag=se&keywords=agricultural+spray+drone&qid=1785843336&sr=8-69&xpid=oF2y47se6omrF,https://m.media-amazon.com/images/I/51NhdXWAPfL._AC_UL320_.jpg,agricultural spray drone
B0FHPWGCYG,18S X13 Power System for 4-Axis 50L Multirotor Agricultural Spraying Drone to 54-56kg Load(1CW and 5620 Prop),,,,,,,,https://www.amazon.com/CxzHtv-Multirotor-Agricultural-Spraying-54-56kg/dp/B0FHPWGCYG/ref=sr_1_70?dib=eyJ2IjoiMSJ9.vHcHbjd_j0eCYCi6Ho8wcQYuyg68BvIPmM2zcaKy8NLGcTBy4FJplbBXyGPgy9yH4bhP0XKO1GK6-MXUrizvRT6KZ04p4W1IK0JJjQoVfg3Q4svDh9K9fNSTovzsOSfzmE8Nmalexv5HFgD85jZK82_rK86rtwq6Pt_Ozsfr1ZZazkUUuB7L1ZlqFJ82x88AhjA2SMkOeB8ESU7cs7dvsX7Do6id5PAtAJFsopjoAfAw0CMcMBtVf1SYqnO8YWDkO3O5BQGz8NjxmiaNQOPEQF7SfQisXgP_osaNBj1ubI4.Q6r8HS-G9P3L_m9S4z_L7nJhbt2xFqReStWHeA5i_IA&dib_tag=se&keywords=agricultural+spray+drone&qid=1785843336&sr=8-70&xpid=oF2y47se6omrF,https://m.media-amazon.com/images/I/417yNA4zCWL._AC_UL320_.jpg,agricultural spray drone
B0HCJFTR29,36190 36-inch Folding Fiber Propeller CW CCW for Agricultural Spraying Drone(36190 1xCW 1xCW),,,,$67.46,,,,https://www.amazon.com/36-inch-Folding-Propeller-Agricultural-Spraying/dp/B0HCJFTR29/ref=sr_1_71?dib=eyJ2IjoiMSJ9.vHcHbjd_j0eCYCi6Ho8wcQYuyg68BvIPmM2zcaKy8NLGcTBy4FJplbBXyGPgy9yH4bhP0XKO1GK6-MXUrizvRT6KZ04p4W1IK0JJjQoVfg3Q4svDh9K9fNSTovzsOSfzmE8Nmalexv5HFgD85jZK82_rK86rtwq6Pt_Ozsfr1ZZazkUUuB7L1ZlqFJ82x88AhjA2SMkOeB8ESU7cs7dvsX7Do6id5PAtAJFsopjoAfAw0CMcMBtVf1SYqnO8YWDkO3O5BQGz8NjxmiaNQOPEQF7SfQisXgP_osaNBj1ubI4.Q6r8HS-G9P3L_m9S4z_L7nJhbt2xFqReStWHeA5i_IA&dib_tag=se&keywords=agricultural+spray+drone&qid=1785843336&sr=8-71&xpid=oF2y47se6omrF,https://m.media-amazon.com/images/I/41ApGE2N7SL._AC_UL320_.jpg,agricultural spray drone
B0GVJSM2ZH,"M METERXITY 1-Set Flat Fan Spray Tips, 1.4mm Orifice 40 Degree Stainless Steel Sprayer Nozzle Tips with NPT3/8 Nut and 50 Mesh Filter for Agricultural Drone Sprayer/Garden Irrigation",,,,$7.49,,,,https://www.amazon.com/METERXITY-Orifice-Stainless-Agricultural-Irrigation/dp/B0GVJSM2ZH/ref=sr_1_72?dib=eyJ2IjoiMSJ9.vHcHbjd_j0eCYCi6Ho8wcQYuyg68BvIPmM2zcaKy8NLGcTBy4FJplbBXyGPgy9yH4bhP0XKO1GK6-MXUrizvRT6KZ04p4W1IK0JJjQoVfg3Q4svDh9K9fNSTovzsOSfzmE8Nmalexv5HFgD85jZK82_rK86rtwq6Pt_Ozsfr1ZZazkUUuB7L1ZlqFJ82x88AhjA2SMkOeB8ESU7cs7dvsX7Do6id5PAtAJFsopjoAfAw0CMcMBtVf1SYqnO8YWDkO3O5BQGz8NjxmiaNQOPEQF7SfQisXgP_osaNBj1ubI4.Q6r8HS-G9P3L_m9S4z_L7nJhbt2xFqReStWHeA5i_IA&dib_tag=se&keywords=agricultural+spray+drone&qid=1785843336&sr=8-72&xpid=oF2y47se6omrF,https://m.media-amazon.com/images/I/71gXs3EBrVL._AC_UL320_.jpg,agricultural spray drone
B0B2LF8X8V,Propellers Rotor Blade Sets 4 Axis 10KG 10L Agricultural Spraying unmanned RC Drone Empty Carbon Fiber Frame Mist Agriculture Machine UAV Frame for Drone (Color : Rack) (Rack),,,,,,,,https://www.amazon.com/Propellers-Agricultural-Spraying-unmanned-Agriculture/dp/B0B2LF8X8V/ref=sr_1_73?dib=eyJ2IjoiMSJ9.vHcHbjd_j0eCYCi6Ho8wcQYuyg68BvIPmM2zcaKy8NLGcTBy4FJplbBXyGPgy9yH4bhP0XKO1GK6-MXUrizvRT6KZ04p4W1IK0JJjQoVfg3Q4svDh9K9fNSTovzsOSfzmE8Nmalexv5HFgD85jZK82_rK86rtwq6Pt_Ozsfr1ZZazkUUuB7L1ZlqFJ82x88AhjA2SMkOeB8ESU7cs7dvsX7Do6id5PAtAJFsopjoAfAw0CMcMBtVf1SYqnO8YWDkO3O5BQGz8NjxmiaNQOPEQF7SfQisXgP_osaNBj1ubI4.Q6r8HS-G9P3L_m9S4z_L7nJhbt2xFqReStWHeA5i_IA&dib_tag=se&keywords=agricultural+spray+drone&qid=1785843336&sr=8-73&xpid=oF2y47se6omrF,https://m.media-amazon.com/images/I/510EzGb0wlL._AC_UL320_.jpg,agricultural spray drone
B0GJ67RWFF,P80 III KV100 KV120 Motor For 10Kg 15 Kg Payload Farm Fumigation Drone Agricultural Sprayer Aircraft UAV(Pin KV100),,,,$755.56,,,,https://www.amazon.com/Payload-Fumigation-Agricultural-Sprayer-Aircraft/dp/B0GJ67RWFF/ref=sr_1_74?dib=eyJ2IjoiMSJ9.vHcHbjd_j0eCYCi6Ho8wcQYuyg68BvIPmM2zcaKy8NLGcTBy4FJplbBXyGPgy9yH4bhP0XKO1GK6-MXUrizvRT6KZ04p4W1IK0JJjQoVfg3Q4svDh9K9fNSTovzsOSfzmE8Nmalexv5HFgD85jZK82_rK86rtwq6Pt_Ozsfr1ZZazkUUuB7L1ZlqFJ82x88AhjA2SMkOeB8ESU7cs7dvsX7Do6id5PAtAJFsopjoAfAw0CMcMBtVf1SYqnO8YWDkO3O5BQGz8NjxmiaNQOPEQF7SfQisXgP_osaNBj1ubI4.Q6r8HS-G9P3L_m9S4z_L7nJhbt2xFqReStWHeA5i_IA&dib_tag=se&keywords=agricultural+spray+drone&qid=1785843336&sr=8-74&xpid=oF2y47se6omrF,https://m.media-amazon.com/images/I/31bo6EBHb1L._AC_UL320_.jpg,agricultural spray drone
B0H7W8BFNF,A8 KV115 Power Kit with MF3119P Folding Propellers FIT for Agricultural Sprayer UAV | A8 3119 CCW,,,,,,,,https://www.amazon.com/MF3119P-Folding-Propellers-Agricultural-Sprayer/dp/B0H7W8BFNF/ref=sr_1_75?dib=eyJ2IjoiMSJ9.vHcHbjd_j0eCYCi6Ho8wcQYuyg68BvIPmM2zcaKy8NLGcTBy4FJplbBXyGPgy9yH4bhP0XKO1GK6-MXUrizvRT6KZ04p4W1IK0JJjQoVfg3Q4svDh9K9fNSTovzsOSfzmE8Nmalexv5HFgD85jZK82_rK86rtwq6Pt_Ozsfr1ZZazkUUuB7L1ZlqFJ82x88AhjA2SMkOeB8ESU7cs7dvsX7Do6id5PAtAJFsopjoAfAw0CMcMBtVf1SYqnO8YWDkO3O5BQGz8NjxmiaNQOPEQF7SfQisXgP_osaNBj1ubI4.Q6r8HS-G9P3L_m9S4z_L7nJhbt2xFqReStWHeA5i_IA&dib_tag=se&keywords=agricultural+spray+drone&qid=1785843336&sr=8-75&xpid=oF2y47se6omrF,https://m.media-amazon.com/images/I/41EcuUidUEL._AC_UL320_.jpg,agricultural spray drone
B0FL1TXTSS,P20 32 Inch 32121 Carbon Fiber Folding Propeller For Agricultural Spraying Drone(P20 32121 CCW),,,,$71.26,,,,https://www.amazon.com/Carbon-Folding-Propeller-Agricultural-Spraying/dp/B0FL1TXTSS/ref=sr_1_76?dib=eyJ2IjoiMSJ9.vHcHbjd_j0eCYCi6Ho8wcQYuyg68BvIPmM2zcaKy8NLGcTBy4FJplbBXyGPgy9yH4bhP0XKO1GK6-MXUrizvRT6KZ04p4W1IK0JJjQoVfg3Q4svDh9K9fNSTovzsOSfzmE8Nmalexv5HFgD85jZK82_rK86rtwq6Pt_Ozsfr1ZZazkUUuB7L1ZlqFJ82x88AhjA2SMkOeB8ESU7cs7dvsX7Do6id5PAtAJFsopjoAfAw0CMcMBtVf1SYqnO8YWDkO3O5BQGz8NjxmiaNQOPEQF7SfQisXgP_osaNBj1ubI4.Q6r8HS-G9P3L_m9S4z_L7nJhbt2xFqReStWHeA5i_IA&dib_tag=se&keywords=agricultural+spray+drone&qid=1785843336&sr=8-76&xpid=oF2y47se6omrF,https://m.media-amazon.com/images/I/41kpCNN57GL._AC_UL320_.jpg,agricultural spray drone
B0GHQ9QTVT,12PCS T30 R3820 Carbon Folding Paddles For Agricultural Spraying Drone,,,,$555.28,,,,https://www.amazon.com/Carbon-Folding-Paddles-Agricultural-Spraying/dp/B0GHQ9QTVT/ref=sr_1_77?dib=eyJ2IjoiMSJ9.vHcHbjd_j0eCYCi6Ho8wcQYuyg68BvIPmM2zcaKy8NLGcTBy4FJplbBXyGPgy9yH4bhP0XKO1GK6-MXUrizvRT6KZ04p4W1IK0JJjQoVfg3Q4svDh9K9fNSTovzsOSfzmE8Nmalexv5HFgD85jZK82_rK86rtwq6Pt_Ozsfr1ZZazkUUuB7L1ZlqFJ82x88AhjA2SMkOeB8ESU7cs7dvsX7Do6id5PAtAJFsopjoAfAw0CMcMBtVf1SYqnO8YWDkO3O5BQGz8NjxmiaNQOPEQF7SfQisXgP_osaNBj1ubI4.Q6r8HS-G9P3L_m9S4z_L7nJhbt2xFqReStWHeA5i_IA&dib_tag=se&keywords=agricultural+spray+drone&qid=1785843336&sr=8-77&xpid=oF2y47se6omrF,https://m.media-amazon.com/images/I/51CBTnI9pdL._AC_UL320_.jpg,agricultural spray drone
B0H3NXSVNZ,"Agricultural Drone Cover Compatible with T25P, T55, T70, T100S, 48""x37""x37"" | 600D Oxford, waterproof, UV-resistant, dustproof, with vents & reflective strips, fits T100, T200, includes bag",,,,$68.90,,,,https://www.amazon.com/Agricultural-Drone-Cover-Compatible-T100S/dp/B0H3NXSVNZ/ref=sr_1_78?dib=eyJ2IjoiMSJ9.vHcHbjd_j0eCYCi6Ho8wcQYuyg68BvIPmM2zcaKy8NLGcTBy4FJplbBXyGPgy9yH4bhP0XKO1GK6-MXUrizvRT6KZ04p4W1IK0JJjQoVfg3Q4svDh9K9fNSTovzsOSfzmE8Nmalexv5HFgD85jZK82_rK86rtwq6Pt_Ozsfr1ZZazkUUuB7L1ZlqFJ82x88AhjA2SMkOeB8ESU7cs7dvsX7Do6id5PAtAJFsopjoAfAw0CMcMBtVf1SYqnO8YWDkO3O5BQGz8NjxmiaNQOPEQF7SfQisXgP_osaNBj1ubI4.Q6r8HS-G9P3L_m9S4z_L7nJhbt2xFqReStWHeA5i_IA&dib_tag=se&keywords=agricultural+spray+drone&qid=1785843336&sr=8-78&xpid=oF2y47se6omrF,https://m.media-amazon.com/images/I/61toAvOpBgL._AC_UL320_.jpg,agricultural spray drone
B0G5G9NPYW,"RC Plus 2 Control Sticks, Thumb Joysticks for DJI RC Plus 2/1 Remote for DJI FlyCart 30/Inspire 3/Matrice 4/400/Matrice 30/30T/Matrice 350 RTK /T40/T25/T20P Controller Rocker (Red)",DJI,,,$21.99,3.0,1,,https://www.amazon.com/Wtohoby-Control-Joysticks-FlyCart-Controller/dp/B0G5G9NPYW/ref=sr_1_79?dib=eyJ2IjoiMSJ9.vHcHbjd_j0eCYCi6Ho8wcQYuyg68BvIPmM2zcaKy8NLGcTBy4FJplbBXyGPgy9yH4bhP0XKO1GK6-MXUrizvRT6KZ04p4W1IK0JJjQoVfg3Q4svDh9K9fNSTovzsOSfzmE8Nmalexv5HFgD85jZK82_rK86rtwq6Pt_Ozsfr1ZZazkUUuB7L1ZlqFJ82x88AhjA2SMkOeB8ESU7cs7dvsX7Do6id5PAtAJFsopjoAfAw0CMcMBtVf1SYqnO8YWDkO3O5BQGz8NjxmiaNQOPEQF7SfQisXgP_osaNBj1ubI4.Q6r8HS-G9P3L_m9S4z_L7nJhbt2xFqReStWHeA5i_IA&dib_tag=se&keywords=agricultural+spray+drone&qid=1785843336&sr=8-79&xpid=oF2y47se6omrF,https://m.media-amazon.com/images/I/61AP-OkgTeL._AC_UL320_.jpg,agricultural spray drone
B0GHQGS9YK,4PCS HW X9 Max Pro 36190 Folding Paddles For Agricultural Spraying Drone,,,,$111.59,,,,https://www.amazon.com/36190-Folding-Paddles-Agricultural-Spraying/dp/B0GHQGS9YK/ref=sr_1_80?dib=eyJ2IjoiMSJ9.vHcHbjd_j0eCYCi6Ho8wcQYuyg68BvIPmM2zcaKy8NLGcTBy4FJplbBXyGPgy9yH4bhP0XKO1GK6-MXUrizvRT6KZ04p4W1IK0JJjQoVfg3Q4svDh9K9fNSTovzsOSfzmE8Nmalexv5HFgD85jZK82_rK86rtwq6Pt_Ozsfr1ZZazkUUuB7L1ZlqFJ82x88AhjA2SMkOeB8ESU7cs7dvsX7Do6id5PAtAJFsopjoAfAw0CMcMBtVf1SYqnO8YWDkO3O5BQGz8NjxmiaNQOPEQF7SfQisXgP_osaNBj1ubI4.Q6r8HS-G9P3L_m9S4z_L7nJhbt2xFqReStWHeA5i_IA&dib_tag=se&keywords=agricultural+spray+drone&qid=1785843336&sr=8-80&xpid=oF2y47se6omrF,https://m.media-amazon.com/images/I/51zGMXPaERL._AC_UL320_.jpg,agricultural spray drone
B0H8LK36HC,Fit for MG-1/A/P/S 6010 Motor Agricultural Dr-one Sprayer Accessories Propulsion Motor Repair Essential,,,,$396.28,,,,https://www.amazon.com/Agricultural-Sprayer-Accessories-Propulsion-Essential/dp/B0H8LK36HC/ref=sr_1_81?dib=eyJ2IjoiMSJ9.vHcHbjd_j0eCYCi6Ho8wcQYuyg68BvIPmM2zcaKy8NLGcTBy4FJplbBXyGPgy9yH4bhP0XKO1GK6-MXUrizvRT6KZ04p4W1IK0JJjQoVfg3Q4svDh9K9fNSTovzsOSfzmE8Nmalexv5HFgD85jZK82_rK86rtwq6Pt_Ozsfr1ZZazkUUuB7L1ZlqFJ82x88AhjA2SMkOeB8ESU7cs7dvsX7Do6id5PAtAJFsopjoAfAw0CMcMBtVf1SYqnO8YWDkO3O5BQGz8NjxmiaNQOPEQF7SfQisXgP_osaNBj1ubI4.Q6r8HS-G9P3L_m9S4z_L7nJhbt2xFqReStWHeA5i_IA&dib_tag=se&keywords=agricultural+spray+drone&qid=1785843336&sr=8-81&xpid=oF2y47se6omrF,https://m.media-amazon.com/images/I/31P2fxfASBL._AC_UL320_.jpg,agricultural spray drone
B0GQQ8T6S1,36190 Carbon Drone Propellers For X9 Plus MAX Resistant Agricultural Spraying Rotors (CW+CCW Pair)(X9 Plus MAX 2CW2CCW),,,,,,,,https://www.amazon.com/dp/B0GQQ8T6S1/ref=sr_1_82?dib=eyJ2IjoiMSJ9.vHcHbjd_j0eCYCi6Ho8wcQYuyg68BvIPmM2zcaKy8NLGcTBy4FJplbBXyGPgy9yH4bhP0XKO1GK6-MXUrizvRT6KZ04p4W1IK0JJjQoVfg3Q4svDh9K9fNSTovzsOSfzmE8Nmalexv5HFgD85jZK82_rK86rtwq6Pt_Ozsfr1ZZazkUUuB7L1ZlqFJ82x88AhjA2SMkOeB8ESU7cs7dvsX7Do6id5PAtAJFsopjoAfAw0CMcMBtVf1SYqnO8YWDkO3O5BQGz8NjxmiaNQOPEQF7SfQisXgP_osaNBj1ubI4.Q6r8HS-G9P3L_m9S4z_L7nJhbt2xFqReStWHeA5i_IA&dib_tag=se&keywords=agricultural+spray+drone&qid=1785843336&sr=8-82&xpid=oF2y47se6omrF,https://m.media-amazon.com/images/I/61jRfBMimbL._AC_UL320_.jpg,agricultural spray drone
B0H2LTHMFD,Drone Propeller for Agricultural Spraying Drones Fit for P30 Heavy Lift UAV Accessories(P30-CCW 1),,,,,,,,https://www.amazon.com/Propeller-Agricultural-Spraying-Accessories-P30-CCW/dp/B0H2LTHMFD/ref=sr_1_83?dib=eyJ2IjoiMSJ9.vHcHbjd_j0eCYCi6Ho8wcQYuyg68BvIPmM2zcaKy8NLGcTBy4FJplbBXyGPgy9yH4bhP0XKO1GK6-MXUrizvRT6KZ04p4W1IK0JJjQoVfg3Q4svDh9K9fNSTovzsOSfzmE8Nmalexv5HFgD85jZK82_rK86rtwq6Pt_Ozsfr1ZZazkUUuB7L1ZlqFJ82x88AhjA2SMkOeB8ESU7cs7dvsX7Do6id5PAtAJFsopjoAfAw0CMcMBtVf1SYqnO8YWDkO3O5BQGz8NjxmiaNQOPEQF7SfQisXgP_osaNBj1ubI4.Q6r8HS-G9P3L_m9S4z_L7nJhbt2xFqReStWHeA5i_IA&dib_tag=se&keywords=agricultural+spray+drone&qid=1785843336&sr=8-83&xpid=oF2y47se6omrF,https://m.media-amazon.com/images/I/41h83WF3V3L._AC_UL320_.jpg,agricultural spray drone
B0GVJLCB4K,"M METERXITY 2-Set Flat Fan Spray Tips, 1.6mm Orifice 40 Degree Stainless Steel Sprayer Nozzle Tips with NPT3/8 Nut and 50 Mesh Filter for Agricultural Drone Sprayer/Garden Irrigation",,,,$12.49,,,,https://www.amazon.com/METERXITY-Orifice-Stainless-Agricultural-Irrigation/dp/B0GVJLCB4K/ref=sr_1_84?dib=eyJ2IjoiMSJ9.vHcHbjd_j0eCYCi6Ho8wcQYuyg68BvIPmM2zcaKy8NLGcTBy4FJplbBXyGPgy9yH4bhP0XKO1GK6-MXUrizvRT6KZ04p4W1IK0JJjQoVfg3Q4svDh9K9fNSTovzsOSfzmE8Nmalexv5HFgD85jZK82_rK86rtwq6Pt_Ozsfr1ZZazkUUuB7L1ZlqFJ82x88AhjA2SMkOeB8ESU7cs7dvsX7Do6id5PAtAJFsopjoAfAw0CMcMBtVf1SYqnO8YWDkO3O5BQGz8NjxmiaNQOPEQF7SfQisXgP_osaNBj1ubI4.Q6r8HS-G9P3L_m9S4z_L7nJhbt2xFqReStWHeA5i_IA&dib_tag=se&keywords=agricultural+spray+drone&qid=1785843336&sr=8-84&xpid=oF2y47se6omrF,https://m.media-amazon.com/images/I/71Dl8tAOp3L._AC_UL320_.jpg,agricultural spray drone
B0GL2M92LR,X9 MAX Power System 9626 100KV Motor Maximum Load 15kg Fit for 20L 25L Multirotor Agricultural Spraying Dr-one,,,,$992.45,,,,https://www.amazon.com/System-Maximum-Multirotor-Agricultural-Spraying/dp/B0GL2M92LR/ref=sr_1_85?dib=eyJ2IjoiMSJ9.vHcHbjd_j0eCYCi6Ho8wcQYuyg68BvIPmM2zcaKy8NLGcTBy4FJplbBXyGPgy9yH4bhP0XKO1GK6-MXUrizvRT6KZ04p4W1IK0JJjQoVfg3Q4svDh9K9fNSTovzsOSfzmE8Nmalexv5HFgD85jZK82_rK86rtwq6Pt_Ozsfr1ZZazkUUuB7L1ZlqFJ82x88AhjA2SMkOeB8ESU7cs7dvsX7Do6id5PAtAJFsopjoAfAw0CMcMBtVf1SYqnO8YWDkO3O5BQGz8NjxmiaNQOPEQF7SfQisXgP_osaNBj1ubI4.Q6r8HS-G9P3L_m9S4z_L7nJhbt2xFqReStWHeA5i_IA&dib_tag=se&keywords=agricultural+spray+drone&qid=1785843336&sr=8-85&xpid=oF2y47se6omrF,https://m.media-amazon.com/images/I/51TO-VZfsZL._AC_UL320_.jpg,agricultural spray drone
B0GRQLK8C8,X9 Drone Propellers 3411 Carbon-Fiber | Agricultural Spraying UAV Accessories For Crop(Paddle Clamp 1Pair),,,,$79.58,,,,https://www.amazon.com/dp/B0GRQLK8C8/ref=sr_1_86?dib=eyJ2IjoiMSJ9.vHcHbjd_j0eCYCi6Ho8wcQYuyg68BvIPmM2zcaKy8NLGcTBy4FJplbBXyGPgy9yH4bhP0XKO1GK6-MXUrizvRT6KZ04p4W1IK0JJjQoVfg3Q4svDh9K9fNSTovzsOSfzmE8Nmalexv5HFgD85jZK82_rK86rtwq6Pt_Ozsfr1ZZazkUUuB7L1ZlqFJ82x88AhjA2SMkOeB8ESU7cs7dvsX7Do6id5PAtAJFsopjoAfAw0CMcMBtVf1SYqnO8YWDkO3O5BQGz8NjxmiaNQOPEQF7SfQisXgP_osaNBj1ubI4.Q6r8HS-G9P3L_m9S4z_L7nJhbt2xFqReStWHeA5i_IA&dib_tag=se&keywords=agricultural+spray+drone&qid=1785843336&sr=8-86&xpid=oF2y47se6omrF,https://m.media-amazon.com/images/I/417f8Xxg7gL._AC_UL320_.jpg,agricultural spray drone
B0H2X3MVWG,X11 Plus 34kg Kv85 4314 Propeller 12sto14s Motor Fit for Agricultural Spraying Drone,,,,,,,,https://www.amazon.com/Propeller-12sto14s-Motor-Agricultural-Spraying/dp/B0H2X3MVWG/ref=sr_1_87?dib=eyJ2IjoiMSJ9.vHcHbjd_j0eCYCi6Ho8wcQYuyg68BvIPmM2zcaKy8NLGcTBy4FJplbBXyGPgy9yH4bhP0XKO1GK6-MXUrizvRT6KZ04p4W1IK0JJjQoVfg3Q4svDh9K9fNSTovzsOSfzmE8Nmalexv5HFgD85jZK82_rK86rtwq6Pt_Ozsfr1ZZazkUUuB7L1ZlqFJ82x88AhjA2SMkOeB8ESU7cs7dvsX7Do6id5PAtAJFsopjoAfAw0CMcMBtVf1SYqnO8YWDkO3O5BQGz8NjxmiaNQOPEQF7SfQisXgP_osaNBj1ubI4.Q6r8HS-G9P3L_m9S4z_L7nJhbt2xFqReStWHeA5i_IA&dib_tag=se&keywords=agricultural+spray+drone&qid=1785843336&sr=8-87&xpid=oF2y47se6omrF,https://m.media-amazon.com/images/I/41Bgx4IVT2L._AC_UL320_.jpg,agricultural spray drone
B0FG2JKV3P,XRotor X11 Plus Power System 4314 Propellers 12-14S Motor Max Load 37kg Fit for Agricultural Spraying Drones,,,,"$1,588.23",,,,https://www.amazon.com/XRotor-System-Propellers-Agricultural-Spraying/dp/B0FG2JKV3P/ref=sr_1_88?dib=eyJ2IjoiMSJ9.vHcHbjd_j0eCYCi6Ho8wcQYuyg68BvIPmM2zcaKy8NLGcTBy4FJplbBXyGPgy9yH4bhP0XKO1GK6-MXUrizvRT6KZ04p4W1IK0JJjQoVfg3Q4svDh9K9fNSTovzsOSfzmE8Nmalexv5HFgD85jZK82_rK86rtwq6Pt_Ozsfr1ZZazkUUuB7L1ZlqFJ82x88AhjA2SMkOeB8ESU7cs7dvsX7Do6id5PAtAJFsopjoAfAw0CMcMBtVf1SYqnO8YWDkO3O5BQGz8NjxmiaNQOPEQF7SfQisXgP_osaNBj1ubI4.Q6r8HS-G9P3L_m9S4z_L7nJhbt2xFqReStWHeA5i_IA&dib_tag=se&keywords=agricultural+spray+drone&qid=1785843336&sr=8-88&xpid=oF2y47se6omrF,https://m.media-amazon.com/images/I/51JHiifqzpL._AC_UL320_.jpg,agricultural spray drone
B0H2826LWX,Water Tank Fit For DJI Agras T10 Agricultural Drone(Complete),DJI,,,$618.66,,,,https://www.amazon.com/Water-Agras-Agricultural-Drone-Complete/dp/B0H2826LWX/ref=sr_1_89?dib=eyJ2IjoiMSJ9.vHcHbjd_j0eCYCi6Ho8wcQYuyg68BvIPmM2zcaKy8NLGcTBy4FJplbBXyGPgy9yH4bhP0XKO1GK6-MXUrizvRT6KZ04p4W1IK0JJjQoVfg3Q4svDh9K9fNSTovzsOSfzmE8Nmalexv5HFgD85jZK82_rK86rtwq6Pt_Ozsfr1ZZazkUUuB7L1ZlqFJ82x88AhjA2SMkOeB8ESU7cs7dvsX7Do6id5PAtAJFsopjoAfAw0CMcMBtVf1SYqnO8YWDkO3O5BQGz8NjxmiaNQOPEQF7SfQisXgP_osaNBj1ubI4.Q6r8HS-G9P3L_m9S4z_L7nJhbt2xFqReStWHeA5i_IA&dib_tag=se&keywords=agricultural+spray+drone&qid=1785843336&sr=8-89&xpid=oF2y47se6omrF,https://m.media-amazon.com/images/I/41W7vK0by-L._AC_UL320_.jpg,agricultural spray drone
B0GVJMSNNJ,"M METERXITY 1-Set Flat Fan Spray Tips, 0.91mm Orifice 25 Degree Stainless Steel Sprayer Nozzle Tips with NPT3/8 Nut and 50 Mesh Filter for Agricultural Drone Sprayer/Garden Irrigation",,,,$7.49,,,,https://www.amazon.com/METERXITY-Orifice-Stainless-Agricultural-Irrigation/dp/B0GVJMSNNJ/ref=sr_1_90?dib=eyJ2IjoiMSJ9.vHcHbjd_j0eCYCi6Ho8wcQYuyg68BvIPmM2zcaKy8NLGcTBy4FJplbBXyGPgy9yH4bhP0XKO1GK6-MXUrizvRT6KZ04p4W1IK0JJjQoVfg3Q4svDh9K9fNSTovzsOSfzmE8Nmalexv5HFgD85jZK82_rK86rtwq6Pt_Ozsfr1ZZazkUUuB7L1ZlqFJ82x88AhjA2SMkOeB8ESU7cs7dvsX7Do6id5PAtAJFsopjoAfAw0CMcMBtVf1SYqnO8YWDkO3O5BQGz8NjxmiaNQOPEQF7SfQisXgP_osaNBj1ubI4.Q6r8HS-G9P3L_m9S4z_L7nJhbt2xFqReStWHeA5i_IA&dib_tag=se&keywords=agricultural+spray+drone&qid=1785843336&sr=8-90&xpid=oF2y47se6omrF,https://m.media-amazon.com/images/I/71Z9Mk8neKL._AC_UL320_.jpg,agricultural spray drone
B0H6LGZGBC,Propeller Quadcopter Spare Folding Agricultural Fit For 32x9.6 Inch Drone,,,,,,,,https://www.amazon.com/Propeller-Quadcopter-Folding-Agricultural-32x9-6/dp/B0H6LGZGBC/ref=sr_1_91?dib=eyJ2IjoiMSJ9.vHcHbjd_j0eCYCi6Ho8wcQYuyg68BvIPmM2zcaKy8NLGcTBy4FJplbBXyGPgy9yH4bhP0XKO1GK6-MXUrizvRT6KZ04p4W1IK0JJjQoVfg3Q4svDh9K9fNSTovzsOSfzmE8Nmalexv5HFgD85jZK82_rK86rtwq6Pt_Ozsfr1ZZazkUUuB7L1ZlqFJ82x88AhjA2SMkOeB8ESU7cs7dvsX7Do6id5PAtAJFsopjoAfAw0CMcMBtVf1SYqnO8YWDkO3O5BQGz8NjxmiaNQOPEQF7SfQisXgP_osaNBj1ubI4.Q6r8HS-G9P3L_m9S4z_L7nJhbt2xFqReStWHeA5i_IA&dib_tag=se&keywords=agricultural+spray+drone&qid=1785843336&sr=8-91&xpid=oF2y47se6omrF,https://m.media-amazon.com/images/I/41gUGnmVShL._AC_UL320_.jpg,agricultural spray drone
B0H2X2N76C,T50 10033 48KV Motor Fit for Agricultural Spraying Drone Accessories,,,,,,,,https://www.amazon.com/10033-Motor-Agricultural-Spraying-Accessories/dp/B0H2X2N76C/ref=sr_1_92?dib=eyJ2IjoiMSJ9.vHcHbjd_j0eCYCi6Ho8wcQYuyg68BvIPmM2zcaKy8NLGcTBy4FJplbBXyGPgy9yH4bhP0XKO1GK6-MXUrizvRT6KZ04p4W1IK0JJjQoVfg3Q4svDh9K9fNSTovzsOSfzmE8Nmalexv5HFgD85jZK82_rK86rtwq6Pt_Ozsfr1ZZazkUUuB7L1ZlqFJ82x88AhjA2SMkOeB8ESU7cs7dvsX7Do6id5PAtAJFsopjoAfAw0CMcMBtVf1SYqnO8YWDkO3O5BQGz8NjxmiaNQOPEQF7SfQisXgP_osaNBj1ubI4.Q6r8HS-G9P3L_m9S4z_L7nJhbt2xFqReStWHeA5i_IA&dib_tag=se&keywords=agricultural+spray+drone&qid=1785843336&sr=8-92&xpid=oF2y47se6omrF,https://m.media-amazon.com/images/I/41jRDL22dJL._AC_UL320_.jpg,agricultural spray drone
B0GHQMKVHL,4PCS HW X9 Max Pro 36190 Carbon Propellers For Agricultural Spraying Drone,,,,,,,,https://www.amazon.com/36190-Carbon-Propellers-Agricultural-Spraying/dp/B0GHQMKVHL/ref=sr_1_93?dib=eyJ2IjoiMSJ9.vHcHbjd_j0eCYCi6Ho8wcQYuyg68BvIPmM2zcaKy8NLGcTBy4FJplbBXyGPgy9yH4bhP0XKO1GK6-MXUrizvRT6KZ04p4W1IK0JJjQoVfg3Q4svDh9K9fNSTovzsOSfzmE8Nmalexv5HFgD85jZK82_rK86rtwq6Pt_Ozsfr1ZZazkUUuB7L1ZlqFJ82x88AhjA2SMkOeB8ESU7cs7dvsX7Do6id5PAtAJFsopjoAfAw0CMcMBtVf1SYqnO8YWDkO3O5BQGz8NjxmiaNQOPEQF7SfQisXgP_osaNBj1ubI4.Q6r8HS-G9P3L_m9S4z_L7nJhbt2xFqReStWHeA5i_IA&dib_tag=se&keywords=agricultural+spray+drone&qid=1785843336&sr=8-93&xpid=oF2y47se6omrF,https://m.media-amazon.com/images/I/41VvqF-OmjL._AC_UL320_.jpg,agricultural spray drone
B0H4TQ9RF7,Flycolor 150A HV Brushless ESC 5-12S Waterproof FIT FOR Drone RC Drone FPV Racing Airplane Agricultural Sprayer Fixed Wing Jet EDF(Fixed Wing 150A-OPTO),,,,$336.22,,,,https://www.amazon.com/Flycolor-Brushless-Waterproof-Agricultural-150A-OPTO/dp/B0H4TQ9RF7/ref=sr_1_94?dib=eyJ2IjoiMSJ9.vHcHbjd_j0eCYCi6Ho8wcQYuyg68BvIPmM2zcaKy8NLGcTBy4FJplbBXyGPgy9yH4bhP0XKO1GK6-MXUrizvRT6KZ04p4W1IK0JJjQoVfg3Q4svDh9K9fNSTovzsOSfzmE8Nmalexv5HFgD85jZK82_rK86rtwq6Pt_Ozsfr1ZZazkUUuB7L1ZlqFJ82x88AhjA2SMkOeB8ESU7cs7dvsX7Do6id5PAtAJFsopjoAfAw0CMcMBtVf1SYqnO8YWDkO3O5BQGz8NjxmiaNQOPEQF7SfQisXgP_osaNBj1ubI4.Q6r8HS-G9P3L_m9S4z_L7nJhbt2xFqReStWHeA5i_IA&dib_tag=se&keywords=agricultural+spray+drone&qid=1785843336&sr=8-94&xpid=oF2y47se6omrF,https://m.media-amazon.com/images/I/416l2a0m3SL._AC_UL320_.jpg,agricultural spray drone
B0H6TK1KQ3,20 Liter Water Box for Agricultural Sprayer UAV 20L 20KG,,,,,,,,https://www.amazon.com/Liter-Water-Agricultural-Sprayer-20KG/dp/B0H6TK1KQ3/ref=sr_1_95?dib=eyJ2IjoiMSJ9.vHcHbjd_j0eCYCi6Ho8wcQYuyg68BvIPmM2zcaKy8NLGcTBy4FJplbBXyGPgy9yH4bhP0XKO1GK6-MXUrizvRT6KZ04p4W1IK0JJjQoVfg3Q4svDh9K9fNSTovzsOSfzmE8Nmalexv5HFgD85jZK82_rK86rtwq6Pt_Ozsfr1ZZazkUUuB7L1ZlqFJ82x88AhjA2SMkOeB8ESU7cs7dvsX7Do6id5PAtAJFsopjoAfAw0CMcMBtVf1SYqnO8YWDkO3O5BQGz8NjxmiaNQOPEQF7SfQisXgP_osaNBj1ubI4.Q6r8HS-G9P3L_m9S4z_L7nJhbt2xFqReStWHeA5i_IA&dib_tag=se&keywords=agricultural+spray+drone&qid=1785843336&sr=8-95&xpid=oF2y47se6omrF,https://m.media-amazon.com/images/I/41Crul+4vmL._AC_UL320_.jpg,agricultural spray drone
B0H7W2FHZN,Spray Nozzles Fit For V50Pro P100Pro Agricultural Drone Accessories Applicable,,,,$46.44,,,,https://www.amazon.com/Nozzles-P100Pro-Agricultural-Accessories-Applicable/dp/B0H7W2FHZN/ref=sr_1_96?dib=eyJ2IjoiMSJ9.vHcHbjd_j0eCYCi6Ho8wcQYuyg68BvIPmM2zcaKy8NLGcTBy4FJplbBXyGPgy9yH4bhP0XKO1GK6-MXUrizvRT6KZ04p4W1IK0JJjQoVfg3Q4svDh9K9fNSTovzsOSfzmE8Nmalexv5HFgD85jZK82_rK86rtwq6Pt_Ozsfr1ZZazkUUuB7L1ZlqFJ82x88AhjA2SMkOeB8ESU7cs7dvsX7Do6id5PAtAJFsopjoAfAw0CMcMBtVf1SYqnO8YWDkO3O5BQGz8NjxmiaNQOPEQF7SfQisXgP_osaNBj1ubI4.Q6r8HS-G9P3L_m9S4z_L7nJhbt2xFqReStWHeA5i_IA&dib_tag=se&keywords=agricultural+spray+drone&qid=1785843336&sr=8-96&xpid=oF2y47se6omrF,https://m.media-amazon.com/images/I/51z8xS0bGkL._AC_UL320_.jpg,agricultural spray drone
B0GYT3YL7Q,Propeller Folding Carbon Plastics Motor Power System Agricultural Sprayer Drone Parts FIT for 4314 X11 Plus Drone(Propeller Clamp CW),,,,,,,,https://www.amazon.com/Propeller-Folding-Plastics-Agricultural-Sprayer/dp/B0GYT3YL7Q/ref=sr_1_97?dib=eyJ2IjoiMSJ9.vHcHbjd_j0eCYCi6Ho8wcQYuyg68BvIPmM2zcaKy8NLGcTBy4FJplbBXyGPgy9yH4bhP0XKO1GK6-MXUrizvRT6KZ04p4W1IK0JJjQoVfg3Q4svDh9K9fNSTovzsOSfzmE8Nmalexv5HFgD85jZK82_rK86rtwq6Pt_Ozsfr1ZZazkUUuB7L1ZlqFJ82x88AhjA2SMkOeB8ESU7cs7dvsX7Do6id5PAtAJFsopjoAfAw0CMcMBtVf1SYqnO8YWDkO3O5BQGz8NjxmiaNQOPEQF7SfQisXgP_osaNBj1ubI4.Q6r8HS-G9P3L_m9S4z_L7nJhbt2xFqReStWHeA5i_IA&dib_tag=se&keywords=agricultural+spray+drone&qid=1785843336&sr=8-97&xpid=oF2y47se6omrF,https://m.media-amazon.com/images/I/41LP5kniNTL._AC_UL320_.jpg,agricultural spray drone
B0H5NLK8V6,T30 3820 UVProof Folding Propellers Heavy Load Agricultural Drone Blades For Crop Spraying(HMLJ-T303820-CWCCW),,,,,,,,https://www.amazon.com/UVProof-Propellers-Agricultural-Spraying-HMLJ-T303820-CWCCW/dp/B0H5NLK8V6/ref=sr_1_98?dib=eyJ2IjoiMSJ9.vHcHbjd_j0eCYCi6Ho8wcQYuyg68BvIPmM2zcaKy8NLGcTBy4FJplbBXyGPgy9yH4bhP0XKO1GK6-MXUrizvRT6KZ04p4W1IK0JJjQoVfg3Q4svDh9K9fNSTovzsOSfzmE8Nmalexv5HFgD85jZK82_rK86rtwq6Pt_Ozsfr1ZZazkUUuB7L1ZlqFJ82x88AhjA2SMkOeB8ESU7cs7dvsX7Do6id5PAtAJFsopjoAfAw0CMcMBtVf1SYqnO8YWDkO3O5BQGz8NjxmiaNQOPEQF7SfQisXgP_osaNBj1ubI4.Q6r8HS-G9P3L_m9S4z_L7nJhbt2xFqReStWHeA5i_IA&dib_tag=se&keywords=agricultural+spray+drone&qid=1785843336&sr=8-98&xpid=oF2y47se6omrF,https://m.media-amazon.com/images/I/41F0BPpFWcL._AC_UL320_.jpg,agricultural spray drone
B0H7W34LYD,Metal Spraying Rear Centrifugal Motor Nozzle Adapter Cable Fit For T100 Agricultural Drone Accessorie,,,,$60.66,,,,https://www.amazon.com/Spraying-Centrifugal-Adapter-Agricultural-Accessorie/dp/B0H7W34LYD/ref=sr_1_99?dib=eyJ2IjoiMSJ9.vHcHbjd_j0eCYCi6Ho8wcQYuyg68BvIPmM2zcaKy8NLGcTBy4FJplbBXyGPgy9yH4bhP0XKO1GK6-MXUrizvRT6KZ04p4W1IK0JJjQoVfg3Q4svDh9K9fNSTovzsOSfzmE8Nmalexv5HFgD85jZK82_rK86rtwq6Pt_Ozsfr1ZZazkUUuB7L1ZlqFJ82x88AhjA2SMkOeB8ESU7cs7dvsX7Do6id5PAtAJFsopjoAfAw0CMcMBtVf1SYqnO8YWDkO3O5BQGz8NjxmiaNQOPEQF7SfQisXgP_osaNBj1ubI4.Q6r8HS-G9P3L_m9S4z_L7nJhbt2xFqReStWHeA5i_IA&dib_tag=se&keywords=agricultural+spray+drone&qid=1785843336&sr=8-99&xpid=oF2y47se6omrF,https://m.media-amazon.com/images/I/41jsBYoykfL._AC_UL320_.jpg,agricultural spray drone
B0DYZQKD6D,"Universal UAV Release Device, Airdrop Load System | DJI Mavic/Mini4/Mini2/Mini/SE/Air2/Air Universal Rescue Equipment, Easy to Install Drone Airdrop Load Device",DJI,,,$39.99,4.4,4,,https://www.amazon.com/sspa/click?ie=UTF8&spc=MToyMjMwNzUzMTk5ODEzMzI4OjE3ODU4NDMzMzY6c3BfYnRmOjMwMTEyMzM0NTA2NjMwMjo6MDo6&url=%2FHENWAFX-Transporting-Equipment-Compatible-Accessories%2Fdp%2FB0DYZQKD6D%2Fref%3Dsr_1_100_sspa%3Fdib%3DeyJ2IjoiMSJ9.vHcHbjd_j0eCYCi6Ho8wcQYuyg68BvIPmM2zcaKy8NLGcTBy4FJplbBXyGPgy9yH4bhP0XKO1GK6-MXUrizvRT6KZ04p4W1IK0JJjQoVfg3Q4svDh9K9fNSTovzsOSfzmE8Nmalexv5HFgD85jZK82_rK86rtwq6Pt_Ozsfr1ZZazkUUuB7L1ZlqFJ82x88AhjA2SMkOeB8ESU7cs7dvsX7Do6id5PAtAJFsopjoAfAw0CMcMBtVf1SYqnO8YWDkO3O5BQGz8NjxmiaNQOPEQF7SfQisXgP_osaNBj1ubI4.Q6r8HS-G9P3L_m9S4z_L7nJhbt2xFqReStWHeA5i_IA%26dib_tag%3Dse%26keywords%3Dagricultural%2Bspray%2Bdrone%26qid%3D1785843336%26sr%3D8-100-spons%26xpid%3DoF2y47se6omrF%26sp_csd%3Dd2lkZ2V0TmFtZT1zcF9idGY%26psc%3D1,https://m.media-amazon.com/images/I/51yjxqIQZIL._AC_UL320_.jpg,agricultural spray drone
B0CN9J13LD,Drone Payload Release Airdrop System Dropping Device for DJI Mini 4 Pro/Mini 3 Pro/Air 3S/Air 3/Mavic 3/Mavic 3 Pro Drone Clip Delivery Transport Device for Fishing Bait Release&Wedding&Search &Rescue,DJI,,,$35.13,3.9,32,50+ bought in past month,https://www.amazon.com/sspa/click?ie=UTF8&spc=MToyMjMwNzUzMTk5ODEzMzI4OjE3ODU4NDMzMzY6c3BfYnRmOjMwMDA4ODQzMDkwNjUwMjo6MDo6&url=%2FPayload-Release-Dropping-Delivery-Transport%2Fdp%2FB0CN9J13LD%2Fref%3Dsr_1_101_sspa%3Fdib%3DeyJ2IjoiMSJ9.vHcHbjd_j0eCYCi6Ho8wcQYuyg68BvIPmM2zcaKy8NLGcTBy4FJplbBXyGPgy9yH4bhP0XKO1GK6-MXUrizvRT6KZ04p4W1IK0JJjQoVfg3Q4svDh9K9fNSTovzsOSfzmE8Nmalexv5HFgD85jZK82_rK86rtwq6Pt_Ozsfr1ZZazkUUuB7L1ZlqFJ82x88AhjA2SMkOeB8ESU7cs7dvsX7Do6id5PAtAJFsopjoAfAw0CMcMBtVf1SYqnO8YWDkO3O5BQGz8NjxmiaNQOPEQF7SfQisXgP_osaNBj1ubI4.Q6r8HS-G9P3L_m9S4z_L7nJhbt2xFqReStWHeA5i_IA%26dib_tag%3Dse%26keywords%3Dagricultural%2Bspray%2Bdrone%26qid%3D1785843336%26sr%3D8-101-spons%26xpid%3DoF2y47se6omrF%26sp_csd%3Dd2lkZ2V0TmFtZT1zcF9idGY%26psc%3D1,https://m.media-amazon.com/images/I/51KuglQId-L._AC_UL320_.jpg,agricultural spray drone
B0CRKT9M3J,"Universally Drone Airdrop System Release Device Payload Delivery 1 | Transport Drop, for DJI Mini5 Pro/Mini4/Mini3/2/Air3/Air2S/Mavic4/Mavic3/ Mavic Series Drone Accessories (Airdropper Device)",DJI,,,$37.89,4.0,89,,https://www.amazon.com/sspa/click?ie=UTF8&spc=MToyMjMwNzUzMTk5ODEzMzI4OjE3ODU4NDMzMzY6c3BfYnRmOjMwMDE0NjIwNDI1NzcwMjo6MDo6&url=%2FXTnueotr-Universally-Delivery-Transport-Accessories%2Fdp%2FB0CRKT9M3J%2Fref%3Dsr_1_102_sspa%3Fdib%3DeyJ2IjoiMSJ9.vHcHbjd_j0eCYCi6Ho8wcQYuyg68BvIPmM2zcaKy8NLGcTBy4FJplbBXyGPgy9yH4bhP0XKO1GK6-MXUrizvRT6KZ04p4W1IK0JJjQoVfg3Q4svDh9K9fNSTovzsOSfzmE8Nmalexv5HFgD85jZK82_rK86rtwq6Pt_Ozsfr1ZZazkUUuB7L1ZlqFJ82x88AhjA2SMkOeB8ESU7cs7dvsX7Do6id5PAtAJFsopjoAfAw0CMcMBtVf1SYqnO8YWDkO3O5BQGz8NjxmiaNQOPEQF7SfQisXgP_osaNBj1ubI4.Q6r8HS-G9P3L_m9S4z_L7nJhbt2xFqReStWHeA5i_IA%26dib_tag%3Dse%26keywords%3Dagricultural%2Bspray%2Bdrone%26qid%3D1785843336%26sr%3D8-102-spons%26xpid%3DoF2y47se6omrF%26sp_csd%3Dd2lkZ2V0TmFtZT1zcF9idGY%26psc%3D1,https://m.media-amazon.com/images/I/614oIrlMnEL._AC_UL320_.jpg,agricultural spray drone
B0CN1L3GGD,"Airdrop System Compatible with DJI Mini 4 Pro/Mini 3/Mini 3 Pro/Mini 2/Mini SE Drone Payload Dropper Release Dropping System Delivery Transport Device Thrower for Fishing Line Dropper,Wedding,Rescue",DJI,,,$26.50,3.8,52,100+ bought in past month,https://www.amazon.com/sspa/click?ie=UTF8&spc=MToyMjMwNzUzMTk5ODEzMzI4OjE3ODU4NDMzMzY6c3BfYnRmOjMwMDA4NjQwOTc2MTIwMjo6MDo6&url=%2FAirdrop-Compatible-Dropping-Delivery-Transport%2Fdp%2FB0CN1L3GGD%2Fref%3Dsr_1_103_sspa%3Fdib%3DeyJ2IjoiMSJ9.vHcHbjd_j0eCYCi6Ho8wcQYuyg68BvIPmM2zcaKy8NLGcTBy4FJplbBXyGPgy9yH4bhP0XKO1GK6-MXUrizvRT6KZ04p4W1IK0JJjQoVfg3Q4svDh9K9fNSTovzsOSfzmE8Nmalexv5HFgD85jZK82_rK86rtwq6Pt_Ozsfr1ZZazkUUuB7L1ZlqFJ82x88AhjA2SMkOeB8ESU7cs7dvsX7Do6id5PAtAJFsopjoAfAw0CMcMBtVf1SYqnO8YWDkO3O5BQGz8NjxmiaNQOPEQF7SfQisXgP_osaNBj1ubI4.Q6r8HS-G9P3L_m9S4z_L7nJhbt2xFqReStWHeA5i_IA%26dib_tag%3Dse%26keywords%3Dagricultural%2Bspray%2Bdrone%26qid%3D1785843336%26sr%3D8-103-spons%26xpid%3DoF2y47se6omrF%26sp_csd%3Dd2lkZ2V0TmFtZT1zcF9idGY%26psc%3D1,https://m.media-amazon.com/images/I/61VDnR8XIRL._AC_UL320_.jpg,agricultural spray drone
B0CHRVTBQF,V2 8in FPV Racing Drone Frame 367mm 3K Full Carbon Fiber Frame kit | With 6mm Arm for FPV RC Freestyle drone,,,,$45.99,4.0,13,,https://www.amazon.com/sspa/click?ie=UTF8&spc=MToyMjMwNzUzMTk5ODEzMzI4OjE3ODU4NDMzMzY6c3BfYnRmOjMwMTE5MDM4NzI1ODMwMjo6MDo6&url=%2FFPVDrone-8inch-Racing-Carbon-Freestyle%2Fdp%2FB0CHRVTBQF%2Fref%3Dsr_1_104_sspa%3Fdib%3DeyJ2IjoiMSJ9.vHcHbjd_j0eCYCi6Ho8wcQYuyg68BvIPmM2zcaKy8NLGcTBy4FJplbBXyGPgy9yH4bhP0XKO1GK6-MXUrizvRT6KZ04p4W1IK0JJjQoVfg3Q4svDh9K9fNSTovzsOSfzmE8Nmalexv5HFgD85jZK82_rK86rtwq6Pt_Ozsfr1ZZazkUUuB7L1ZlqFJ82x88AhjA2SMkOeB8ESU7cs7dvsX7Do6id5PAtAJFsopjoAfAw0CMcMBtVf1SYqnO8YWDkO3O5BQGz8NjxmiaNQOPEQF7SfQisXgP_osaNBj1ubI4.Q6r8HS-G9P3L_m9S4z_L7nJhbt2xFqReStWHeA5i_IA%26dib_tag%3Dse%26keywords%3Dagricultural%2Bspray%2Bdrone%26qid%3D1785843336%26sr%3D8-104-spons%26xpid%3DoF2y47se6omrF%26sp_csd%3Dd2lkZ2V0TmFtZT1zcF9idGY%26psc%3D1,https://m.media-amazon.com/images/I/61LuoL5Re-L._AC_UL320_.jpg,agricultural spray drone
B0CN1C8PQN,STARTRC Drone Speaker Real-Time Megaphone Portable Interference-Free Long Distance Microphone for DJI Air Series/Mavic 3 series/Mavic 2/Avata Series/Holy Stone Drone,Holy Stone,,,$69.99,3.8,40,,https://www.amazon.com/STARTRC-Real-Time-Interference-Free-Microphone-Accessories/dp/B0CN1C8PQN/ref=sr_1_17?dib=eyJ2IjoiMSJ9.SI1h3-CiQG8DEJ6r8Y7nr7qjz5Q7a0b8DfCmXqc5FVBhWDOsaYICUS0mBi5pqAEvyutBGWiF4EPV0QTuAN7qwoFFp6yN85J1z9A3B8ep0DuiyU_CiKa59YdzSbrndRNELeOHSSP8EmU3BtBNKhB7_yVAeEWp08f3CTMK1ew5XibTjS2xcAsoT5tjIph2mEAQa6OoFOp7Bn3WP0q8Rl48pZ9OAfFhUIVVIwiI3yDSMfEw0-URBR1ydSg4dr5TKx1WePMz70IYmdM7XqmI8PC5MrrgYkX2nb_kKaK4KiWO98w.inGe-lEL_Kcyq0GKOjRMGupHwXpGXMEp-dXNKnb6fTY&dib_tag=se&keywords=thermal+imaging+drone&qid=1785845015&sr=8-17,https://m.media-amazon.com/images/I/71D6xWvIO9L._AC_UL320_.jpg,thermal imaging drone
B0G257Q46M,Long Thermal Imaging Cameras FIT For DRONE,,,,,,,,https://www.amazon.com/Long-Thermal-Imaging-Cameras-DRONE/dp/B0G257Q46M/ref=sr_1_18?dib=eyJ2IjoiMSJ9.SI1h3-CiQG8DEJ6r8Y7nr7qjz5Q7a0b8DfCmXqc5FVBhWDOsaYICUS0mBi5pqAEvyutBGWiF4EPV0QTuAN7qwoFFp6yN85J1z9A3B8ep0DuiyU_CiKa59YdzSbrndRNELeOHSSP8EmU3BtBNKhB7_yVAeEWp08f3CTMK1ew5XibTjS2xcAsoT5tjIph2mEAQa6OoFOp7Bn3WP0q8Rl48pZ9OAfFhUIVVIwiI3yDSMfEw0-URBR1ydSg4dr5TKx1WePMz70IYmdM7XqmI8PC5MrrgYkX2nb_kKaK4KiWO98w.inGe-lEL_Kcyq0GKOjRMGupHwXpGXMEp-dXNKnb6fTY&dib_tag=se&keywords=thermal+imaging+drone&qid=1785845015&sr=8-18,https://m.media-amazon.com/images/I/51-LlKPWOeL._AC_UL320_.jpg,thermal imaging drone
B0GQXYBGDS,Thermal Imaging Dynamic Fit For S C12 2K Drone,,,,,,,,https://www.amazon.com/Thermal-Imaging-Dynamic-Fit-Drone/dp/B0GQXYBGDS/ref=sr_1_19?dib=eyJ2IjoiMSJ9.SI1h3-CiQG8DEJ6r8Y7nr7qjz5Q7a0b8DfCmXqc5FVBhWDOsaYICUS0mBi5pqAEvyutBGWiF4EPV0QTuAN7qwoFFp6yN85J1z9A3B8ep0DuiyU_CiKa59YdzSbrndRNELeOHSSP8EmU3BtBNKhB7_yVAeEWp08f3CTMK1ew5XibTjS2xcAsoT5tjIph2mEAQa6OoFOp7Bn3WP0q8Rl48pZ9OAfFhUIVVIwiI3yDSMfEw0-URBR1ydSg4dr5TKx1WePMz70IYmdM7XqmI8PC5MrrgYkX2nb_kKaK4KiWO98w.inGe-lEL_Kcyq0GKOjRMGupHwXpGXMEp-dXNKnb6fTY&dib_tag=se&keywords=thermal+imaging+drone&qid=1785845015&sr=8-19,https://m.media-amazon.com/images/I/51JDMSw4hwL._AC_UL320_.jpg,thermal imaging drone
B0GR9CB331,Eclipse 256/384/640SL FPV Camera-Thermal Imaging Power Consumption ≤1.5W PAL Output For RC FPV Drones(256SL),,,,,,,,https://www.amazon.com/Eclipse-Camera-Thermal-Imaging-Consumption-Output/dp/B0GR9CB331/ref=sr_1_20?dib=eyJ2IjoiMSJ9.SI1h3-CiQG8DEJ6r8Y7nr7qjz5Q7a0b8DfCmXqc5FVBhWDOsaYICUS0mBi5pqAEvyutBGWiF4EPV0QTuAN7qwoFFp6yN85J1z9A3B8ep0DuiyU_CiKa59YdzSbrndRNELeOHSSP8EmU3BtBNKhB7_yVAeEWp08f3CTMK1ew5XibTjS2xcAsoT5tjIph2mEAQa6OoFOp7Bn3WP0q8Rl48pZ9OAfFhUIVVIwiI3yDSMfEw0-URBR1ydSg4dr5TKx1WePMz70IYmdM7XqmI8PC5MrrgYkX2nb_kKaK4KiWO98w.inGe-lEL_Kcyq0GKOjRMGupHwXpGXMEp-dXNKnb6fTY&dib_tag=se&keywords=thermal+imaging+drone&qid=1785845015&sr=8-20,https://m.media-amazon.com/images/I/4199ukjrVSL._AC_UL320_.jpg,thermal imaging drone
B0FMNWNF2K,Thermal Imaging Camera Module Compatible with Drones CVBS Analogue Interface Accessories 2025 Model Compatible With Common Thermal Imaging Systems,,,,,,,,https://www.amazon.com/Thermal-Compatible-Analogue-Interface-Accessories/dp/B0FMNWNF2K/ref=sr_1_21?dib=eyJ2IjoiMSJ9.SI1h3-CiQG8DEJ6r8Y7nr7qjz5Q7a0b8DfCmXqc5FVBhWDOsaYICUS0mBi5pqAEvyutBGWiF4EPV0QTuAN7qwoFFp6yN85J1z9A3B8ep0DuiyU_CiKa59YdzSbrndRNELeOHSSP8EmU3BtBNKhB7_yVAeEWp08f3CTMK1ew5XibTjS2xcAsoT5tjIph2mEAQa6OoFOp7Bn3WP0q8Rl48pZ9OAfFhUIVVIwiI3yDSMfEw0-URBR1ydSg4dr5TKx1WePMz70IYmdM7XqmI8PC5MrrgYkX2nb_kKaK4KiWO98w.inGe-lEL_Kcyq0GKOjRMGupHwXpGXMEp-dXNKnb6fTY&dib_tag=se&keywords=thermal+imaging+drone&qid=1785845015&sr=8-21,https://m.media-amazon.com/images/I/51C0sXqXZQL._AC_UL320_.jpg,thermal imaging drone
B0GR97NWFF,Eclipse 256/384/640SL FPV Camera-Thermal Imaging Power Consumption ≤1.5W PAL Output For RC FPV Drones(640SL),,,,,,,,https://www.amazon.com/Eclipse-Camera-Thermal-Imaging-Consumption-Output/dp/B0GR97NWFF/ref=sr_1_22?dib=eyJ2IjoiMSJ9.SI1h3-CiQG8DEJ6r8Y7nr7qjz5Q7a0b8DfCmXqc5FVBhWDOsaYICUS0mBi5pqAEvyutBGWiF4EPV0QTuAN7qwoFFp6yN85J1z9A3B8ep0DuiyU_CiKa59YdzSbrndRNELeOHSSP8EmU3BtBNKhB7_yVAeEWp08f3CTMK1ew5XibTjS2xcAsoT5tjIph2mEAQa6OoFOp7Bn3WP0q8Rl48pZ9OAfFhUIVVIwiI3yDSMfEw0-URBR1ydSg4dr5TKx1WePMz70IYmdM7XqmI8PC5MrrgYkX2nb_kKaK4KiWO98w.inGe-lEL_Kcyq0GKOjRMGupHwXpGXMEp-dXNKnb6fTY&dib_tag=se&keywords=thermal+imaging+drone&qid=1785845015&sr=8-22,https://m.media-amazon.com/images/I/41afuQydWWL._AC_UL320_.jpg,thermal imaging drone
B0GR98NX8F,IRC-384/640CA Thermal Imaging Analog Resolution Night Vision For Quadcopter Toy(IRC-384CA),,,,"$2,252.31",,,,https://www.amazon.com/IRC-384-Thermal-Resolution-Quadcopter-IRC-384CA/dp/B0GR98NX8F/ref=sr_1_23?dib=eyJ2IjoiMSJ9.SI1h3-CiQG8DEJ6r8Y7nr7qjz5Q7a0b8DfCmXqc5FVBhWDOsaYICUS0mBi5pqAEvyutBGWiF4EPV0QTuAN7qwoFFp6yN85J1z9A3B8ep0DuiyU_CiKa59YdzSbrndRNELeOHSSP8EmU3BtBNKhB7_yVAeEWp08f3CTMK1ew5XibTjS2xcAsoT5tjIph2mEAQa6OoFOp7Bn3WP0q8Rl48pZ9OAfFhUIVVIwiI3yDSMfEw0-URBR1ydSg4dr5TKx1WePMz70IYmdM7XqmI8PC5MrrgYkX2nb_kKaK4KiWO98w.inGe-lEL_Kcyq0GKOjRMGupHwXpGXMEp-dXNKnb6fTY&dib_tag=se&keywords=thermal+imaging+drone&qid=1785845015&sr=8-23,https://m.media-amazon.com/images/I/4144fNgnVeL._AC_UL320_.jpg,thermal imaging drone
B0FPF1VTKK,"Holyton FAA Compliant Remote ID Module with Buzzer & Strobe Light, GPS Tracking, 4H Battery Life, Spare Part for Drone, Remote ID Broadcast Module for FPV GPS Drones with Camera & RC Aircraft Quadcopters",,,,$42.99,4.4,34,50+ bought in past month,https://www.amazon.com/Holyton-Compliant-Tracking-Broadcast-Quadcopters/dp/B0FPF1VTKK/ref=sr_1_25?dib=eyJ2IjoiMSJ9.SI1h3-CiQG8DEJ6r8Y7nr7qjz5Q7a0b8DfCmXqc5FVBhWDOsaYICUS0mBi5pqAEvyutBGWiF4EPV0QTuAN7qwoFFp6yN85J1z9A3B8ep0DuiyU_CiKa59YdzSbrndRNELeOHSSP8EmU3BtBNKhB7_yVAeEWp08f3CTMK1ew5XibTjS2xcAsoT5tjIph2mEAQa6OoFOp7Bn3WP0q8Rl48pZ9OAfFhUIVVIwiI3yDSMfEw0-URBR1ydSg4dr5TKx1WePMz70IYmdM7XqmI8PC5MrrgYkX2nb_kKaK4KiWO98w.inGe-lEL_Kcyq0GKOjRMGupHwXpGXMEp-dXNKnb6fTY&dib_tag=se&keywords=thermal+imaging+drone&qid=1785845015&sr=8-25,https://m.media-amazon.com/images/I/61yMpo-B04L._AC_UL320_.jpg,thermal imaging drone
B0H25MQ84L,Owlshine 9mm thermal camera module FPV drone infrared night vision 256 384 640 resolution CVBS interface Type-C micro thermal imager low light no light detection search rescue inspection surveillance drone modification(256X192 4mm-UVC),,,,,,,,https://www.amazon.com/resolution-interface-inspection-surveillance-modification/dp/B0H25MQ84L/ref=sr_1_26?dib=eyJ2IjoiMSJ9.SI1h3-CiQG8DEJ6r8Y7nr7qjz5Q7a0b8DfCmXqc5FVBhWDOsaYICUS0mBi5pqAEvyutBGWiF4EPV0QTuAN7qwoFFp6yN85J1z9A3B8ep0DuiyU_CiKa59YdzSbrndRNELeOHSSP8EmU3BtBNKhB7_yVAeEWp08f3CTMK1ew5XibTjS2xcAsoT5tjIph2mEAQa6OoFOp7Bn3WP0q8Rl48pZ9OAfFhUIVVIwiI3yDSMfEw0-URBR1ydSg4dr5TKx1WePMz70IYmdM7XqmI8PC5MrrgYkX2nb_kKaK4KiWO98w.inGe-lEL_Kcyq0GKOjRMGupHwXpGXMEp-dXNKnb6fTY&dib_tag=se&keywords=thermal+imaging+drone&qid=1785845015&sr=8-26,https://m.media-amazon.com/images/I/41b8fc7r29L._AC_UL320_.jpg,thermal imaging drone
B0FP49QWT5,"Holy Stone FAA Compliant Remote ID Module for Drone, Broadcast Module with Strobe Light and Buzzer, Waterproof GPS Tracker, 4 Hours Battery Life, Spare Parts for FPV Drone & RC Aircraft",Holy Stone,,,$42.99,4.2,41,100+ bought in past month,https://www.amazon.com/Holy-Stone-Compliant-Broadcast-Waterproof/dp/B0FP49QWT5/ref=sr_1_27?dib=eyJ2IjoiMSJ9.SI1h3-CiQG8DEJ6r8Y7nr7qjz5Q7a0b8DfCmXqc5FVBhWDOsaYICUS0mBi5pqAEvyutBGWiF4EPV0QTuAN7qwoFFp6yN85J1z9A3B8ep0DuiyU_CiKa59YdzSbrndRNELeOHSSP8EmU3BtBNKhB7_yVAeEWp08f3CTMK1ew5XibTjS2xcAsoT5tjIph2mEAQa6OoFOp7Bn3WP0q8Rl48pZ9OAfFhUIVVIwiI3yDSMfEw0-URBR1ydSg4dr5TKx1WePMz70IYmdM7XqmI8PC5MrrgYkX2nb_kKaK4KiWO98w.inGe-lEL_Kcyq0GKOjRMGupHwXpGXMEp-dXNKnb6fTY&dib_tag=se&keywords=thermal+imaging+drone&qid=1785845015&sr=8-27,https://m.media-amazon.com/images/I/61MayOIGvgL._AC_UL320_.jpg,thermal imaging drone
B0H25NJLQW,Owlshine 9mm thermal camera module FPV drone infrared night vision 256 384 640 resolution CVBS interface Type-C micro thermal imager low light no light detection search rescue inspection surveillance drone modification(256X192 9mm-UVC),,,,,,,,https://www.amazon.com/resolution-interface-inspection-surveillance-modification/dp/B0H25NJLQW/ref=sr_1_28?dib=eyJ2IjoiMSJ9.SI1h3-CiQG8DEJ6r8Y7nr7qjz5Q7a0b8DfCmXqc5FVBhWDOsaYICUS0mBi5pqAEvyutBGWiF4EPV0QTuAN7qwoFFp6yN85J1z9A3B8ep0DuiyU_CiKa59YdzSbrndRNELeOHSSP8EmU3BtBNKhB7_yVAeEWp08f3CTMK1ew5XibTjS2xcAsoT5tjIph2mEAQa6OoFOp7Bn3WP0q8Rl48pZ9OAfFhUIVVIwiI3yDSMfEw0-URBR1ydSg4dr5TKx1WePMz70IYmdM7XqmI8PC5MrrgYkX2nb_kKaK4KiWO98w.inGe-lEL_Kcyq0GKOjRMGupHwXpGXMEp-dXNKnb6fTY&dib_tag=se&keywords=thermal+imaging+drone&qid=1785845015&sr=8-28,https://m.media-amazon.com/images/I/51PYY1VYBkL._AC_UL320_.jpg,thermal imaging drone
B09HHB3YFW,"DJI Mavic 3 Cine Premium Combo, Drone with 4/3 CMOS Hasselblad Camera, 5.1K Video, Omnidirectional Obstacle Sensing, 46 Mins Flight, 15km Video Transmission, with DJI RC Pro, Two Extra Batteries",DJI,,,,3.9,68,,https://www.amazon.com/DJI-Mavic-Cine-Premium-Combo/dp/B09HHB3YFW/ref=sr_1_29?dib=eyJ2IjoiMSJ9.SI1h3-CiQG8DEJ6r8Y7nr7qjz5Q7a0b8DfCmXqc5FVBhWDOsaYICUS0mBi5pqAEvyutBGWiF4EPV0QTuAN7qwoFFp6yN85J1z9A3B8ep0DuiyU_CiKa59YdzSbrndRNELeOHSSP8EmU3BtBNKhB7_yVAeEWp08f3CTMK1ew5XibTjS2xcAsoT5tjIph2mEAQa6OoFOp7Bn3WP0q8Rl48pZ9OAfFhUIVVIwiI3yDSMfEw0-URBR1ydSg4dr5TKx1WePMz70IYmdM7XqmI8PC5MrrgYkX2nb_kKaK4KiWO98w.inGe-lEL_Kcyq0GKOjRMGupHwXpGXMEp-dXNKnb6fTY&dib_tag=se&keywords=thermal+imaging+drone&qid=1785845015&sr=8-29,https://m.media-amazon.com/images/I/714h8ehPbeL._AC_UL320_.jpg,thermal imaging drone
B0GV42PGKM,Fixed Wing Vtol Aircraft PPV T-Rex 1500TVL 6ms Low Latency WDR FPV Thermal Imaging Racing Drone,,,,,,,,https://www.amazon.com/Aircraft-1500TVL-Latency-Thermal-Imaging/dp/B0GV42PGKM/ref=sr_1_30?dib=eyJ2IjoiMSJ9.SI1h3-CiQG8DEJ6r8Y7nr7qjz5Q7a0b8DfCmXqc5FVBhWDOsaYICUS0mBi5pqAEvyutBGWiF4EPV0QTuAN7qwoFFp6yN85J1z9A3B8ep0DuiyU_CiKa59YdzSbrndRNELeOHSSP8EmU3BtBNKhB7_yVAeEWp08f3CTMK1ew5XibTjS2xcAsoT5tjIph2mEAQa6OoFOp7Bn3WP0q8Rl48pZ9OAfFhUIVVIwiI3yDSMfEw0-URBR1ydSg4dr5TKx1WePMz70IYmdM7XqmI8PC5MrrgYkX2nb_kKaK4KiWO98w.inGe-lEL_Kcyq0GKOjRMGupHwXpGXMEp-dXNKnb6fTY&dib_tag=se&keywords=thermal+imaging+drone&qid=1785845015&sr=8-30,https://m.media-amazon.com/images/I/41IJDEyo8WL._AC_UL320_.jpg,thermal imaging drone
B0CXTHLMKZ,"Potensic FAA Compliant Remote Identification Broadcast Module for Drone, Remote ID Broadcast Module Spare Parts for GPS Drones with Camera Comply with FAA Regulation IP54 Protect Long Battery Life",Potensic,,,$39.99,4.6,143,50+ bought in past month,https://www.amazon.com/Potensic-Compliant-Identification-Broadcast-Regulation/dp/B0CXTHLMKZ/ref=sr_1_31?dib=eyJ2IjoiMSJ9.SI1h3-CiQG8DEJ6r8Y7nr7qjz5Q7a0b8DfCmXqc5FVBhWDOsaYICUS0mBi5pqAEvyutBGWiF4EPV0QTuAN7qwoFFp6yN85J1z9A3B8ep0DuiyU_CiKa59YdzSbrndRNELeOHSSP8EmU3BtBNKhB7_yVAeEWp08f3CTMK1ew5XibTjS2xcAsoT5tjIph2mEAQa6OoFOp7Bn3WP0q8Rl48pZ9OAfFhUIVVIwiI3yDSMfEw0-URBR1ydSg4dr5TKx1WePMz70IYmdM7XqmI8PC5MrrgYkX2nb_kKaK4KiWO98w.inGe-lEL_Kcyq0GKOjRMGupHwXpGXMEp-dXNKnb6fTY&dib_tag=se&keywords=thermal+imaging+drone&qid=1785845015&sr=8-31,https://m.media-amazon.com/images/I/515jWkgGVLL._AC_UL320_.jpg,thermal imaging drone
B0GPT7ZYY4,Thermal & 2K HD With Dynamic And Three-Axis Fit For C12,,,,"$1,197.38",,,,https://www.amazon.com/Thermal-Dynamic-Three-Axis-Fit-C12/dp/B0GPT7ZYY4/ref=sr_1_32?dib=eyJ2IjoiMSJ9.SI1h3-CiQG8DEJ6r8Y7nr7qjz5Q7a0b8DfCmXqc5FVBhWDOsaYICUS0mBi5pqAEvyutBGWiF4EPV0QTuAN7qwoFFp6yN85J1z9A3B8ep0DuiyU_CiKa59YdzSbrndRNELeOHSSP8EmU3BtBNKhB7_yVAeEWp08f3CTMK1ew5XibTjS2xcAsoT5tjIph2mEAQa6OoFOp7Bn3WP0q8Rl48pZ9OAfFhUIVVIwiI3yDSMfEw0-URBR1ydSg4dr5TKx1WePMz70IYmdM7XqmI8PC5MrrgYkX2nb_kKaK4KiWO98w.inGe-lEL_Kcyq0GKOjRMGupHwXpGXMEp-dXNKnb6fTY&dib_tag=se&keywords=thermal+imaging+drone&qid=1785845015&sr=8-32,https://m.media-amazon.com/images/I/515XfctRsdL._AC_UL320_.jpg,thermal imaging drone
B0H2YLJ4L8,ECO NAJA Dual FPV Thermal Camera Module Day And Night For FPV Drone(256x192),,,,,,,,https://www.amazon.com/Thermal-Camera-Module-Night-256x192/dp/B0H2YLJ4L8/ref=sr_1_33?dib=eyJ2IjoiMSJ9.SI1h3-CiQG8DEJ6r8Y7nr7qjz5Q7a0b8DfCmXqc5FVBhWDOsaYICUS0mBi5pqAEvyutBGWiF4EPV0QTuAN7qwoFFp6yN85J1z9A3B8ep0DuiyU_CiKa59YdzSbrndRNELeOHSSP8EmU3BtBNKhB7_yVAeEWp08f3CTMK1ew5XibTjS2xcAsoT5tjIph2mEAQa6OoFOp7Bn3WP0q8Rl48pZ9OAfFhUIVVIwiI3yDSMfEw0-URBR1ydSg4dr5TKx1WePMz70IYmdM7XqmI8PC5MrrgYkX2nb_kKaK4KiWO98w.inGe-lEL_Kcyq0GKOjRMGupHwXpGXMEp-dXNKnb6fTY&dib_tag=se&keywords=thermal+imaging+drone&qid=1785845015&sr=8-33,https://m.media-amazon.com/images/I/41D+t76NWuL._AC_UL320_.jpg,thermal imaging drone
B0H1V526K1,Thermal Camera Module For FPV Drone 256/384/640 Resolution CVBS Analog Interface Vanadium Oxide Uncooled Infrared IP54 OEM Mini Series(384x288 CVBS 9.1MM),,,,,,,,https://www.amazon.com/Resolution-Interface-Vanadium-Uncooled-Infrared/dp/B0H1V526K1/ref=sr_1_34?dib=eyJ2IjoiMSJ9.SI1h3-CiQG8DEJ6r8Y7nr7qjz5Q7a0b8DfCmXqc5FVBhWDOsaYICUS0mBi5pqAEvyutBGWiF4EPV0QTuAN7qwoFFp6yN85J1z9A3B8ep0DuiyU_CiKa59YdzSbrndRNELeOHSSP8EmU3BtBNKhB7_yVAeEWp08f3CTMK1ew5XibTjS2xcAsoT5tjIph2mEAQa6OoFOp7Bn3WP0q8Rl48pZ9OAfFhUIVVIwiI3yDSMfEw0-URBR1ydSg4dr5TKx1WePMz70IYmdM7XqmI8PC5MrrgYkX2nb_kKaK4KiWO98w.inGe-lEL_Kcyq0GKOjRMGupHwXpGXMEp-dXNKnb6fTY&dib_tag=se&keywords=thermal+imaging+drone&qid=1785845015&sr=8-34,https://m.media-amazon.com/images/I/41Kx9nRK51L._AC_UL320_.jpg,thermal imaging drone
B0GR9JVV2H,Eclipse 256/384/640SL FPV Camera-Thermal Imaging Power Consumption ≤1.5W PAL Output For RC FPV Drones(384SL),,,,,,,,https://www.amazon.com/Eclipse-Camera-Thermal-Imaging-Consumption-Output/dp/B0GR9JVV2H/ref=sr_1_35?dib=eyJ2IjoiMSJ9.SI1h3-CiQG8DEJ6r8Y7nr7qjz5Q7a0b8DfCmXqc5FVBhWDOsaYICUS0mBi5pqAEvyutBGWiF4EPV0QTuAN7qwoFFp6yN85J1z9A3B8ep0DuiyU_CiKa59YdzSbrndRNELeOHSSP8EmU3BtBNKhB7_yVAeEWp08f3CTMK1ew5XibTjS2xcAsoT5tjIph2mEAQa6OoFOp7Bn3WP0q8Rl48pZ9OAfFhUIVVIwiI3yDSMfEw0-URBR1ydSg4dr5TKx1WePMz70IYmdM7XqmI8PC5MrrgYkX2nb_kKaK4KiWO98w.inGe-lEL_Kcyq0GKOjRMGupHwXpGXMEp-dXNKnb6fTY&dib_tag=se&keywords=thermal+imaging+drone&qid=1785845015&sr=8-35,https://m.media-amazon.com/images/I/41VNJZLlE1L._AC_UL320_.jpg,thermal imaging drone
B0H2YFQP26,ECO NAJA Dual FPV Thermal Camera Module Day And Night For FPV Drone(640x512),,,,,,,,https://www.amazon.com/Thermal-Camera-Module-Night-640x512/dp/B0H2YFQP26/ref=sr_1_36?dib=eyJ2IjoiMSJ9.SI1h3-CiQG8DEJ6r8Y7nr7qjz5Q7a0b8DfCmXqc5FVBhWDOsaYICUS0mBi5pqAEvyutBGWiF4EPV0QTuAN7qwoFFp6yN85J1z9A3B8ep0DuiyU_CiKa59YdzSbrndRNELeOHSSP8EmU3BtBNKhB7_yVAeEWp08f3CTMK1ew5XibTjS2xcAsoT5tjIph2mEAQa6OoFOp7Bn3WP0q8Rl48pZ9OAfFhUIVVIwiI3yDSMfEw0-URBR1ydSg4dr5TKx1WePMz70IYmdM7XqmI8PC5MrrgYkX2nb_kKaK4KiWO98w.inGe-lEL_Kcyq0GKOjRMGupHwXpGXMEp-dXNKnb6fTY&dib_tag=se&keywords=thermal+imaging+drone&qid=1785845015&sr=8-36,https://m.media-amazon.com/images/I/41VFlPflFTL._AC_UL320_.jpg,thermal imaging drone
B0H2YFRVNJ,ECO NAJA Dual FPV Thermal Camera Module Day And Night For FPV Drone(384x288),,,,,,,,https://www.amazon.com/Thermal-Camera-Module-Night-384x288/dp/B0H2YFRVNJ/ref=sr_1_37?dib=eyJ2IjoiMSJ9.SI1h3-CiQG8DEJ6r8Y7nr7qjz5Q7a0b8DfCmXqc5FVBhWDOsaYICUS0mBi5pqAEvyutBGWiF4EPV0QTuAN7qwoFFp6yN85J1z9A3B8ep0DuiyU_CiKa59YdzSbrndRNELeOHSSP8EmU3BtBNKhB7_yVAeEWp08f3CTMK1ew5XibTjS2xcAsoT5tjIph2mEAQa6OoFOp7Bn3WP0q8Rl48pZ9OAfFhUIVVIwiI3yDSMfEw0-URBR1ydSg4dr5TKx1WePMz70IYmdM7XqmI8PC5MrrgYkX2nb_kKaK4KiWO98w.inGe-lEL_Kcyq0GKOjRMGupHwXpGXMEp-dXNKnb6fTY&dib_tag=se&keywords=thermal+imaging+drone&qid=1785845015&sr=8-37,https://m.media-amazon.com/images/I/41kSKp7WwpL._AC_UL320_.jpg,thermal imaging drone
B0H63YMRJ7,Repair Parts Kit For 2 Pro/Industry Dual Includes Thermal Imaging Motor Zoom Arm Fan Shell ESC Board(Motor Screws),,,,,,,,https://www.amazon.com/Repair-Industry-Thermal-Imaging-Screws/dp/B0H63YMRJ7/ref=sr_1_38?dib=eyJ2IjoiMSJ9.SI1h3-CiQG8DEJ6r8Y7nr7qjz5Q7a0b8DfCmXqc5FVBhWDOsaYICUS0mBi5pqAEvyutBGWiF4EPV0QTuAN7qwoFFp6yN85J1z9A3B8ep0DuiyU_CiKa59YdzSbrndRNELeOHSSP8EmU3BtBNKhB7_yVAeEWp08f3CTMK1ew5XibTjS2xcAsoT5tjIph2mEAQa6OoFOp7Bn3WP0q8Rl48pZ9OAfFhUIVVIwiI3yDSMfEw0-URBR1ydSg4dr5TKx1WePMz70IYmdM7XqmI8PC5MrrgYkX2nb_kKaK4KiWO98w.inGe-lEL_Kcyq0GKOjRMGupHwXpGXMEp-dXNKnb6fTY&dib_tag=se&keywords=thermal+imaging+drone&qid=1785845015&sr=8-38,https://m.media-amazon.com/images/I/31t8RSH2IGL._AC_UL320_.jpg,thermal imaging drone
B0H25G8BDW,Owlshine 9mm thermal camera module FPV drone infrared night vision 256 384 640 resolution CVBS interface Type-C micro thermal imager low light no light detection search rescue inspection surveillance drone modification(640x512 9mm-CVBS),,,,,,,,https://www.amazon.com/resolution-interface-inspection-surveillance-modification/dp/B0H25G8BDW/ref=sr_1_42?dib=eyJ2IjoiMSJ9.SI1h3-CiQG8DEJ6r8Y7nr7qjz5Q7a0b8DfCmXqc5FVBhWDOsaYICUS0mBi5pqAEvyutBGWiF4EPV0QTuAN7qwoFFp6yN85J1z9A3B8ep0DuiyU_CiKa59YdzSbrndRNELeOHSSP8EmU3BtBNKhB7_yVAeEWp08f3CTMK1ew5XibTjS2xcAsoT5tjIph2mEAQa6OoFOp7Bn3WP0q8Rl48pZ9OAfFhUIVVIwiI3yDSMfEw0-URBR1ydSg4dr5TKx1WePMz70IYmdM7XqmI8PC5MrrgYkX2nb_kKaK4KiWO98w.inGe-lEL_Kcyq0GKOjRMGupHwXpGXMEp-dXNKnb6fTY&dib_tag=se&keywords=thermal+imaging+drone&qid=1785845015&sr=8-42,https://m.media-amazon.com/images/I/51XgBs4raoL._AC_UL320_.jpg,thermal imaging drone
B0H61VQYMP,"2 Enterprise Body Accessories, Arm, Core Board ESC, For Mavic2 Dual-Light Advanced Thermal Imaging Series(Gimbal Flat Cable)",,,,,,,,https://www.amazon.com/Enterprise-Accessories-Dual-Light-Advanced-Thermal/dp/B0H61VQYMP/ref=sr_1_43?dib=eyJ2IjoiMSJ9.SI1h3-CiQG8DEJ6r8Y7nr7qjz5Q7a0b8DfCmXqc5FVBhWDOsaYICUS0mBi5pqAEvyutBGWiF4EPV0QTuAN7qwoFFp6yN85J1z9A3B8ep0DuiyU_CiKa59YdzSbrndRNELeOHSSP8EmU3BtBNKhB7_yVAeEWp08f3CTMK1ew5XibTjS2xcAsoT5tjIph2mEAQa6OoFOp7Bn3WP0q8Rl48pZ9OAfFhUIVVIwiI3yDSMfEw0-URBR1ydSg4dr5TKx1WePMz70IYmdM7XqmI8PC5MrrgYkX2nb_kKaK4KiWO98w.inGe-lEL_Kcyq0GKOjRMGupHwXpGXMEp-dXNKnb6fTY&dib_tag=se&keywords=thermal+imaging+drone&qid=1785845015&sr=8-43,https://m.media-amazon.com/images/I/31Zm4pmkIpL._AC_UL320_.jpg,thermal imaging drone
B0H5VRCCFY,2 Enterprise Industrial Upgrade Kit Dual-Light Thermal Imaging ESC Arm Carry Case For 2 Series(Rear light),,,,,,,,https://www.amazon.com/Enterprise-Industrial-Upgrade-Dual-Light-Thermal/dp/B0H5VRCCFY/ref=sr_1_44?dib=eyJ2IjoiMSJ9.SI1h3-CiQG8DEJ6r8Y7nr7qjz5Q7a0b8DfCmXqc5FVBhWDOsaYICUS0mBi5pqAEvyutBGWiF4EPV0QTuAN7qwoFFp6yN85J1z9A3B8ep0DuiyU_CiKa59YdzSbrndRNELeOHSSP8EmU3BtBNKhB7_yVAeEWp08f3CTMK1ew5XibTjS2xcAsoT5tjIph2mEAQa6OoFOp7Bn3WP0q8Rl48pZ9OAfFhUIVVIwiI3yDSMfEw0-URBR1ydSg4dr5TKx1WePMz70IYmdM7XqmI8PC5MrrgYkX2nb_kKaK4KiWO98w.inGe-lEL_Kcyq0GKOjRMGupHwXpGXMEp-dXNKnb6fTY&dib_tag=se&keywords=thermal+imaging+drone&qid=1785845015&sr=8-44,https://m.media-amazon.com/images/I/41+HHIb2kdL._AC_UL320_.jpg,thermal imaging drone
B0H5VRBGHB,2 Enterprise Industrial Upgrade Kit Dual-Light Thermal Imaging ESC Arm Carry Case For 2 Series(Front Left Axis),,,,,,,,https://www.amazon.com/Enterprise-Industrial-Upgrade-Dual-Light-Thermal/dp/B0H5VRBGHB/ref=sr_1_45?dib=eyJ2IjoiMSJ9.SI1h3-CiQG8DEJ6r8Y7nr7qjz5Q7a0b8DfCmXqc5FVBhWDOsaYICUS0mBi5pqAEvyutBGWiF4EPV0QTuAN7qwoFFp6yN85J1z9A3B8ep0DuiyU_CiKa59YdzSbrndRNELeOHSSP8EmU3BtBNKhB7_yVAeEWp08f3CTMK1ew5XibTjS2xcAsoT5tjIph2mEAQa6OoFOp7Bn3WP0q8Rl48pZ9OAfFhUIVVIwiI3yDSMfEw0-URBR1ydSg4dr5TKx1WePMz70IYmdM7XqmI8PC5MrrgYkX2nb_kKaK4KiWO98w.inGe-lEL_Kcyq0GKOjRMGupHwXpGXMEp-dXNKnb6fTY&dib_tag=se&keywords=thermal+imaging+drone&qid=1785845015&sr=8-45,https://m.media-amazon.com/images/I/41YWIO+RtGL._AC_UL320_.jpg,thermal imaging drone
B0H61HH1SD,Camera 3 Enterprise Absorber 3T Yaw Motor Roll Arm For 3T(Yaw Arm),,,,,,,,https://www.amazon.com/Camera-Enterprise-Absorber-Motor-Roll/dp/B0H61HH1SD/ref=sr_1_46?dib=eyJ2IjoiMSJ9.SI1h3-CiQG8DEJ6r8Y7nr7qjz5Q7a0b8DfCmXqc5FVBhWDOsaYICUS0mBi5pqAEvyutBGWiF4EPV0QTuAN7qwoFFp6yN85J1z9A3B8ep0DuiyU_CiKa59YdzSbrndRNELeOHSSP8EmU3BtBNKhB7_yVAeEWp08f3CTMK1ew5XibTjS2xcAsoT5tjIph2mEAQa6OoFOp7Bn3WP0q8Rl48pZ9OAfFhUIVVIwiI3yDSMfEw0-URBR1ydSg4dr5TKx1WePMz70IYmdM7XqmI8PC5MrrgYkX2nb_kKaK4KiWO98w.inGe-lEL_Kcyq0GKOjRMGupHwXpGXMEp-dXNKnb6fTY&dib_tag=se&keywords=thermal+imaging+drone&qid=1785845015&sr=8-46,https://m.media-amazon.com/images/I/51JTlSU457L._AC_UL320_.jpg,thermal imaging drone
B0H617WBQS,"2 Enterprise Body Accessories, Arm, Core Board ESC, For Mavic2 Dual-Light Advanced Thermal Imaging Series(Rear Axis)",,,,,,,,https://www.amazon.com/Enterprise-Accessories-Dual-Light-Advanced-Thermal/dp/B0H617WBQS/ref=sr_1_47?dib=eyJ2IjoiMSJ9.SI1h3-CiQG8DEJ6r8Y7nr7qjz5Q7a0b8DfCmXqc5FVBhWDOsaYICUS0mBi5pqAEvyutBGWiF4EPV0QTuAN7qwoFFp6yN85J1z9A3B8ep0DuiyU_CiKa59YdzSbrndRNELeOHSSP8EmU3BtBNKhB7_yVAeEWp08f3CTMK1ew5XibTjS2xcAsoT5tjIph2mEAQa6OoFOp7Bn3WP0q8Rl48pZ9OAfFhUIVVIwiI3yDSMfEw0-URBR1ydSg4dr5TKx1WePMz70IYmdM7XqmI8PC5MrrgYkX2nb_kKaK4KiWO98w.inGe-lEL_Kcyq0GKOjRMGupHwXpGXMEp-dXNKnb6fTY&dib_tag=se&keywords=thermal+imaging+drone&qid=1785845015&sr=8-47,https://m.media-amazon.com/images/I/318ypE5-3cL._AC_UL320_.jpg,thermal imaging drone
B0H5VRDVDW,2 Enterprise Industrial Upgrade Kit Dual-Light Thermal Imaging ESC Arm Carry Case For 2 Series(Gimbal Mount Cover),,,,,,,,https://www.amazon.com/Enterprise-Industrial-Upgrade-Dual-Light-Thermal/dp/B0H5VRDVDW/ref=sr_1_48?dib=eyJ2IjoiMSJ9.SI1h3-CiQG8DEJ6r8Y7nr7qjz5Q7a0b8DfCmXqc5FVBhWDOsaYICUS0mBi5pqAEvyutBGWiF4EPV0QTuAN7qwoFFp6yN85J1z9A3B8ep0DuiyU_CiKa59YdzSbrndRNELeOHSSP8EmU3BtBNKhB7_yVAeEWp08f3CTMK1ew5XibTjS2xcAsoT5tjIph2mEAQa6OoFOp7Bn3WP0q8Rl48pZ9OAfFhUIVVIwiI3yDSMfEw0-URBR1ydSg4dr5TKx1WePMz70IYmdM7XqmI8PC5MrrgYkX2nb_kKaK4KiWO98w.inGe-lEL_Kcyq0GKOjRMGupHwXpGXMEp-dXNKnb6fTY&dib_tag=se&keywords=thermal+imaging+drone&qid=1785845015&sr=8-48,https://m.media-amazon.com/images/I/51DLJ1x3tQL._AC_UL320_.jpg,thermal imaging drone
B0GL81TBB3,Travel Case for TOPDON TC004 Mini Thermal Imaging Camera with Removable Custom Sponge Insert (Only Case) (Black),,,,$19.99,4.7,18,100+ bought in past month,https://www.amazon.com/sspa/click?ie=UTF8&spc=MToyNTA3MDg1ODIwNzkxNTE5OjE3ODU4NDUwMTU6c3BfYnRmOjMwMTI1OTQ2ODQwNDAwMjo6MDo6&url=%2FHarborCase-Travel-Thermal-Imaging-Removable%2Fdp%2FB0GL81TBB3%2Fref%3Dsr_1_49_sspa%3Fdib%3DeyJ2IjoiMSJ9.SI1h3-CiQG8DEJ6r8Y7nr7qjz5Q7a0b8DfCmXqc5FVBhWDOsaYICUS0mBi5pqAEvyutBGWiF4EPV0QTuAN7qwoFFp6yN85J1z9A3B8ep0DuiyU_CiKa59YdzSbrndRNELeOHSSP8EmU3BtBNKhB7_yVAeEWp08f3CTMK1ew5XibTjS2xcAsoT5tjIph2mEAQa6OoFOp7Bn3WP0q8Rl48pZ9OAfFhUIVVIwiI3yDSMfEw0-URBR1ydSg4dr5TKx1WePMz70IYmdM7XqmI8PC5MrrgYkX2nb_kKaK4KiWO98w.inGe-lEL_Kcyq0GKOjRMGupHwXpGXMEp-dXNKnb6fTY%26dib_tag%3Dse%26keywords%3Dthermal%2Bimaging%2Bdrone%26qid%3D1785845015%26sr%3D8-49-spons%26sp_csd%3Dd2lkZ2V0TmFtZT1zcF9idGY%26psc%3D1,https://m.media-amazon.com/images/I/81RMVWGMIEL._AC_UL320_.jpg,thermal imaging drone
B0DZXCZGKJ,"Lekufee Waterproof Hard Carrying Case for DJI Avata 2 Drone,Fly More Combo, Goggles N3 / 3 / Integra,RC Motion 3/2,FPV Remote Controller 3/2, and other Accessories(Case Only)",DJI,,,$119.99,4.7,92,,https://www.amazon.com/sspa/click?ie=UTF8&spc=MToyNTA3MDg1ODIwNzkxNTE5OjE3ODU4NDUwMTU6c3BfYnRmOjMwMDczNDE0MjAwMTQwMjo6MDo6&url=%2FLekufee-Waterproof-Carrying-Controller-Accessories%2Fdp%2FB0DZXCZGKJ%2Fref%3Dsr_1_50_sspa%3Fdib%3DeyJ2IjoiMSJ9.SI1h3-CiQG8DEJ6r8Y7nr7qjz5Q7a0b8DfCmXqc5FVBhWDOsaYICUS0mBi5pqAEvyutBGWiF4EPV0QTuAN7qwoFFp6yN85J1z9A3B8ep0DuiyU_CiKa59YdzSbrndRNELeOHSSP8EmU3BtBNKhB7_yVAeEWp08f3CTMK1ew5XibTjS2xcAsoT5tjIph2mEAQa6OoFOp7Bn3WP0q8Rl48pZ9OAfFhUIVVIwiI3yDSMfEw0-URBR1ydSg4dr5TKx1WePMz70IYmdM7XqmI8PC5MrrgYkX2nb_kKaK4KiWO98w.inGe-lEL_Kcyq0GKOjRMGupHwXpGXMEp-dXNKnb6fTY%26dib_tag%3Dse%26keywords%3Dthermal%2Bimaging%2Bdrone%26qid%3D1785845015%26sr%3D8-50-spons%26sp_csd%3Dd2lkZ2V0TmFtZT1zcF9idGY%26psc%3D1,https://m.media-amazon.com/images/I/81SJl3u9w6L._AC_UL320_.jpg,thermal imaging drone
B0GF1CVYDG,"Drone Carrying Case for DJI Mavic 4 Pro/Creator Combo, Portable Hard Shell Storage Case with Custom Foam, Compatible with RC Pro 2/RC 2 Remote Controller, Charging Hub, Batteries and Accessories",DJI,,,$119.99,5.0,1,,https://www.amazon.com/sspa/click?ie=UTF8&spc=MToyNTA3MDg1ODIwNzkxNTE5OjE3ODU4NDUwMTU6c3BfYnRmOjMwMTM0MjYyOTg4MTUwMjo6MDo6&url=%2FCase-Mavic-Pro-Compatible-Accessories%2Fdp%2FB0GF1CVYDG%2Fref%3Dsr_1_51_sspa%3Fdib%3DeyJ2IjoiMSJ9.SI1h3-CiQG8DEJ6r8Y7nr7qjz5Q7a0b8DfCmXqc5FVBhWDOsaYICUS0mBi5pqAEvyutBGWiF4EPV0QTuAN7qwoFFp6yN85J1z9A3B8ep0DuiyU_CiKa59YdzSbrndRNELeOHSSP8EmU3BtBNKhB7_yVAeEWp08f3CTMK1ew5XibTjS2xcAsoT5tjIph2mEAQa6OoFOp7Bn3WP0q8Rl48pZ9OAfFhUIVVIwiI3yDSMfEw0-URBR1ydSg4dr5TKx1WePMz70IYmdM7XqmI8PC5MrrgYkX2nb_kKaK4KiWO98w.inGe-lEL_Kcyq0GKOjRMGupHwXpGXMEp-dXNKnb6fTY%26dib_tag%3Dse%26keywords%3Dthermal%2Bimaging%2Bdrone%26qid%3D1785845015%26sr%3D8-51-spons%26sp_csd%3Dd2lkZ2V0TmFtZT1zcF9idGY%26psc%3D1,https://m.media-amazon.com/images/I/716xNBY4JOL._AC_UL320_.jpg,thermal imaging drone
B0GXK9CSMM,"Lekufee Waterproof Hard Carrying Case for DJI Avata 360 Drone, Motion Fly More Combo, Battery (5 pcs), Goggles N3/3, RC Motion 3, DJI RC 2/RC N3/N2, FPV Controller 3, Accessories(Case Only)",DJI,,,$99.99,4.4,32,,https://www.amazon.com/sspa/click?ie=UTF8&spc=MToyNTA3MDg1ODIwNzkxNTE5OjE3ODU4NDUwMTU6c3BfYnRmOjMwMTI4MDcyMzU3NjYwMjo6MDo6&url=%2FLekufee-Waterproof-Carrying-Controller-Accessories%2Fdp%2FB0GXK9CSMM%2Fref%3Dsr_1_52_sspa%3Fdib%3DeyJ2IjoiMSJ9.SI1h3-CiQG8DEJ6r8Y7nr7qjz5Q7a0b8DfCmXqc5FVBhWDOsaYICUS0mBi5pqAEvyutBGWiF4EPV0QTuAN7qwoFFp6yN85J1z9A3B8ep0DuiyU_CiKa59YdzSbrndRNELeOHSSP8EmU3BtBNKhB7_yVAeEWp08f3CTMK1ew5XibTjS2xcAsoT5tjIph2mEAQa6OoFOp7Bn3WP0q8Rl48pZ9OAfFhUIVVIwiI3yDSMfEw0-URBR1ydSg4dr5TKx1WePMz70IYmdM7XqmI8PC5MrrgYkX2nb_kKaK4KiWO98w.inGe-lEL_Kcyq0GKOjRMGupHwXpGXMEp-dXNKnb6fTY%26dib_tag%3Dse%26keywords%3Dthermal%2Bimaging%2Bdrone%26qid%3D1785845015%26sr%3D8-52-spons%26sp_csd%3Dd2lkZ2V0TmFtZT1zcF9idGY%26psc%3D1,https://m.media-amazon.com/images/I/81kWZ0KMnOL._AC_UL320_.jpg,thermal imaging drone
