review_id,asin,review_rating,review_title,review_body,review_date
R3OBC455PZGBPB,B0FSL3XKX3,5.0,Great product!,"So far I'm loving the drone. Its super easy to fly for a beginner. The video and picture quality is really good. I misunderstood how to purchase the extend care service ans it timed out before I could pay for it. I contacted customer service and they were quick to respond and reset the timer so I could purchase the 2 year replacement warranty. The warranty is $79 and it will replace the drone 4 times...definitely worth the price! I purchased the option with 3 batteries and touchscreen controller, the smart charger is great for the drone batteries and the controller holds a charge forever! There are great tutorial videos for first timers and so far it's been great. I purchased it to video and record my son's speed skating competitions. I will update with videos as soon as I get some. So far, there are ZERO complaints from me!","Reviewed in the United States on June 9, 2026"
R3II3ANZQ661SJ,B0FSL3XKX3,5.0,Just my two cents!,"Here is my two cents on Potensic. I had my hopes up for this drone. It was a lot of bang for the bucks o I took a chance. I ordered the Atom 2 fly more package. Well, when it arrived I was very impressed. It seemed very well built. It really looded good for another mini drone. I charged it up, which didn't take to long in their propriatory charger. The bag was as expected. But the controller was something different. Dog bone style. Your monitor goes in between the handles. Controlls were a little backwards, but can be changed.
Time for the first flight. This little drone was very impressive. Liftoff it went straight up and hovered tightly. I flew it around and really started to like this one. Videoing in night mode is great. It had all of the bells and whistles. It flew very nice. It takes very good pictures and videos.
After several days the only thing that botherd me was no nd filters. Yes, you could use ones made for other drones, but to me they never really fit right. But they have fixed that now if you can get your hands on one.
So here I have an excellent drone. I flew it almost every day waiting for it to fall apart. No such thing. Even after a few ""hard landings"" the drone performed great. Untill.....I really goofed. I broke an arm and the camera gimbal was all out of wack. So I get intouch with Potensic. Things seemed to go slow, but they are across the world and are working when I am in bed. And boy am I glad that I bought the extended warrenty that they offer. It took about two weeks because they would ask for something and I would not get that until the morning. By the time that I replyed, it was all ready the next morning before I would get anotyer reply back. BUT, they did an outstanding Job at getting me a new drone once everything they asked me to do failed.

So GREAT job for making a fantastic little drone. And GREAT job on the warranty work, even if it took a little time. I am very impressed, and I think anyone ordering the Atom 2 will be too.

Sorry for dragging it out so long, but I am very impressed with this company and it's drones. Come on ND filter!","Reviewed in the United States on May 4, 2026"
RA35P4WS9N5TP,B0FSL3XKX3,5.0,All Around Excellent Drone,"This is an excellent drone for all ability levels. The drone and controller sync easily with your phone and the app. The battery charger charges all three batteries and the controller at the same time, which helps to get ready for flight. The app and drone controls are all very easy to use. The camera on this drone provides excellent photos and video, and again, the controls for tilt and zoom are very easy to use. The drone is very stable and flies easily. The service from the manufacturer after the sale is also excellent! I definitely recommend this drone!","Reviewed in the United States on July 26, 2026"
R3BZSGT6JVZYM4,B0FSL3XKX3,5.0,Best drone for this price. And great service.,"Drone is amazing. Especially the ai feature and video console. Clear vision, high flying. With 3 spare batteries. For the price this is the most ideal drone probably. And... great customer service btw.","Reviewed in the United States on July 28, 2026"
RGX312O9FN6D2,B0FSL3XKX3,4.0,Good but not great.,"This is the first drone I have bought since 2014 and I am really impressed with the technology and features this drone has. First, the stability is impressive, and it hovers in position well even with about 15 MPH winds. Second, the picture (48 megapixel) and video (4K/30 fps) quality can be compared to a high-end DSLR camera. The different camera modes and settings are helpful in taking good pictures and videos. Third, the return to home and intelligent flight modes made it easy for beginners to operate this drone. Fourth, the PTD1 RC eliminates the need to use a phone or tablet to operate this drone. Finally, there is a big difference between this drone and the last drone I bought in 2014, night and day differences (ease of flying, camera quality, video quality, different flight modes, etc.). There are two things I don’t like about this drone. First, Potensic requires account creation, activation, and registration before you can fly the drone even with the PTD1 RC. Additionally, warranty offers kept showing up on the PTD1 screen every time I turned the controller on. Luckily, it stopped popping up after a few days. Second thing I don’t like about this drone is that the batteries don’t hold charge well. Even when not in use, I have to charge the batteries weekly or they will be fully drained. Overall, it’s a descent drone and I can honestly recommend it.","Reviewed in the United States on June 8, 2026"
R2C1N5KYJSPVOH,B0FSL3XKX3,5.0,This is a fabulous drone with lots of features at a great price.,"This Potensic Atom 2 drone is super fun and really easy to fly. The 4K video is awesome—super clear and sharp, whether you’re flying in daylight or at night with decent lighting. I weighed it on my kitchen scale with the batteries, and it’s about 250 grams, even with a few Velcro stickers I stuck on for some nighttime LEDs.
I’ve flown this thing in some pretty strong winds, like class 4 or 5, and it held up great. It even gave me motor warnings once, but the video stayed steady when hovering. In heavy winds, the video can get a bit shaky, but this drone does a solid job keeping itself stable. It’s rated for class 5 winds, and I believe it. I flew it a full mile line of sight, and my remote still had three bars of signal—pretty impressive for a small drone.
Now, a quick heads-up: always check your airspace. I live near a naval base, and helicopters fly low, like 200 feet above me. The drone’s noise isn’t too bad, and just so you know, it doesn’t record sound with the video.
Okay, here’s the good and the bad. Bad news: this drone doesn’t like water. I messed up and got it stuck in a tree, and it fell into a river for like 10 seconds. Good news: it’s flying fine now! I pulled the battery out right away, dried it out for a couple of days on my air purifier set to high, and it was good to go a week later. Sadly, the battery that got wet is toast, but I’d rather lose a $50 battery than a $400 drone. If you ever get it in saltwater, rinse it with fresh water first to avoid corrosion.
Overall, this drone is a blast and super easy to use. Watch a few videos to get the hang of the features, check the propeller screws, and do your calibrations. It’s basic stuff, but it keeps things safe. This little drone is small but packs a punch!","Reviewed in the United States on May 24, 2025"
R1WK53M5Y1EYR,B0FSL3XKX3,5.0,Atom 2 is great drone well worth the money..,"I love it, awesome drone .. great for first time dive owner with lots of features…. Easy to use… I’m loving it.. be sure and get your FFA trust certificate..","Reviewed in the United States on July 25, 2026"
R3R8MCJUFVU8ZO,B0FSL3XKX3,1.0,"Some not so good initial observations about the Potensic Atom 2 (Yes, I test drones!)","**** UPDATE: Waypoints, although initially advertised as included, then later they said would be added in a future update, have apparently been scrapped and WILL NOT be added! Potensic have deceived customers who made a buying decision based on this feature. Instead they added lame Cineroll and Pano-sphere features (gimmicks). They could have at least carried the waypoints function over from the previous Atom instead of ditching it! ****

Firstly, I am disappointed that the updated app (Potensic Eve) for this drone STILL DOES NOT HAVE MPH (miles per hour) as the unit of Speed when Imperial units are selected, like the previous Potensic Pro app did. Instead it uses ft/sec. Here in the US we measure speeds in mph, NOT ft/sec. Why on earth did they take that away? They could at least provide it as an option (mph or ft/sec) like they did for metric (km/h or m/s). Sorry, Potensic but this is an unacceptable blunder that you have been told about numerous times by myself and others. You need to fix it ASAP! Should be easy. Have your app programmers look at how it was in the previous version app.
Also, the telemetry data (D, H, VD, VH) should use a BIGGER character size (we’re not all young with perfect vision!) and be located at the bottom of the screen (like in the previous version app).
Also, telemetry data units (ft, ft/s) are tiny and too high up. They should be bigger and immediately to the right of the numbers.
Also, the telemetry data (D, H, VD, VH) jumps back and forth as the numbers change. Would be better to use the stacked format at bottom of screen like in the previous version app.
Also, because telemetry data is at top of screen, in white text, it is hard to see against light blue sky or white cloudy sky background, especially as it is so small! Again, would be better at bottom of screen.

As the number of satellites changes (such as between 20 and 21) the camera tilt angle and satellite icons jump left & right. Annoying! Didn’t they test this?

Potensic advertises the Atom 2 as having Waypoints, but IT DOES NOT! The previous version did and, although basic point-to-point, I used it. They could have carried over the previous version’s waypoints as a stop-gap instead of taking that function away completely. Many Atom 2 owners in the “Official” Potensic Atom group on Facebook have complained about this missing feature but Potensic have remained silent about when, or even if, it will be reinstated.
UPDATE: Potensic responded denying that they ever claimed the Atom 2 would include waypoints. That is NOT true! They are also saying that there are NO plans to add waypoints. In other words, they've back-tracked.

Camera is still only 30fps at 4K resolution. It really should be 60fps. I don’t want to have to decrease the resolution below 4K to get 60fps. There is also no way that I’ve found to adjust camera settings. The video quality is very good though.

Uses same batteries and charging hub as previous Atom, which is good. Previous version’s carry case won’t accommodate newer controller though. New controller is bigger and heavier than the previous version. I’m sorry to say that I prefer smaller and lighter. It does have some extra function buttons though. But....I'm disappointed that it is
It is STILL necessary to use an extension cable to use a tablet as the included cable (proprietary) is not long enough and one-piece, third-party cables won’t work with the controller. They could have made the included cable a little longer (by one measly inch, how hard could that have been!) so as not to need an extension cable. Or they could have moved the USB socket on the bottom of the controller 1-2"" to the right as most tablets have their USB socket on the bottom (faces to right when rotated). Don't their designers think and test? Its not like there haven’t been many, many complaints about this for the previous Atom! I wish Potensic would pay attention to its owners and address their commonly reported issues!

Drone icon does not stay centered in bottom left mini-map window. It goes off the edge so is hard to see the green signal strength triangle. This was a common complaint with the previous version app. It should remain centered. Also why is the mini-map now square when it was previously rectangular and showed more area!

SD card is hard to remove because of the battery retaining clip.

I accidentally turned controller off with my thumb joint that briefly pressed the power button resulting in loss of connection! Should require short then long press to turn off. When I turned it back on I had to go through the initial pairing and excessive warning messages during which time the drone entered RTH mode and I was flying blind!

Repeated wind warnings very annoying. Unable to dismiss or mute them. Lots of other annoying warnings and messages too! I don't need to keep being told I've reached maximum height of 393ft. It's a perfectly legal height! Don’t need all that screen clutter on takeoff either. I want to be able to see what I’m doing, not dismissing unnecessary messages and warnings!

When tilting camera all the way down then back up again the camera image in the app screen pixelates.

After cancelling RTH it reverts to initial default at takeoff, rather than what was in effect prior to RTH kicking in. So if I take off with the default (V), then switch to N, then S in flight, and RTH mode kicks in, it goes back to V when RTH is cancelled. Should really go back to S.

Drops out of Sport mode to Normalwhen battery level drops below 30%. Highest speed is then only 25ft/sec (17mph) which makes for a very slow return from 1-2 miles away! Even in Sport mode the Atom 2 is slower than the previous Atom 3-axis. Plus it cam barely ascend (very slowly) while flying forward at full speed! You must first stop if you need to ascend rapidly. Weaker motors perhaps.

When distance > 9,999ft the units change from feet to miles. I don't want that, I want feet like in previous version app (and other drones). For example: 10,000ft.

Managed to fly over 2 miles (each way) with a few RC disconnecs and video freezes..

Battery level is impossible to read against background, especially in bright sunlight, when it drops to 10% and below because it is Red text on a transparent dark background. Such a ridiculous color choice! You need to see the battery level when it is getting critical. Didn’t Potensic test this app before release? Seems not!

The method for selecting Quick Shots is rather obscure! AI is just hype! Circles aren’t very circular/smooth. Spirals also aren’t very smooth. Boomerangs are circles with height change (should be elliptical/oval with a 2:1 aspect ratio). Did they even test this?
Also, should default to AI Quick Shots rather than AI Track if that is what I keep choosing by default.

The path color used in the flight viewer is useless against background that it is green or brown fields of grass in Satellite mode (White or Light Blue would be better).
Flight viewer provides no indication of which Quick Shot has been invoked and is in effect.
No way to delete unwanted flight records.

Unfortunately this drone is spoiled by the terrible presentation of the telemetry data (font size too small, badly located, poor choice of colors, no mph units, jumps to L & R as numbers change, miles instead of thousands of feet if > 9,999ft, units too tiny).

Sorry Potensic but this new Eve app has been very badly developed and poorly tested relative to the previous Pro app which was MUCH better. The developers and testers should be ashamed of it! Didn’t they test it in real-world situations? They get 5/10 or a C grade!

I wish it were possible to use the previous Potensic Pro app with the Atom 2 as it was MUCH better than the new, buggy, poorly tested Eve app!

NOTE: I also have a Potensic Atom 3-axis drone so have it for comparison. I became unhappy with it after a firmware update earlier this year adversely affected its range. There were many complaints about this in the “Official” Potensic Atom group on Facebook but Potensic ignored the complaints and have refused address the problem. Maybe their goal was to drive people to the newer Atom 2.
I also own a DJI Mini 3, Mini 4K and HS900.
The Atom 2 doesn't come close to the DJI Mini 3 or even the Mini 4K","Reviewed in the United States on July 10, 2025"
R11V3BHY9E04QG,B0DKHCZHCY,5,,"I've been flying drones for a couple of years now, and the Potensic Atom 2 has quickly become my favorite for everyday adventures. At under 249g, it's incredibly lightweight and portable – no need for FAA registration, and it folds up small enough to slip into my pocket or daypack without any hassle.
The camera setup is where this drone shines: a 1/2"" Sony CMOS sensor captures stunning 48MP (8K) photos and smooth 4K/30fps HDR videos, all stabilized by a reliable 3-axis gimbal. The colors are vibrant, details are sharp even in low light thanks to the F1.8 aperture, and features like vertical shooting make it perfect for creating social media content on the fly. I love the QuickShots modes – like Orbit and Follow Me – which add that cinematic flair without much effort.
Battery life is impressive at up to 32 minutes per charge, giving me plenty of time to explore and capture footage. The GPS positioning is spot-on, with return-to-home working flawlessly every time, even in moderate winds. Transmission range is solid too, keeping the feed clear and responsive.
It doesn't have obstacle avoidance, but that's actually a plus in my book – it keeps the drone sleek, affordable, and focused on core flying fun, helping me build better piloting skills along the way. For beginners or anyone wanting high-quality aerial shots without breaking the bank, the Atom 2 is an absolute gem. Highly recommend – it's punched way above its weight class!",
R170N5BPY9DMW2,B0DKHCZHCY,5,,"Muy buena calidad de imagen, muy ligero y pequeño. Perfecto para uso recreativo. Las instrucciones visuales que vienen en la App son muy útiles y se agradecen para la gente que nunca ha usado un dron antes, en mi caso soy principiante y nunca he usado antes uno y es bastante sencillo de entender todo. Eso si recomiendo mirar videos de youtube u otras aplicaciones donde enseñan diferentes trucos y formas de uso.",
R1ARHFGYL59NLL,B0DKHCZHCY,5,,"After 23 flights, I can say the Atom-2 is stable, reliable, and has good video. It's very easy to take off and land manually. Return to Home works very well. The maximum range I've flown is 2-1/2 miles and 360 feet high - no glitches with video or control. If you aren't pointing the antenna toward the drone, the RF signal bars turn red as a good reminder.
I had only one problem initially, flying very low over a crop of soybeans (about 5 feet above them, 20 feet away from me) .. I stepped behind a vehicle from the front to the back with the remote, holding it above the roofline .. shortly after that the connection was lost and the drone did the automatic RTH. I was advised by Support not to fly very low, the signal will be better higher up.
The stated battery life 20 minutes is about right, in any case it's plenty of time to take video shots while flying over a wide area. I only had one incident of allowing the battery voltage to get too low .. the drone was almost back to my landing spot when it suddenly announced it was 'landing now' and did just that.
The video quality is great, I use mostly 25 fps and 1080p in Auto mode. Panning quickly (rotating the drone) produces a jerky-video effect though, so I rotate the drone slowly and rely more on dolly and zoom shots for best quality. The digital zoom feature produces very bad/fuzzy video, I haven't found a good use for it yet.
Customer support has been very good, they respond quickly and accurately.",
R1JAD5VZGO4S3H,B0DKHCZHCY,5,,"C’est drone qui est vraiment bien même si avec la dernière mise à jour je rencontre quelques bug.
Je suppose que cela va se corriger avec une autre mise à jour jour .
La qualité est bonne et la mise en service est assez facile 👍🏿",
R22SQ9CLZPCLNI,B0DKHCZHCY,5,,"Ich habe die Potensic ATOM 2 Drohne jetzt zwei Tage intensiv getestet – bei unterschiedlichen Lichtverhältnissen, Windbedingungen und mit allen Features, die sie bietet – und ich bin ehrlich begeistert. Ich hatte vorher das Vorgängermodell Atom 1 (bzw. 4K) Diese Drohne ist eine echte Überraschung – im positiven Sinne.
Positiv:
✅ Perfekt für Anfänger & Profis:
Die Drohne ist super einsteigerfreundlich – auspacken, alles ist sicher verstaut in der sehr hochwertigen Tasche, Akku laden, App installieren – und los geht’s. Gleichzeitig bietet sie auch für erfahrene Piloten genug Funktionen, um richtig Spaß zu haben.
✅ Keine Registrierung notwendig:
Mit unter 249 Gramm fällt die ATOM 2 in die C0-Kategorie – somit ist kein Drohnenführerschein notwendig, was gerade für Hobbyflieger ein großer Pluspunkt ist.
✅ Fliegt sich wie von selbst:
Die Steuerung ist präzise, intuitiv und zuverlässig. Selbst bei leichtem Wind steht die Drohne stabil in der Luft. Die Verbindung zur Fernbedienung bleibt auch bei größerer Entfernung stabil – die 10km Reichweitehabe ich jetzt nicht getestet, da der Flug ja nur im Sichtbereich erlaubt ist. Aber da alles TOP!
✅ 4K HDR & 8K Fotos – Wahnsinnig gute Bildqualität:
Was mich wirklich beeindruckt hat, ist die Kamera. Die 3-Achsen-Gimbal-Stabilisierung liefert extrem ruhige Aufnahmen. Die Fotos in 8K sind gestochen scharf, und auch HDR-Videos sehen fantastisch aus.
✅ AI-Funktionen wie „Follow Me“, „QuickShots“ & Nachtmodus:
Die intelligenten Flugmodi funktionieren tadellos. Besonders „Follow Me“ war eine Freude – die Drohne bleibt zuverlässig dran, selbst bei flotterem Gehen oder leichtem Joggen. Der AI-Nachtmodus ist erstaunlich gut – ich hatte wirklich nicht erwartet, dass bei so wenig Licht noch so detailreiche Aufnahmen entstehen. Da hat Potensic ein definitiv starkes Feature nachgebessert im Vergleich zum Vorgängermodell ATOM 1.
✅ Fly More Combo = Mega Deal:
Ich habe die Fly More Combo gekauft – mit drei Akkus (insgesamt rund 96 Minuten Flugzeit) und einer tollen Tasche. Für den Preis einfach unschlagbar. Wenn man sich vergleichbare Modelle bei DJI anschaut, zahlt man schnell deutlich mehr.
✅ Fernbedienung = Riesen-Upgrade zum Vorgänger:
Die neue Fernbedienung liegt perfekt in der Hand, ist wertig verarbeitet und super responsiv. Hier hat Potensic wirklich einen großen Schritt nach vorne gemacht.
✅ Ernsthafte DJI-Konkurrenz im unteren Preissegment:
Ich hätte es nicht gedacht, aber Potensic ist in diesem Preisbereich definitiv auf Augenhöhe mit DJI – wenn nicht sogar einen Tick voraus, wenn man das Gesamtpaket betrachtet.
Neutral:
➖ Akkulaufzeit realistisch ca. 25 Min.
Angegeben sind bis zu 32 Minuten Flugzeit – das erreicht man vermutlich nur bei perfekten Bedingungen ohne Wind. In meinem Test kam ich je nach Flugweise auf ca. 23–26 Minuten pro Akku, was absolut in Ordnung ist.
Negativ:
⚠️ Keine Hinderniserkennung:
Das ist der einzige Punkt, der vielleicht als Schwäche gesehen werden kann. Aber ganz ehrlich – in dieser Preisklasse gibt’s das bei keiner Drohne, und wenn man weiß, was man tut, ist es kein Problem. Wer auf Nummer sicher gehen will, fliegt halt etwas vorsichtiger.
Fazit:
Die Potensic ATOM 2 hat mich wirklich positiv überrascht. Top Verarbeitung, super Bildqualität, intelligente Flugmodi und eine tolle Fernbedienung – alles in einem Paket, welches auch erschwinglich ist. Für mich ist sie aktuell die beste Einsteigerdrohne mit Profi-Anspruch unter 500 Euro. Ich freue mich jetzt schon auf die nächsten Flüge – das Ding macht einfach Spaß!",
RP5A9GZKPSJZG,B0F4WZ3Q2J,5,,"Great drone. Amazing for beginners. No complaints after a month of use. Definitely recommend. Pictures turned out great. Video is very good. I do wish I could shoot 4k 60 fps instead of the capped 30 fps, but it is not a big tradeoff, especially with the price you will pay for something like the mini 3 or something higher up the line. The drone is very stable especially during calm days, however if theres some wind, it can be hard to take super smooth video, although very possible within 10-15 mph. This drone also has a few entry level features that are cool like panorama options and other quick shots. I do recommend getting at least the 2 battery combo (what I got) since it is not as expensive as the fly more combo (at that point just get a mini 3), but you still get about 40 mins combined battery life (don’t trust DJI’s 31 min/ battery claim) as well as a carry case with is actually pretty nice quality. Good drone, good value, loads of fun.",
R1XYFQF14XTVX7,B0F4WZ3Q2J,5,,"This is my third drone. I keep upgrading. This drone was so much easier to set up and fly than the previous two. There are so many resources available to learn how to fly a DJI drone. The phone app also makes it easy to set up and fly this drone.
With the gimbal-stabilized camera, the pictures are excellent. The camera resolution and quality are quite good.",
R2WTG4WM9MR25B,B0F4WZ3Q2J,5,,"Well beyond my expectations! Let me tell you right now if you are on the edge of buying and not buying this drone go ahead and buy NOW. The quality is astonishing, GPS has scary accuracy, the speed is amazing it can fly at 30-35mph, instructions were clear and to the point on how to set it up, video quality is also amazing. This drone should cost another $100 but it doesn’t you get great value for your money.",
R160JQ7MPY2AFJ,B0F4WZ3Q2J,5,,LOVE THIS DRONE! I FLEW THE GOPRO KARMA AND THEY QUIT WORKING ON THEM SO I UPGRADED TO THIS. LIGHTWEIGHT AND SUPER EASY TO FLY. CANNOT WAIT TO TRY OUT SOME OF THE PRE PROGRAMMED FLIGHT PATTERNS,
R105TEJ6OVI1V9,B0F4WZ3Q2J,4,,"This drone is hands down the best I’ve ever owned (and I’ve has about 11 now) in terms of quality, stability, reliability, and battery life, it’s top-notch.
The only two cons I can mention are:
1. It’s a bit tricky to turn on and off
2. It once went a bit haywire (I’m not sure if it was due to poor satellite reception or not). The drone wouldn’t shut off or land properly, even after I pressing “land.” I even tried holding down the power button (as it was pulling away at full speed, while also trying not to lose my fingers)..
Overall, it’s incredibly powerful and performs exceptionally well in windy conditions, especially for how light weight and small it is, takes great pics and videos, good gps, good value, but I wouldn’t let a young child use it. 😬",
R3QRIR75PG1T4L,B0F4WZ3Q2J,5,,"This drone is amazing. New hobbyist here and my first one was not very good, it helped me to learn the basics which I strongly encourage. Once you are comfortable get a nice one and this drone is fantastic. 4k video is as advertised. I've transmitted video over 1000 ft totally uninterrupted. Claims 10K feet but I've yet to fly that distance. Thank you DJI for a truly authentic and rewarding drone experience",
R4XY3HK42BVRT,B0F4WZ3Q2J,5,,"As a first-time drone owner, I could not be happier with this purchase. I was a bit nervous about flying for the first time, but this drone made it incredibly easy. I went from unboxing it to having it up in the air in less than an hour. The flight controls are super intuitive. It feels very stable in the air and responds quickly to commands. I was also pleasantly surprised by how well it handles the wind; even with a steady breeze, it holds its position perfectly. The only minor downside is that I wish it included a built-in ""follow me"" tracking feature. However, considering the price, image quality, and how reliable it is, that is a very small trade-off. Whether it's your first or one of many drones, you can't go wrong with this one. I highly recommend it.",
R3N00Y5P03UYLK,B0F4WZ3Q2J,5,,I’ve been really enjoying flying this drone. I’m not a pro but the flight guidance and operation is very straightforward. I added an aftermarket lighted landing platform to raise unit a little higher off the ground. Would recommend two batteries for decent flight times. Really glad I chose the DJI brand!,
R27OLDZK87487Z,B0F4WZ3Q2J,5,,"Excellent rapport qualité - prix
Livraison rapide
Bon achat 🙂",
R2YGI351MK3P6I,B0F4WZ3Q2J,5,,"Mooie drone voor beginners, gemakkelijk te leten met oefen lessen en simulator. Geen vlliegbewijs nodig",
R3Q0043S5CB26Q,B0F4WZ3Q2J,5,,Its's amazing Thank you ❤️,
R3QY1V141C811H,B0F4WZ3Q2J,5,,"Jag är jätte nöjd, funkar allt bra 👍.",
RYFK8L4KN1HL5,B0F4WZ3Q2J,5,,"It is a DJI micro drone for beginners. But not for kids. What is a micro drone? One with a weight below 250g. In this case, you are not required to get a license to use it. The mini 4K is a light version of the DJI mini 4, great to learn and light on your pocket if you crash it (without insurance). This is my first drone. I have to admit - I expected more from the camera, especially in low light. But it is expected. You cannot get the same quality images and videos as from the DJI mini 4 Pro. It is a different class. Flying the drone for the first time is a bit challenging. First, make sure you learn the regulations and understand that flying is a privilege, not a right. Download the NAV Drone Canada app, create an account, and learn about the rules in your area (or the area you want to fly over).
A drone combo makes a lot of sense, especially when you get a good deal. Otherwise, you'll pay more for the drone and accessories. Also, buy a hard case. The bag included with the kit is good, but not protective enough. Buy extra batteries, but good ones (don't take risks with poor quality batteries). Don't spend too much on accessories that you don't know how to use. If you plan to learn, no problem. For example, filters. If you know their role and importance, fine - get 'em! Also, don't buy accessories that will push the weight of your drone to or above the 250g limit, because you'll risk entering a different category governed by different rules.
My drone works fine and gave me a great opportunity to learn. Some of you may be tempted to buy the DJI Neo because it's cheaper and easier to use. I'd say the price isn't too different in the end. With accessories in a kit similar to this one, the price becomes irrelevant. The rest is... different! The DJI Neo is great for vloggers, mostly interested in the ability of the drone to follow its owner. The noise, the range, and controlling it are very different. The DJI mini 4K is closer to a real drone for photographers and videographers. It has some predefined (quick) flight patterns that can help you, but, to most of us disappointing, no tracking! You really want this drone to learn real flying using the remote control (and not your phone, except as a viewing screen).
I'm having fun with this drone, and I suggest everyone take it slowly in Cinematic Mode (later in Normal Mode), learning the basic movements, experimenting in open areas like a school football field early in the morning or late in the afternoon, without bothering people, keeping your distance and your eyes on the drone. Don't jump to long and complicated flights too quickly. Do not rely on obstacle avoidance. The Sport Mode disables the obstacle avoidance anyway. This drone has a limited ability to avoid them, especially in low visibility. DJI mini 4K is not waterproof. Do not fly in the rain or fog. It may fail. Do not fly over the water if you didn't learn how to fly really well. Do not rely on the battery lasting the specified time (usually calculated in ideal conditions). If it's windy, if you are an aggressive pilot, if the battery wasn't fully charged to begin with, consider 50...60% of the 30-minute time suggested by the specs. The drone has the return home ability, but not without enough juice in the battery.
My first flight was a straight up and down line. As simple as possible. Keep it low for a while (20..30 meters above your head). Just look around through your camera and learn to point it ahead and down at various degrees. Learn to rotate the drone clockwise and counterclockwise from a steady position. Learn more complicated flight movements around you in a range of 30...50 meters. Keep your eyes on the drone and learn to use the remote without looking for the controls. It would be great to learn to fly on a simulator first until you feel comfortable with the controls.
In conclusion, be wise and take it slowly. If you can, go to a drone flight school or have a trained pilot teach you a thing or two. Don't forget: the greatest disappointment is not to crash your drone (because you will) but to crash an expensive one because you didn't learn on a cheaper one first. And, once again: follow all the rules and regulations even if you fly a micro drone for recreation. In the end, it's not about you but the safety of others. Have fun!",
R1819SHTG1NON,B0H3LW66X7,5,,"I’m really impressed with this drone so far! The first thing I noticed was how well everything was packaged. It comes with a sturdy carrying case that keeps all the accessories organized and makes it easy to take anywhere. The drone folds up into a compact size, so it doesn’t take up much space, and the build quality feels solid. The controller is comfortable to hold, and the whole kit looks much more premium than I expected for the price. Setup was straightforward, and I really like that this model includes GPS, which gives me extra confidence while flying. Everything arrived exactly as described, and the presentation makes it feel like a much more expensive product. The GPS positioning works well, the drone is stable in the air, and the controls are responsive. The video quality is clear, and it’s easy to learn and a lot of fun to fly. Overall, this is a great choice for beginners or anyone looking for a portable drone. It would also make an excellent gift because the packaging is attractive and everything is neatly organized. Highly recommended!",
RXPOWWTK6W222,B0H3LW66X7,5,,"I’m very impressed with this drone! It was easy to set up, and the GPS feature makes flying much more stable and beginner-friendly. The remote controller with the built-in screen is convenient because I don’t need to use my phone.
The drone is lightweight, folds up nicely, and comes with a quality carrying case that keeps everything organized. The battery life is good for casual flying, and the controls are responsive. The camera quality is decent for the price and captures clear photos and videos in good lighting.
Overall, this is an excellent value for anyone looking for an affordable GPS drone. Highly recommended for beginners and hobbyists alike!",
RBXR0TZ60UB0W,B0H3LW66X7,5,,"I am very impressed with this GPS drone. It is easy to set up, stable in the air, and beginner-friendly. The built-in screen on the controller is convenient because I do not need to connect my phone. The camera produces clear, smooth footage, and the EIS helps reduce shaking. GPS return-to-home works reliably, giving me extra confidence while flying. The follow-me, orbit, and gesture-control features are fun and useful. Battery life is good for casual outdoor flights, and the included SD card is a nice bonus. Overall, this drone offers excellent value, solid performance, and enjoyable flying for the price.",
R2DSBMZ6H9Z2L0,B0H3LW66X7,5,,"I’m very impressed with this GPS drone! It’s lightweight (under 249g), making it easy to carry and fly. The EIS camera captures smooth, clear videos, and the 4.5-inch HD LCD controller is bright and convenient. GPS features like Auto Return, Follow Me, Orbit Mode, and Altitude Hold work accurately, giving beginners extra confidence. Gesture control is fun, and the included 32GB SD card is a great bonus. Battery life is solid, and the long-range connection is stable. Setup was simple, and the controls are intuitive even for first-time pilots. Excellent value for the price—I highly recommend this drone to both beginners and casual hobbyists!",
R2DYNZXA9COVGF,B0H3LW66X7,5,,"I’m really impressed with this drone! It was very easy to set up and fly, even for a beginner. The GPS auto return feature gives me extra confidence, and the flight is stable thanks to the EIS camera system.
The camera quality is clear enough for capturing nice aerial photos and videos, and features like Follow Me and gesture control are fun to use. Overall, it’s a great value for the price and I highly recommend it.",
R24JFGZTJ4T0YW,B0H3LW66X7,5,,"Great drone for beginners! It was easy to set up and fly. The GPS is accurate, and the Auto Return feature works well. The EIS camera takes smooth videos, and the Follow Me mode is a lot of fun. I also like the built-in LCD screen on the remote, so I don't need to use my phone. Overall, it's a great value and highly recommended!",
R1Z1M5HZD16EIP,B0H3LW66X7,5,,"I’m very happy with this drone! It was easy to set up and fly, even for a beginner. The camera quality is clear, and the flight is smooth and stable. The battery life is good, and the controller is very responsive.
The drone feels well-made and offers great value for the price. It exceeded my expectations, and I would definitely recommend it to anyone looking for a reliable and affordable drone. I would buy it again!",
RZBCYQ5B60Y50,B0H3LW66X7,5,,"I am very satisfied with this drone. It was easy to set up and operate from the first flight. The camera offers good image and video quality, and the GPS helps maintain a stable flight. The battery has an adequate duration and the controls respond very well. For the price, it offers very good functions and is an excellent option for both beginners and those looking for a good quality drone without spending too much. I would recommend it without hesitatio",
R2VAZ53AEGPYKW,B0G2LMBZDK,5,,"This Ruko U11MINI has me blown away for so many reasons. The picture and video quality is not lacking at all, very surprised with the quality of the camera in all lighting conditions. I have not had any connection problems with this thing even at a pretty far distance. They make setup super easy by laying a cheat sheet card over the remote so that when you pull it out of the box its easy to understand along withe stickers to remove from the drone that explain them features too. Definitely happy with this purchase for sure! In fact we had hail come through our area and my neighbor saw me flying this drone and asked me if we could check out his roof. Well go figure the clear images showed hail damage to his roof. Who would have known this drone was going to be such a useful tool. I think my favorite thing about this drone is that its under 250 grams so I don't have to worry about going through government registration!! This drone has so many features such as cruse control automatic modes and many many more including automatic landing from its take off spot. Also with the extra value of 3 battery's the fun doesn't have to stop. Inside the very nice carrying case you will also find spare parts incase there is a mistake made too. Honestly such an easy drone to fly I doubt that you will need them. I will tell you that one time I was flying and probably shouldn't have been due to high wind and I was very high in the air like 390 ft and the wind picked up more and I thought I was in trouble until I put this bad boy in sport mode and had no problem powering through it. Definitely shocked with the quality and performance of this little drone. I think for the price and what you get with it like 3 battery's , nice storage carrying case, extra parts including extra cables YOU CANT GO WRONG! I have over a month with this drone and love it!!",
R2IFSPBVS6DW2X,B0G2LMBZDK,5,,"Great drone for the price. Very easy to fly, my son has pretty severe cerebral palsy and he can fly it well. Stable even in wind, hovers right where you leave it. Very good camera with great resolution, it even pivots up and down to get angle you need, adjustment is on controller. Camera has been upgraded and is very stable, even with windy wobbly flight. Videos look professional even when you’re still learning, as I am. It’s pretty fast when you put it in speed mode. Can go up over 300ft. Very easy to learn with this drone, the first mode on controller makes to very easy to fly, even in speed mode it’s not hard to control. Display on phone has all the info you need and hooks up easily, comes with lightning, usb type C and micro cable, so it will hook up to any phone. Battery life is really good as well. Carrying case is very nice and even has extra blades. This is a great little drone. It’s hard to believe a drone this good is so inexpensive.",
R3V76UJUX8EY5C,B0G2LMBZDK,5,,"I received my new Ruko U11 MINI 4K last week and couldn’t wait to fly it.
The first thing I noticed is the solid packaging and protective case, extreme light weight and excellent quality. I immediately charged the three batteries, controller and did a review of the user instructions online.
Time to fly and I found that my cell phone Pixel 10 pro XL case did not allow the drone cable to securely engage in my phone's port. This was an easy fix with my USB C Extender Adapter that I had purchased for another application with the same concern. Otherwise my phone with it’s protective case fit the controller perfectly.
My phone easily connected to the drone without having to manipulate settings like wifi or bluetooth. Start up, take off and maneuvering were simple and straight forward. I like seeing my surroundings from a different perspective, like having been in an airplane exploring property lines is really cool.
Family fun pictures are also really easy as compared to using a tripod and running back and forth to get the shot. Action shots of my grands playing was also fun for us.
Now that the fun is over, I used my drone to check the condition of my chimney cap and to verify a difficult access area of my roof was free of leaves and debris. I normally have to hire out inspection and cleaning of this area since my roof is steep and high. I was also able to check the condition of my roof in general.
I will do more exploring of my drones features and update my review when I have more to share. I really want to use the follow me feature when I can get out on my boat or sea doo.
Bottom line …..The Top Five reasons to buy this drone.
Fun
Easy
Functional
High Quality
Affordable",
R2O2ZII2X3UZ8L,B0G2LMBZDK,4,,Good product. As a beginner I feel more instruction videos would help. Found some difficulty’s but I’m not too savvy with technological stuff.,
R2Z3TV7MCFHBP9,B0G2LMBZDK,2,,"giving it 2 stars for now. the drone caught fire on the first use. If customer support does their job well, and replaces quickly, I will give a different review. Just beware, test the drone outside first!",
R24HQUZGWNNCT1,B0G2LMBZDK,5,,"The setup and getting started process with the Ruko U11 Mini is incredibly simple. One of the best design choices is the inclusion of a dedicated connection cable, which allows you to plug right in and completely bypasses the hassle of pairing via Wi-Fi every single time you want to fly. The battery design is equally well-thought-out; it features a built-in USB-C port so you can charge it directly without needing to have it inserted in the drone or resting on a proprietary dock.In the air, the drone performs exceptionally well, and the flight time actually exceeded my expectations. It features three different flight modes—cinematic, normal, and sport—which makes it highly versatile. In sport mode, it can reach speeds of up to 30 mph. While that feels surprisingly fast for a drone of this size, it remains incredibly easy to maneuver and responsive to controls. The companion software adds a lot of fun to the experience too, with highly intuitive features like self-tracking and custom waypoints. The absolute biggest selling point for me is the 4K camera equipped with a physical gimbal, which provides the kind of smooth, stable footage you usually only get on much larger setups. Additionally, the compact size is a massive benefit. Because it is so lightweight, you don't have to worry about the strict FAA registration and flight restrictions that apply to heavier models. When you consider the price point, getting a true 4K camera with a working gimbal alongside three included batteries makes for an excellent overall package that is tough to beat.",
R38YKMNQD48ZS5,B0G2LMBZDK,5,,"What an amazing drone! At first I was a little skeptical but ordered based on the reviews, and it turned out to be so nice. Loved how it can connect to a phone and record in 4K. My battery lasted about 35-40 minutes; the wind was high, but it was able to manage. It has multiple AI feature modes, my favourite being follow me mode.",
RUALCEKMESX3X,B0G2LMBZDK,5,,This drone exceeds every expectation I had for it the quality is amazing the size is small but rugged great for beginners and experts alike the carrying case is great quality the video quality is astonishing this thing is fun fast and could be used as a professional video drone,
R51YN35HJM4L1,B0CF8NXJ57,5,,"Purchased the Atom 3 axis gimble fly more kit in February 2024.
I have only put maybe 2 hours of flight time on this Drone as I have been busy with outdoor projects. Today I had some free time and thought I would get some Drone time in. When I powered on the Drone and entered the Potensic app, there was a Firmware update notice to version 3.4.5. I decided to go ahead with the update since I had a fully charged Batteries and Controller. After the update I noticed my Gimble would not stay in the neutral position and would drift all the way up on its own. So I powered everything off, exited the App and tried again with same issue. I tried calibrating the Gimble but it did not fix the issue. Tried calibrating the remote control and was not able to complete the process because the Gimble control did not respond correctly.
Powered off everything again, this time I could complete the remote control calibration but the Gimble still would pan up all the way and would not hold the position set.
Ok, I give up and try contacting Potensic support, we will see how good the Customer service is at Potensic.
Everything else works like it should, just the Gimble issue. This a deal breaker for me because I bought this for the great reviews and image quality at the price
I really hope Potensic will stand behind their product. I will update this review when/if I get a response from Potensic. After working with Potensic I decided this drone may be defective and returned it for a refund and went back to the drawing board to research another sub 249g Drone to purchase.
UPDATE - Potensic reached out to me and offered to send me a new drone Kit with single battery to give the Potensic another try. Sure glad theyHorizoe received the new drone today 7/24/2024 and immediately started charging the Battery and Remote control. After a full charge I went thru and loaded the Potensic app, calibrated everything and went out to do some test flying. WOW! The Camera Gimble worked flawlessly, it did not move up or down by itself and the Horizon was dead flat. The video looked great, smooth and seemless. Battery life is very good and charges quickly. I went thru all the preconfigured quick shots, tried the GPS mapping, RTH feature, shot video at 4K 30fps, took pictures and I have to say this Drone really performs extremely well for the price paid.
I am extremely glad Potensic reached out to me and asked me to give them another chance. So in conclusion, I would like to give a much deserved shout out to Potensic customer service for making EVERY EFFORT to add another happy customer to the ever expanding number of people who are flying Potensic Atom Drones, and thank you for not giving up on me!
I would recommend this Atom Drone to family and friends and to anyone who is looking for a really fun quality Drone to fly!",
R30QAXIS7JS01E,B0CF8NXJ57,5,,"This is a review for the Potensic ATOM 3-Axis Gimbal 4K GPS Drone, Under 249g, 96 Mins Flight
This drone is absolutely fantastic for the price. This performs just as well as the more well known brands at a serious discount. The GPS features, camera modes, and inbuilt stabilization actually make this much easier to fly than those less expensive drones. The drone itself is very quick, and captures stabilized video in fantastic quality. That fantastic quality is topped off by being controlled by an onboard gimble, meaning you can look at things from all sorts of angles, point it almost straight down to check out your roof, or up high to get some fantastic cinematic shots.
Though I'm kind of loathe to say this, I dropped this drone the very second I unpackaged it and it shrugged off the hit like I had done nothing to it. I'm used to such accidents snapping props and all sorts of chaos on less expensive drones, but this guy right here is very, very durable.
While I think the 6KM range is a bit of a stretch, this drone does have a long range, and it's very easy to accidentally go beyond visual range because you typically get rock solid video from the unit. The included soft case is fantastic for bringing your drone wherever you want; typically I stash it in my car where it's basically invisible.
This was my first ""Serious"" drone, and honestly, it's so much easier to fly than those cheaper ones. The best way to describe the difference is that one cheaper drones, the vertical controls control the speed of your props, and the height will be variable depending on external factors. For drones of this class, the vertical controls set your height, and the onboard computer takes care of the variable factors for you.
I liked flying drones before, but now I LOVE flying. What you get for the price in this set is fantastic.",
R1A6P76O8916W3,B0CF8NXJ57,5,,"Bought the Atom over a year and a half ago. I flew it maybe 3-4 times in the first month since it was winter time and super cold out.
Then life got busy, and I forgot I even had this thing until this past weekend, I finally broke it out of the box again.
Man is thing is impressive. Especially for the price point. Best value for your dollar out there.
It’s super easy to fly, even for someone with little to no experience with flying quadcopters/drones. My 6 year old figured it out in about 3 mins.
Camera and video quality are fantastic. Takes great photos. I keep pushing it farther each time a take it out to the field nearby. So far I’ve flown it 2,600 ft or so away from my and the streaming feed stays strong, but only if you’re in an open field with a good line of sight to the drone itself, otherwise it gets a bit laggy.
It can take quite a beating too. I’ve crashed it 3 times into trees now. Only once did it need a blade/prop replacement since one got cracked. Otherwise it gets right back up, dusts itself off, laughs, then it keeps flying like nothing ever happened.
The camera modes are fun, been playing with those too. For this price point you even get a “follow target” mode. So I had my kiddo be the target and run around the field. It tracks him pretty well, as long as he doesn’t do a 180 on a dime and run the other direction and it can’t keep him in frame fast enough so it loses track…which is to be expected from any drone really.
The speed is amazing. It’s slow enough in beginner mode where you never feel like it will get away from you. Normal mode kicks it up quite a few notches to where flying it around is quick and fun, then you get to play with all of the distance and height limiters.
Now sport mode is ridiculously fast. 35mph out of this little thing is nuts.
Battery life is drained on sport mode, respectfully so. Batteries seem to last between 20-25 mins depending on use. Which is surprisingly quite longer than you’d think, especially if you’re used to $50-100 drones. Night and day difference.
My only gripe with it is that it could use some quieter propellers. It’s significantly louder than my neighbor’s DJI Mini 3.
Speaking of, these are two very similar and comparable drones. Practically all the same features, but the DJI has a slightly better camera and controller.
This one has some features that the DJI doesn’t have, and the DJI has features that the Potensic doesn’t have. However, for the price, I can nearly buy two of these at the discounted rate for the price of one DJI…and my neighbor even tells me every time we fly together that he is super impressed with this Potensic and that he nearly bought this one too before he got the DJI.
Overall, if you want the best entry drone out there with some of the best features for the best price. Look no further.",
R1R1RXY0L5RVMH,B0CF8NXJ57,4,,"I couldn't decide whether to give 3- or 4-stars, but customer service was exceptional. The drone itself had some funky issues, but CS was super quick to reply and wanted to make everything as right as possible.
The drone itself is pretty good for its price range. A negative that I can't get over is the camera will jump angles, and only in certain directions or certain modes. The jump happening and the angle it jumps to is consistent and repeatable. CS decided it was inertia, but after testing and conversations, it is definitely a mechanical or firmware flaw. It can be worked around, but you'll have to sacrifice some things like shooting straight down while flying forward.
The other bigger negatives that I was told I can ignore is the non-stop ""please calibrate"" kind of message. That and calibrating it as described and shown, the horizontal works nearly 100% of the time, and the vertical calibration fails maybe 80% of the time. I've tried blue sky and cloudy days - blue skies work a little more often but isn't making a huge difference.
Compared to YouTube drone comparisons, it didn't steady itself as well as they showed. On occasion, it would get silly and circle in a 5-foot circumference before re-settling into place. Those are rare and not a deal-breaker for me, but an observation.
The signal in my semi-city area let me go about 1500 feet. I would've hoped for more, but I do have a lot of two-story houses, trees, and power lines around. I haven't flown it elsewhere to know what more it's capable of.
The drone is as expected - light weight, feels sturdy opening the legs & arms, flies as expected. It's fast when set to the proper mode, and does reasonably well fighting winds. I don't think I'd easily fly it in 20mph winds as it was bouncy with less than that, but then again, the windy days I've tried was with sporadic wind gusts. The sensors seem to work as expected. The cloudy area where I live, it takes a minute to grab enough satellites to get going.
The app has a lot of settings, some of which I haven't even tinkered with, but plenty of options. I do wish I could transfer the high-res videos through the app, but you'll need to put the SD card directly into a computer to grab it that way. It also has a handful of ""special flights"", like boomerang or rocket. I haven't tried them, not until i can get to a more open area, but so far those are great.
The controller is really good - it feels hefty and sturdy. I like how you can daisy chain charge it with the battery hub.
The battery and their life span is pretty good. The hub definitely makes it easier. I did have lots of battery issues - I'd fully charge it, disconnect the power for 5 seconds, the reconnect the power and they'll start charging for 15 minutes as if they depleted that quickly. CS was great at replacing the bad batteries so I'd have a good set of working batteries.
It is odd that when I return things to them, Google Maps showed their business as a house. I don't mind if a legit business is working from their home or employees are helping take on deliveries, but don't tell me and insist i'm shipping to their factory warehouse for testing when it's a residence. (Of course, google maps can be in the wrong here, too.)
I am grateful their CS did replace problematic batteries, and were so extremely communicative throughout the process.
Happy flying!",
R1M3ZZUU2HQMFO,B0CF8NXJ57,5,,"The Potensic Atom is simple to setup and get flying. It is very easy to control. The video was better than I expected. The Fly More package with the triple battery charger and case was a worthwhile option to buy. The nicely padded case that comes with the Fly More option fits everything safe and snug. Nicely done.
The attached image to this review is a screen capture from the drone of the first video I took within 5 minutes of first flying the Atom. The drone was about 15 feet away from the wife and dog and it didn't bother either of them at all, even though she was blowing the drone a raspberry. The drone is very quiet. The video is unretouched and straight from the memory card of the drone. Very nice image quality, in my humble opinion. The video output is an MP4 file format in 4K at 3480x2160 pixels and 30fps.
The remote control uses two control sticks that are screwed onto the remote when in use and unscrewed and stored on the remote control when not in use. Nice setup, but I will lose a few, I know me. So, I bought a few. They are $9 for 2 sticks. I also bought extra propeller blades at about $14 for a complete set of 8 blades (2 blades per each of 4 motors). Again, I know me, so I bought 5 extra sets. Both the controller sticks and the propeller blades are from Potensic on Amazon.
The drone also has a non-GPS flight mode using what is oddly called the Time of Flight sensor(ToF). It has a ground observing capability to fly without GPS if within 25 feet or so of the ground. This is primarily for indoor use and it works great! Scared the dog, but the drone was easily controllable indoors.
From the manual: ""The ATOM is equipped with a downward vision system, it is located beneath the drone. The Downward Vision System consists of a monocular camera and a TOF module. The TOF module includes a transmitter tube and a receiver tub, it can precisely calculate the fly height above the ground by
calculating the infrared signals transmission and receiving time. In combination with the monocular camera, the system can help achieve high-precision positioning at low altitudes.""
People ask about drones, ""Is this drone for beginners?"" The Potensic Atom is suitable for beginners due to its ease of control, and I expect other than for commercial users, the Atom will do great for most other people. The features of this drone compare favorably to any other drone I researched before I bought the Atom.
The remote controller needs a cell phone for display. I am using a 2021 Motorola g-power I had sitting in a drawer. No need to have an activated cell phone, just a phone to use as a display. A current phone that is activated works just fine too. The controller adjusts to your phone size. I did notice that Potensic seems to only offer Android and Apple iOS software for the controller. The phone must be able to connect to the Internet (I used WiFi) and download the Potensic controller app. The drone package came with USB-C and Apple Lightning connectors cables to connect the phone to the remote control. The Potesnic Pro app loaded onto the Motorola Android phone without any issues. Also, the remote controller communicates with the drone, so the phone only needs to be able to run the controller software. Meaning, the phone doesn't need to be anything special.
I am initially impressed with the drone's packaging, storage case, quality, ease of setup and use, and the quality of the video. I haven't even started to look into the various advanced capabilities of this drone, but I am looking forward to doing so. Enjoy!",
RX5YURN1XWKSK,B0CF8NXJ57,5,,"This five star review is specifically for the 3 battery fly more kit, because I find it a much better value than the single battery option. For around $50 more, this kit give you two additional batteries with charging dock, a carrying case, and a 64GB name brand micro SD card. The single battery option doesn't even come with an SD card, which with storage prices right now makes the 3 battery option a great deal.
This is a great drone for beginners, offering an excellent package at a more affordable price than others. The Potensic Atom (not Atom 2) is considered to be equivalent to the DJI Mini 3 in features, and with this package I received a carrying bag that fits the controller, cables, extra propellers, screws, the drone itself, and a set of three batteries offering around 90 or so minutes of flight. Also know that this drone does not have obstacle avoidance.
If I had one complaint, it's that it seems to lose connection with the controller too easily, and this is with airplane
mode enabled on my phone to avoid interference, so you really need to keep the antennae aiming towards the drone and avoid going directly over your head.
As a beginner suitable drone, it is highly recommended to read the instructions and follow through the video guides. It is also suggested to do your research ahead of time and ensure you're following your country's laws in addition to local laws. Drone regulations can be quite strict, and this one is no exception.",
R1F44TXBQGBQXP,B0CF8NXJ57,5,,"Potensic went above and beyond to resolve an issue I was having with my drone. They sent a new drone in less than 24 hours after diagnosing the issue and provided prepaid postage for me to return the malfunctioning drone. This was even after the 30 days return window. This company will have your back and cares about the customer experience.
In terms of the product itself, I thought it was pretty good even when malfunctioning but having a fully functioning, unit I’m blown away with the performance. I can attest it can reach and sustain 36mph in sports mode which is on par if not better than most drones in this class. The camera quality is good and 3X zoom is achieved by lowering the resolution to 2.7K, which is almost telephoto. As mentioned before by others, it also charges the batteries in parallel, so you could in theory just continuously fly the drone with the three-pack combo, only stopping to swap batteries. It's an excellent starter drone. If you are considering this as your first drone, or haven't flown drones in years, line of sight is crucial for a reliable connection and to stay legal. It's an excellent flyer.
If I wanted any more out of this drone it would be the option to have a larger capacity battery with a built-in remote id module and maybe beacon lights for night flying to stay compliant.
The standard kit is a steal, but I guarantee you’ll be wishing you had the extra batteries in the combo package.
If you have a protective case on your phone place the phone higher on the controller so the plug is protruding and not inserted into the tuck-away, or just stick something in the tuck-away area like a piece of paper. The additional thickness of a case can cause the end that plugs into the phone to be stressed at a slight angle.",
R1LPL6T0XFLT89,B0CF8NXJ57,5,,"Awesome drone! Great stability even in 20+ mph winds. Great range, easy to use app. Very very user friendly. I unfortunately wrecked it, but I emailed potensic repair services (at 11pm) and they promptly replied within 20 mins!!!! Their customer service is beyond amazing! The video quality on this drone is very surprisingly clear. And surprisingly for as small and light as the drone is, it flys great. It's a mini drone with big drone attitude! both photos were taken with the potensic atom 4k 3 axis",
R16FSDSFM0KCNR,B0CF8NXJ57,5,,"I am really impressed with this little thing. It is really easy to setup and start flying for a noob like me, and the controls are easy to pickup and get used to. The video quality on this here is pretty impressive too, especially considering the price.
The footage is really stable, even when in `sport mode` and going pretty fast (like 20mph in winds) - and the gimbal is easy to control and get the shots that I want without thinking about it too hard.
One thing I noticed is that in `auto` mode while filming, it can really blow out highlights if there is a lot of contrast, say with green trees and white sidewalk. Fortunately you can modify the the ISO and shutter speed to help combat this, but it isn't always ideal since you only have so many flight minutes per battery. I'm hoping later firmware updates will help here, but I'm not holding my breath - and it isn't really a big deal.
Battery life is really respectable, I am impressed with how long this thing flies. In my tests its like 20 minutes before I land, but I tend to land with some battery left in case I see something else I want to film or fly over - so I don't doubt the advertised 30 minute flight time (assuming the right conditions)
The GPS is pretty good, and I quite like the autoreturn and autoland features, but I've gotten more comfortable doing both manually (its kind of fun) so I don't use that as much now. But it works, and works pretty good.
I don't have any complaints, I really like this thing and look forward to flying it when ever I see a nice day out. It checked all my boxes too:
- be a good price
- have good and stable footage
- have at least 20 minutes of flight time per charge
I didn't try any of the intelligent flight modes, and I'm not really super interested in them - but if I do try them I'll update this review with additional information on what I think about them.
But overall: this is a great drone, I love it and would buy another in a heartbeat.",
R1CY753VFVZF4R,B0CF8NXJ57,5,,"Potensic have hit it out of the park for this drone.
In the sub 250g class and having 4k with a gimbal, this is an amazing drone and takes the focus away from DJI, whom have been steadily increasing their prices to beyond affordable.
Potensic does have its downsides like all budget options, the auto white balance is not good. Put it on manual and adjust on the fly to suit the scene.
The camera is true 4k, the caveat being to get 4k usable footage you need to copy directly from the sd card in a phone or pc with an sd slot. No option for a usb connection to pc. If you copy from drone to phone/pc it will only be 720p.
Performance wise. This drone really is all it’s made out to be. There’s a voucher at the minute for £30 off. It handles fairly windy days well, it’s very stable footage is great and the smoothness of the gimbal when rotating it or yawing the drone is great. No jerky movements.
No tested battery time yet as I’ve only had three 5 minute flights.
You need to provide an sd card. Amazon have a 3 pack of 32gb for £11.
I will be getting the extra battery pack with the triple charger.
The footage uploaded here is 720p as it’s downloaded to my phone. It’s no indication of the 4k quality. It does show how stable it is in a mildly windy flight.",
R1UVSJH1JJ06C1,B0CF8NXJ57,5,,"Creo que ha sido la mejor compra del año. Un dron económico, ideal para un principiante, pero con todas las características que podrías esperar de estas pequeñas joyas de ingeniería y electrónica, comparable -y en muchos aspectos mejor- a los afamados y carísimos DJI.
El seguro a todo riesgo es también más económico que el de un DJI.
Llevo probándolo cuatro meses y no puedo estar más satisfecho con este Potensic Atom. El dron está muy bien acabado, tiene calidad y acabados inmejorables. Veo que el fabricante escucha a los usuarios en sus canales de RRSS y me sorprende ver cómo incorporan las mejoras en el firmware y la aplicación que los usuarios piden: zoom digital, mejoras en estabilización del horizonte -en el modelo que no lleva gimbal de 3 ejes-, mejoras en el uso manual de los parámetros de exposición de la cámara,...
El dron es una pequeña bestia. Vuela rapidísimo en modo ""sport"", la cinemática es muy buena en modo ""grabación"", soporta vientos relativamente fuertes -probado a 20km/h- y, comprobado en campo, mantiene el enlace estable donde otros DJI de su gama activan el RTH por pérdida de señal. La cámara estabilizada en 3 ejes graba imágenes sorprendentes en 4K y perfectamente estabilizadas. Flaquea en grabación nocturna en modo automático, mejorando algo ajustando la exposición en modo manual.
Dispone de los modos de vuelo automático habituales: cohete, espiral, boomerang,...etc muy configurables y sencillos de usar desde la aplicación. El seguimiento lo hace por análisis de imagen, no por posicionamiento GPS del mando como en otros drones económicos -o el propio Atom SE, la versión económica del 3-ejes-.
Las baterías son potentes y ligeras, de momento no han dado señales de flaqueza. Recomiendo el kit ""vuela más"" con bolsa de transporte, tres baterías y triple cargador, porque es mucho más versátil.
En resumen, se trata de un dron económico con aspiraciones a ponérselo difícil a DJI y su actual abuso de mercado en esta gama de productos (hasta 250 gramos), con precios mucho más razonables y funcionalidad similar o mejor.
Como aspecto a mejorar se echa en falta una mayor disponibilidad de repuestos, aunque de momento la maca está respondiendo satisfactoriamente -en redes sociales se leen muchos comentarios en este sentido- reemplazando drones completos en caso de accidente a precios reducidos. La marca ya ha indicado que está trabajando en ello.",
R24O4PYZBFDUTD,B0CF8NXJ57,5,,"Me surpreendi com imagem, bem mais do que eu esperava. Vale a pena!",
R2ESQ82UVR1RSQ,B0CF8NXJ57,5,,"My first drone and a noobie as one can get. We are not delving too much into the details here as I feel one needs to do their research when determining what drone may work best for them. I read/watched oodles of reviews before coming to the conclusion the Potensic Atom would be best suited as my first drone.
Overall super impressed with the fly more kit as everything looks and feels premium. Love the RC and its formfactor as it feels so natural to use. The 60W charging hub that provides a quick-charge for 3 batteries at once, in 1.5 hours, is a big bonus. Included in the package is a very nice case to hold all the gear including the drone.
So far I've had one ""test"" flight yet we were super impressed how things went for someone who's green as one could be for novice drone pilot. Yes I was super nervous but shortly into the flight the drone's ""smart"" features/abilities had me somewhat at ease. Never once did I feel the drone was out-of-control not even a smidgen. It's the time of the year when wind gusts where I live can get a bit excessive, bummer cuz I'm really looking forward to another flight... Once we have more flight time under our belt I'm sure we'll feel much more comfortable flying it in the wind, but until then we'll just need to remain patient.
I flew in lighting conditions that were less than optimal so there was a fair amount of grain in the video, no surprise as the reviews pointed that out. Even though, we were still very impressed the image quality and stability the 3-axes gimble provides. Definitely yearning for more now, yet those ""nice"" days are becoming far-n-few between so hopefully we don't have to wait too long.
Right now as of my review the Potensic Atom is discounted with an additional coupon that can be applied. Very good price in my opinion for something of this caliber. Also included in the package, for a limited time, is a 64GB Lexar MicroSD card. So other than providing a smartphone for the RC everything else is there to start flying A.S.A.P.",
R2WOV1PMBD0681,B0DDCLFNMF,5,,"This drone exceeded my expectations in every way. The build quality feels premium and durable, and it flies with remarkable stability even in light wind. The camera produces sharp, vibrant footage, while the intuitive controls make it easy for both beginners and experienced pilots to enjoy. Battery life is excellent for its class, giving plenty of time to capture photos and videos without feeling rushed. Overall, this is a thoughtfully designed, reliable drone that delivers an outstanding flying experience and is well worth the investment. I’ve had two models preceding this version and it is impressively upgraded.",
R32O6AQPA2ROKM,B0DDCLFNMF,5,,"I recently had the pleasure of flying the V11 Pro drone, and I must say, it has exceeded my expectations in every aspect. As someone who enjoys aerial photography and videography, finding a drone that combines ease of use with advanced features can be quite a challenge, but the V11 Pro rises to the occasion brilliantly.
First and foremost, the app associated with the V11 Pro is incredibly user-friendly. Setting up the drone, connecting it to my smartphone, and accessing the camera features was a breeze. The intuitive interface offers a range of options that allow users to get creative with their shots. Whether you're a beginner or a seasoned pilot, you'll find that capturing stunning images and videos is as simple as a few taps on your screen.
Speaking of images, the quality of the footage I captured was nothing short of spectacular. The V11 Pro boasts crystal-clear visuals with impressive clarity, which is essential for anyone looking to produce professional-grade content. The colors were vibrant, and the details sharp.
Flying the drone is an absolute joy. The controls are responsive and the stability during flight is impeccable. I was particularly impressed with how smooth the drone maneuvered, even in windy conditions. The 3 axis gimble ensures that your shots remain steady, allowing for cinematic movements that truly elevate the overall quality of your projects.
The build quality of the V11 Pro is equally commendable. The materials feel robust and durable, which is reassuring for anyone who has experienced the unfortunate mishaps of less sturdy drones. It maintains a professional yet sleek design that is sure to turn heads while in flight.
One of the standout aspects of my experience has been the customer service provided by the V11 Pro team. They were incredibly responsive and helpful, addressing my questions and concerns with patience and expertise. It's clear that they prioritize customer satisfaction, which makes the overall experience even better.
In conclusion, I wholeheartedly recommend the V11 Pro drone to anyone looking for an amazing flying experience combined with high-quality imaging. Its combination of ease of use, advanced features, impeccable customer service, and solid build quality makes it a standout choice in the drone market. Whether you're a hobbyist or a professional, the V11 Pro is undoubtedly a worthwhile investment that will elevate your aerial adventures to new heights.",
R1AGI1L8DAL2VI,B0DDCLFNMF,5,,"This is my second Veeniix UAS (drone). As a gift, my wife purchased the V11PRO that used a your cell phone as the screen and photo/video capture. That unit worked great but was inconvenient since I use a quality case on my phone, I had to remove the phone case every time I wanted to fly. I’m normally not a review kinda guy but I would of given the V11PRO 3 or 4 star if I rated it because of the phone inconvenience.
As far as I can tell the UAS is the same as the original V11PRO. Same quality gimble mount 4k camera and same quality construction. Flying the unit is simple and easy. The users manual is on the RC and easy to go through. The RC screen is about the size of the large phones on the market. The screen is sharp with good color and contrast so it’s easy to see in bright sun light. It’s touch screen so it’s easy to navigate through the various menus and settings. It fits good in my hands and all of the buttons and controls are within easy reach.
As you can see from the photo’s, the carry case is different and I like it better. It’s not bigger or smaller but I think the soft case is easier to pack. There are spare props, charging cables, spare control sticks, 2 batteries, and a bag for the RC so you don’t scratch the screen. You need to supply the micro SD cards (32G-256G), one for the UAS and one for the RC. You’ll also need to supply a good quality charger.
The easiest way to pull the photos and video off the UAS is to have the Veeniix App and download them to your phone. This works over wifi and once I figured out the procedure, it was easy. It doesn’t appear you can just get them off the SD card. I tried and it seemed like I either lost files or there was nothing. Might need to play with that more and I admit I didn’t take a lot of time to read everything.
I’ve flown this unit for about an hour and half so far and everything is working as advertised. I’ve also attached a few photo’s and a video for reference. It’s done everything as advertised and I’ve no issues in my test flights. Time will tell but I’m going to give 5 stars. Did I mention how much I liked the new RC2 with the built in screen?",
R23CXY16R1YQ4W,B0DDCLFNMF,4,,"Overall, I'm very pleased with this drone. Especially the quality of the photos and videos. It is very stable in flight and hover adding to the media quality. Operation is pretty straight forward. The auto return is your friend and is a safety feature you will come to appreciate. My experience is flight time and battery duration is not as long as stated but part of that could be due to flying conditions such as head wind, etc. Once you are familiar with operation it could be a little faster but generally the speed is sufficient. My reason for 4 stars instead of 5 is loss of signal that reduces range that results in auto return before mission completion. In my case I believe that this is due to the geographic area I mainly operate in which is heavily wooded with very tall trees making line of site between the drone and the controller difficult. I have overcome this to some extent by using the map feature and flying way-points which seems to allow the drone to operate autonomously. Overall a really good drone for the price point.",
R3OSMHRILOVJ1H,B0DDCLFNMF,5,,"Why I Love Veeniix Drones: Great Quality and Amazing Service
You don't need to spend a ton of money to get a great drone that works perfectly. In my experience, Veeniix is the best choice. Their products are awesome, and their promise to treat customers well is much better than most other companies.
Unbelievable Customer Service: A True Story
Veeniix earned my trust when they kept their one-year product guarantee—that's a whole 11 months longer than most other warranties! I saw this promise in action recently when one of my drones had a small, repeated software problem.
I called Veeniix Customer Support over the weekend. I left a message on Saturday and got a call back from Elaine just 20 minutes later! She immediately promised to fix things. The very next morning, Kim called to arrange a brand-new, identical drone replacement, totally free. The process was super easy; I just had to send in some flight records and a photo.
To make things even better, Joyce emailed me this morning to confirm the shipment and included a free drone battery as a bonus! Since those batteries cost almost $100, this extra gift showed how willing they were to fix their small mistake. A big thank you to Elaine, Kim, and Joyce for their amazing help!
The V11 Pro: Top-Level Power for Everyone
Veeniix's great business practices are matched by how good their products are. Out of my five drones, the Veeniix V11 Pro is my favorite because it's reliable and always gets the job done. It's a top-quality machine that is very easy to fly, so even a beginner can figure it out quickly.
The V11 Pro gives you professional features without the huge cost:
Camera: Takes amazing 8K photos and 4K videos.
Range: It can fly and send a signal up to 20,000 feet away.
Performance: It has a lot of power and can handle Level 5 wind resistance
For an awesome price, excellent performance, and a company you can truly trust, I highly recommend Veeniix. You can even find them easily on Amazon to get this quality for less.
What's the most important thing you look for when shopping for a new gadget like a drone?",
R38HCNGIZD7ZVU,B0DDCLFNMF,5,,"I would like to start out by saying I also have the older V11 Gim2 drone from Veenix. When I heard they had a new V11 pro, I couldn't wait to try it. The new V11 pro is the left drone in pictures. The drone comes in a very nice case. Comes with the necessary adapters needed for charging the batteries and connecting any phone to the remote, android or iOS. The in-app step-by-step instructions makes it super easy for beginners to start flying. Compared to the older V11, you do seem to get better quality pictures and a longer battery life. I did fly my old and new one back to back to see. The motors in the drone must be more efficient as the batteries are actually the same capacity (3500mah), and will actually interchange with the older V11. So if you also have the older version like me, you will be able to use the batteries. The max range does seem to be inflated from a lot of the drone mfg. I was able to get a distance of 2500ft away according to the remote, but was having the remote saying weak signal with the FPV being hit or miss. Other than that, it flew very well. Just like the older V11, it makes me feel confident that I will always be able to bring it back safely. It never seems to fly out of control, even in higher winds. It also has a lot of the nice features carry over from the older V11 like the detachable joysticks that snap into the bottom of the remote and USB cable that connects directly to the remote that helps keep your phone charged during use. All the in-app features also seem to work well like follow me, waypoint etc. Overall, it seems like a great drone in this price range that I would recommend to anyone looking for one.",
R3FNSMOBAFD83D,B0DDCLFNMF,1,,"I rarely write reviews, even when a product performs well, which I admit is probably my own laziness. However, I feel compelled to leave a review for this product because of how thoroughly disappointed I am with it.
I genuinely wish DJI were still an option, because this drone is nothing more than an expensive paperweight. I consider myself an experienced drone flyer. I have owned several drones over the years, and while I’m certainly not a professional cinematography pilot, I know what I’m doing. Unfortunately, this drone behaves as if it has a mind of its own.
On multiple occasions, it has randomly initiated a return-to-home and landing sequence without warning. When this happens, attempting to cancel the action or manually take control is useless—the drone ignores inputs, lands where it shouldn’t, or crashes into nearby objects. This has happened repeatedly.
The battery performance is even worse. Each battery is fully charged before flight, yet I’m lucky to get seven minutes of flight time per battery. This isn’t a defective battery issue—I experienced the same problem with all three batteries, including an additional one I purchased hoping it would solve the issue. It didn’t.
Despite very limited use, the drone has extremely low total flight time because it simply isn’t enjoyable or reliable to fly. At best, I might get 21 minutes total across all three batteries. Once the battery reaches around 50%, it suddenly drops to 25%, triggers an automatic return, and once again refuses to allow manual override. The drone then lands wherever it decides, regardless of surroundings.
Yes, you get what you pay for, and this is clearly a budget drone—but even a lower-priced product should be functional and enjoyable. This is neither. Flying it is stressful, frustrating, and ultimately pointless. The only one time I had fun flying this thing is the day I opened it. After that nothing but, buyers remorse. Would give 0 stars if possible!
My advice: save your money. Buy a good used DJI drone, or if they become available again in the U.S., purchase one new. The higher price is absolutely worth it for reliability, flight time, and actual enjoyment. If you are still within the return window for this drone, return it immediately. It is not worth the headache.",
RUEHS2SOY1STU,B0DDCLFNMF,3,,"It handles well the controller is as good of quality as expected, unimpressed with the speed capabilities, topping out at 8 m/s with sport mode. Good for beginners and good quality drone I love the color and overall ability of the drone but for the price range I’m not too happy with it there are better options available for what I’m looking for and the night time quality is nothing like advertised.",
R1PEUBZUV2RMH,B0FYPWRFWF,5,,"Honestly one of the best purchases I’ve made for my teenage son. He’s having so much fun with it — learning tricks, filming videos, and spending more time outside instead of glued to his phone😅. This drone is perfect for beginners because it’s easy to control, stable, and not intimidating to learn on. The camera quality is surprisingly good for the price, and the extra batteries are a huge bonus. My son picked it up really quickly and now flies it like a pro. And as a parent, I honestly love that this became his new “cool gadget” obsession instead of constantly asking for an electric scooter or bike😅. Feels like a much safer (and cheaper!) way for teens to have fun outdoors. Definitely recommend for beginners and teens!",
R1GPOMTJEBLNOG,B0FYPWRFWF,5,,"Have had a really good time with this drone. I had it up and running in a matter of seconds. I’ve used another in the past that required an app on your phone and that just made the experience just a bit too complicated for me. This one here was flying with just a couple clicks on the controller. I’d say this is a perfect starter drone for someone looking to just play around for a bit and get the feel for one. It’s simple, well made, and a lot of fun to use. The camera works well and the image quality is fairly decent. Don’t expect the highest of quality but it’s also not too bad for the price. It does require a memory card if you’d like to record video but it’s not necessary just to use the drone. A nice feature if you’re interested in capturing videos with this.
Flying the drone takes some getting used to but that’s the same for any other. It has the left and right toggles to control movement along with buttons to return it to position or have it remain in place. It also comes with an extra battery so you can continue the fun once one runs out. Altogether, it’s a great gadget to have to kill some time in the best way possible. I’d definitely recommend it for anyone from younger kids to adults.",
R2IL9VSOGP90B5,B0FYPWRFWF,5,,"We are very impressed with the quality of this drone and the extras included, it hovers really nicely without being too jerky or reactive. The camera is impressive quality and it appears to have very good battery life, it is nice to have the blade guards for protection as well as a back up set of blades. Excited to continue learning what benefits this drone has to offer!",
R2BJZKB0QU0X37,B0FYPWRFWF,5,,"⭐⭐⭐⭐⭐
Absolutely amazing drone! The flight performance is smooth, stable, and easy to control, even for beginners. The camera quality is outstanding, capturing clear and vibrant photos and videos. The battery life is impressive, giving plenty of time to enjoy each flight, and the controls are very responsive. It handles windy conditions well and has several smart features that make flying even more enjoyable. Overall, this drone exceeded my expectations and is worth every penny. Highly recommended for anyone looking for a reliable and fun flying experience.",
RSEB5NPE4VNHI,B0FYPWRFWF,5,,"I am very happy with this drone. It is easy to use, the quality is great, and it works very well. The camera and features are really nice, and it is fun to fly. It was a great purchase and I recommend this product.",
REM07OJCK7X1V,B0FYPWRFWF,4,,This drone worked so well and it is so good for the price. The one problem is the short range the drone has with the remote but it is not too big of an issue. The drone is very good for beginners and I would definitely recommend it. It is very fun to use and play with. It stays pretty level when flying and has a good camera.,
R2MDTJM6GWQ6HS,B0FYPWRFWF,5,,"Great drone! I had a lot of fun flying it! The batteries were long lasting and easy to use. It would have been better if they had included the SD card, and if the remote live video quality was better, but overall, it is a really good drone. i liked the paper thing explaining the controls, and i like how it can fold because it is so big. I also like the case, and it is convenient to have replacement propellers.",
R3DI50PNZTU8SF,B0FYPWRFWF,4,,"Great drone for the price, starter drone. My son loves it.",
R2HFFUWNWWYY82,B0CXJDDJ9X,5.0,great starter drone!,"This drone packs a massive punch for its size. Don't let the lightweight under-249g build fool you—it handles remarkably well in the air. The 4K UHD camera captures stunning, vibrant footage, and the gimbal stabilization ensures there is zero shakiness in the video. The range is fantastic, and the video transmission stays clear the entire time. It's incredibly easy to fly, making it great for beginners, but the camera quality is good enough to satisfy anyone looking for great aerial shots. Worth every penny.","Reviewed in the United States on June 28, 2026"
R2HP6D7UUZYHKV,B0CXJDDJ9X,5.0,"Amazing, professional drone results compared to hobby drones","Technology advances fast. Just five years ago this would have been a $1500 professional grade drone. To think you can get pro-quality performance, excellent stability in light to moderate breeze, stunning images, and good flight time for under $300 is surprising. The image is from my first flight with zero training and default settings. Videos are smooth and crisp.

Unboxing though initial setup is frankly daunting, but the in-app walkthrough is clear and unhurried and I went from inatalling the DJI Fly app to flying in under 20 minutes. Flight controls are legendary. The Cine setting is solid stability like a vintage Rolls Royce, while Sport mode is an exciting FPS experience that was just outside my comfort zone with my limited experience but I never felt out of control and frantic the way inexpensive hobby drones do. I haven't ended scratched the surface of the settings menu, but for what I need for Youtube content creation and scenic b-roll this works perfectly. It's also compact enough to slip into my hydration pack for capturing my motorcycle rides. I wish I'd bought this sooner!

One note about the connector cables for iPhone users! If your phone is in a heavy duty case, it will still fit in the phone holder, but the connector may not seat properly due to the small lip molded into the connection cable. No problem, a Lighting extender adapter works just fine.","Reviewed in the United States on June 15, 2026"
R3JLD1W4UXVYYW,B0CXJDDJ9X,5.0,⭐⭐⭐⭐⭐ 5 Stars,"The DJI Mini 4K has been an excellent drone, especially for someone getting into the hobby. It's incredibly easy to learn and fly, with stable controls that help build confidence quickly. When I was a beginner, I was able to get comfortable with it after only a short time.

The photo and video quality are outstanding for a drone in this price range. The 4K video is sharp and detailed, and the photos come out clear with great color. The built-in GPS and return-to-home features provide extra peace of mind, making flying much less stressful for new pilots.

What I enjoy most is how much fun it is to fly. It's responsive, stable in the air, and handles windy conditions better than I expected. The battery life is good, and the DJI Fly app makes everything easy to manage, from flight planning to reviewing footage.

Overall, the DJI Mini 4K is a fantastic combination of ease of use, safety features, portability, and image quality. Whether you're a beginner or an experienced pilot looking for a lightweight drone, I highly recommend it. It's been one of the most enjoyable tech purchases I've made, and I would definitely buy it again. And I already did. I bought 2.","Reviewed in the United States on June 14, 2026"
R368RVR7AP27JD,B0CXJDDJ9X,5.0,It's better than you think!,"I never had a drone before and let me tell you, this thing is beyond easy to fly. The camera FAAAAR exceed my expectations and the gps return to home is crazy how it'll come back to within inches of where it took off, the perfect stabilization on the footage because of the gimbal even if the drone itself is moving around some in the wind, not to mention the capability to set how far/high you want it to go before you take off to be on the safe side(especially at first). I mean as long as you stay good and clear from the trees and learn the basics low, slow, and in a wide open area I don't know why you'd ever need anything better than this. It is the absolute easiest drone to learn to fly! But it is a cinematic drone with allot of safety features for a new pilot. It doesn't do flips or fly crazy like a FPV drone so if that's what you're looking for this ain't it. But if you want something that fly like a mile away and hundreds of feet in the air to get cool videos of lakes, forest or whatever this is the best bang for your buck I promise!","Reviewed in the United States on June 27, 2026"
R32SSO108BZQRW,B0CXJDDJ9X,5.0,Great little drone... perfect beginner Drone,"I had always wanted a legit camera drone...I decided to get one of these to see if I could get into the hobby. I had always heard good things about DJI and their drones, and know a couple guys that have the mavic pro...This little drone does not disappoint and is worth the price. If your looking to get into the hobby this is a good beginner....flys great and I have made some pretty good videos with it.","Reviewed in the United States on July 26, 2026"
R22XGO6QNP8KKB,B0CXJDDJ9X,4.0,"Fun beginner drone, but I wish I had bought the version with longer flight time","I bought this drone as a beginner and had a lot of fun flying it. Setup was straightforward, the controls were easy to learn, and it was stable enough for casual flying around the yard and local park. The drone feels lightweight but reasonably durable, and I was able to get it in the air within minutes of unboxing.

The camera quality is decent for the price and good enough for capturing some fun aerial shots and videos. The app connection worked without major issues, and features like altitude hold made it easier to control than I expected.

My biggest complaint is the battery life. The advertised flight time may be achievable under ideal conditions, but in real-world use it felt fairly short. Just when I was getting comfortable and enjoying the flight, it seemed like it was already time to bring the drone back and recharge.

Looking back, I probably should have purchased the version that comes with additional batteries or extended flight time. Having extra flying time would have made the experience much more enjoyable and reduced the amount of waiting between flights.

Overall, this is a good entry-level drone that is easy to fly and fun to use. If you're considering it, I would strongly recommend getting the package with extra batteries or longer flight time if it's available. You'll likely appreciate the added flying time much more than I did after the fact.","Reviewed in the United States on June 11, 2026"
RFG4A4M0LVFS3,B0CXJDDJ9X,5.0,Buy it with ND filters!!!,"I been flying drones since Dji phantom 2. I've had quite a few. My personal best was a toss up between the phantom 4 pro vs. Air2s (air 2s new so I give that the winner). So I've had my fair share with different cameras. I currently own even the neo which is a pretty damn good drone with the remote. But none the less, if you want a cheap decent camera with a couple basic features then I 100% point you to this drone the mini 4k.

You can produce some amazing footage with this drone if you know a little about camera settings via ISO, Shutter etc. but what really makes the footage cinematic and looking really amazing is ND filters.

Look at my video, I just went to my local waterfront and flew around sunset time with I believe a 8ND filter. Or possibly 16ND filter. I forgot lol

But I've had three of these mini 4k drones. Only cause in comparison to dji other drones, this is only 200 dollars so I keep buying it lol. My first one I bought I attached floaters to the bottom so I can land and take off on water (I like to fish and trying to land on a rocky boat is difficult in tight area so landing on water sounded easier lol) but the product I bought blocked the sensors and when I flew up like 50 ft the sensors being blocked tricked it to think it was near ground level and iust initiated automatic landing feature 😂😂😂 plopped out the sky and broke. 2nd drone I was out in the woods of PA camping and I saw a body of water like half a mile away, so I got overly confident and flew my drone out of line of sight, and lost connection. Didn't program my Return to Home flight feature since I didn't think anything was gonna happen so I lost it lolol.

Both my fault so this third time 😂😂😂 I'ma treat it like an expensive drone and really stop pushing my luck and my Amazon credit.

Drone is less than 250g so I don't even gotta register it. I just take the ""trust"" drone Test online for free and I'm good to fly recreationally within the realm of state, local and FAA law.","Reviewed in the United States on July 6, 2026"
RZIX175Q67BIW,B0CXJDDJ9X,5.0,"A great, inexpensive drone for beginners like me","I love this drone! I had never owned a drone before this one, but I'd had my eye on them for a while, trying to find one that seemed both affordable and user-friendly. I had a little trouble with the app right at first, but everything's been great since I got it working, which only took about an hour of frustration. The one time I lost my connection while the drone was in flight, I was relieved when it reconnected to see that it was already on its way back to its starting point. That 'return home' feature is nice. The camera is great and takes what seem to me to be really high-res images and video. The drone itself is surprisingly small. When the box arrived, I was amazed that the whole drone and its controller somehow fit together in such a small package. I've loved this drone so far, and I would definitely recommend it to anyone who's looking for an entry-level drone to just fly around and see a little bit of the world with.","Reviewed in the United States on July 23, 2026"
R1DXHILW7UUJFQ,B0CXJDDJ9X,5,,Ürün başlangıç düzeyi için fazlasıyla yeterli ve beklentilerimi karşıladı. Ancak gece çekişi beklemeyin. Benim gibi ilk defa drone alan birisi için kumandanın ön kısmında telefonu sabitleme yerinin iç kısmında duran kabloyu keşfetmek zaman aldı. Genel anlamda ilk karşıma çıkan Youtube kutu açılış videoları çok fayda sağlamadı. Aygıtın teknik özelliklerden bahsedip sonra hemen çekimlere geçiyorlar. Halbuki kablonun yeri gibi en basit şeyler de insan tereddüt edebiliyor. İlk etapta kumanda şarj biriminden telefona kabloyu yetiştirmeyi denedim ve tabii ki kablo kısa geldi. Neyse belki de doğru videolara denk gelmedim. Benim gibi acemiler için bir iki hızlı ipucu daha vereyim. Drone'da pil göstergesini gösteren ışıkların oradaki düğmeye iki defa basmanız gerekiyor drone'u aktive edebilmek için. Pervaneler aktive olduğunda hafifçe titreyip ses çıkarıyor. Oradan anlayabilirsiniz. Kumanda da aynı şekilde iki defa düğmeye basılınca açılıyor. DJI Fly uygulaması kullandığım kadarıyla bana yetti. Detayları ve ileri düzey ihtiyaçları artık kullandıkça keşfedeceğiz. Aldıktan 1 gün sonra da fiyat indirime girmese harika olurdu.,
R1KXJH529QQSTX,B0CXJDDJ9X,5,,"Lo compré como mi primer dron y lo he usado durante varias semanas para practicar vuelos básicos, fotos y videos aéreos.
Facilidad de uso y aprendizaje:
Es perfecto para quien está empezando. Se configura rápido con la app DJI Fly, despega y aterriza con un solo botón, y los modos inteligentes (QuickShots) hacen que grabar videos profesionales sea muy sencillo. En condiciones normales (poco viento), vuela estable y responde bien a los controles. Ideal para aprender sin miedo a romper algo caro.
Aquí está el punto débil: la batería dura unos 25-28 minutos reales de vuelo (menos de los 31 minutos anunciados). Si grabas en 4K o hay algo de viento, baja aún más.",
R1WIVOTAQRBH9I,B0CXJDDJ9X,5,,روعه كل شي تمام,
R39SVY8JGSIRAW,B0CXJDDJ9X,5,,"Excellent unit, up to 10k distance. Easy to use",
R7FVYSI96HQ9A,B0CXJDDJ9X,5,,"This is a beautiful drone. I didn’t think the tiny gimbal would be as good as it is and have the range of motion that it does. You can look straight ahead or adjust up to 90 degrees for straight down. The props aren’t visible in the camera no matter have fast you go. The image quality is excellent and it does seem to do some extra processing if you capture images into your phone vs the onboard memory as seen in the attached photos.
I have yet to figure out when it goes to the phone and when it only goes to the drone. It seems that if I use the phone touchscreen to take a photo it goes to the phone and using the controller shutter it goes only to the drone (for more rapid shooting with less overhead).
The controls are dead simple and it seems pretty hard to mess up this drone. I wouldn’t call myself a beginner, but I think even if you are new it shouldn’t be too bad compared to drones or the past that had much fewer guardrails. I love how all the usual drone controls work like moving the sticks apart and down to turn the props on. The drone itself is quite delicate so it’s not for the faint of heart or brutes expecting industrial durability. It doesn’t go above 120m by default which seems severely limiting but a good guard for new flyers I suppose.
I can’t figure out a good way to charge the drone while transferring photos and videos from it since it needs to be on for that but when you turn it on it wants to set up for flight and flashes amber as it finds issues with the gimbal and the arms being folded. It does not seem to like this and I don’t think it’s good to leave it in this state but what am I to do? Yes I can take out the memory card and read the media that way, which is something I’ll probably start to do. It is much handier, however, just opening the app with controller attached and picking the media, transfer, and it’s done. I like to be selective, though, and only pick the ones that I want, which means browsing all the media. The drone flashing errors while I do this doesn’t seem optimal and I haven’t found a workaround yet. Overall, this is a wonderful drone at $299 CAD.",
R36VUW89WQGQTU,B0H3LW66X7,5,,"I took the drone out for a test flight right after receiving it. It flies extremely steadily, the gimbal delivers excellent anti-shake performance, and aerial footage is crisp. It’s easy to learn to operate. One-touch takeoff/landing and intelligent follow mode work wonderfully. It’s a fantastic aerial photography companion for travels, and I’m totally satisfied!
The drone is lightweight and portable, with stable image transmission signals and battery life meeting expectations. Obstacle avoidance brings great peace of mind, making it beginner-friendly. Capture scenery from a bird’s-eye view — well worth buying!
Exquisite craftsmanship with a foldable design that saves storage space. Aerial image quality exceeds expectations. Time-lapse and one-touch short video functions are highly practical. Customer service staff offer patient explanations. Recommended for aerial photography enthusiasts!",
R3L73Q4RMYAEDP,B0F8QTBGNP,5.0,"Perfect Beginner Drone, Easy to Fly and So Much Fun!","I bought this drone on a whim because I wanted a simple way to capture some aerial photos and videos while traveling, and I am impressed.

First, setup was quick and easy. Within minutes I had it in the air. The one-button takeoff and landing feature takes away a lot of the intimidation factor if you’ve never flown a drone before. The altitude hold feature kept it surprisingly stable, which made getting photos and videos much easier than I expected.

The camera quality is great for the price. I was able to capture beautiful overhead views that I never would have gotten with my phone alone. Being able to see the live image on my phone while flying made the experience even more enjoyable.

I also appreciate how compact and lightweight it is. It folds up small enough to toss into a travel bag without taking up much space. The two included batteries were a nice bonus and gave me plenty of flight time.

For anyone looking for an affordable, beginner-friendly drone that is fun to fly and produces impressive photos and videos, this is an excellent choice. It exceeded my expectations and has already become one of my favorite travel gadgets.

Highly recommend! 🚁✨📸

P.S. If you’re nervous about flying a drone for the first time, don’t be. This one is incredibly user-friendly and a great way to learn.","Reviewed in the United States on June 23, 2026"
R3ILHTLNE81NKN,B0F8QTBGNP,5.0,A Fantanstic X69 Drone to Purchase!,"This model X69 drone is a great drone for anyone who may be interested in learning to fly a drone for the first time. With the features it has to offer and an affordable price, it makes for an easy experience and fun flight time.
It comes in a nice case that has everything you need including a clear to follow user manual, 2 batteries and a controller that after charging it up, you’re able to be up and flying right out of the case. With its one takeoff press button you’re immediately up in the air and in flight mode. The controller has a nice holder built-in for your smartphone that after installing the app, you’re able to see your flight time on the screen and a whole lot more.
It comes with a pretty decent 2k Ultra HD camera that while flying you’re able to take good still shots or video images as well. Also included are a set of replacement blades and screwdriver to replace your blades if broken.
It operates so nice on takeoff that you’re able to hover around and ascend up and down easily with just a light touch of the controller. Smooth operating drone that’s well worth it’s price for beginners and advanced flyers.","Reviewed in the United States on July 2, 2026"
RNGJI8DZRMSN6,B0F8QTBGNP,5.0,Overall - Great,"5 aces on this one. Open the box and: 2 batteries - extra wings - a great little drone - and remote packed nicely in a durable case. Very impressive little drone. Set up is a breeze and self explanatory. Charge up the batteries, which by the way, have good life. They give you a good amount of time to enjoy your drone. The drone has a nice lift off feature and landing with one button, impressive. The drone is steady in flight and smooth, and the controls are easy to use. The steady hover is great for your pictures or really clear video. Flying this unit is a pure joy for me at 71 yrs old. If I can master it in a week, you can in a day. looking for a small drone, you won't go wrong with this drone.","Reviewed in the United States on July 3, 2026"
R2D2BSRMWL0UNC,B0F8QTBGNP,5.0,A Wonderful Beginner Drone!,"​This Loiley drone exceeded my expectations! The one-button takeoff and landing feature, combined with altitude hold, makes it super beginner-friendly and stress-free to fly. The 2K camera captures sharp visuals, and the 90° adjustable lens is a huge plus. Connecting it to my phone for real-time views makes capturing scenery and family moments effortless.

​Best of all, it comes with two batteries that provide around 26 minutes of total flight time—plenty of time to enjoy! It’s compact, portable, and offers incredible value. Highly recommended for beginners or as a gift!","Reviewed in the United States on July 24, 2026"
R3L2STUZISJJ8X,B0F8QTBGNP,5.0,Great drone for a reasonable price!,"Awesome drone! At this price range you won’t do any better! It’s a fun small drone and controls well outside. The camera is decent and the range is pretty respectable as well. It has an app you can use if you want to control it while viewing the camera, and my iPhone 13 fit well in the telescopic controller. It comes with two batteries which is nice, so you can swap batteries out during use and charge up one battery while you use the other one. The batteries charge with a standard usb C charger which is nice also, no specialty chargers.
Altogether I definitely recommend this drone if you’re looking for a nice entry level drone at a great price!","Reviewed in the United States on July 7, 2026"
R2F25U8CE2ETNE,B0F8QTBGNP,5.0,"Fun, reliable, and worth it!","I was pleasantly surprised by this drone! The camera quality is clear and sharp for both pictures and videos. The instructions were very clear and easy to follow. The app was also easy to use and get the hang of quickly. It took me a minute to figure out the controls for flying, but I was comfortable after just a few minutes! The drone is stable in the air and responds well to the commands. It has extra features both while flying and also on the app that were cool to check out. It even comes with an extra battery as well which has come in handy. Love how conveniently it stores back in the package as well, great for taking traveling. This is the best drone, especially for this price as well! Highly recommend.","Reviewed in the United States on July 22, 2026"
R18A00CCBJ4NXU,B0F8QTBGNP,3.0,Fun drone for the money.,"This is a fun drone for the money. It's a good first drone, but not a great drone overall.

I bought this drone to see if I would even enjoy flying a drone and it turns out I really enjoyed flying this one. It's a challenge to fly, and for the price, I wasn't too worried about crashing it. And, I've crashed it a LOT. I'm impressed that it still flies, actually. It pretty tough, though I think it's starting to show signs of wear.
It's not easy to fly, but it's great for training. There's no obstacle avoidance or station keeping, you have to pay attention to what you are doing and learn how to control this little drone.
It's maneuverable and fun to fly, but gets a bit hard to control when coming in for a landing.

The battery seems to last for a while, and having two of them is great. The controller works well and is easy to use. I even like the little soft case it comes with.
The drone folds up small and is easy to set up.

Setup was pretty easy on my iphone. Download the app and connect to the drone wifi, and you can see through the camera. You don't even need the camera to fly, you can skip that part if you're not taking photos/videos or interested in POV flying.
The connection is laggy, which makes POV flying harder. The connection also starts to drop with much distance. I'd guess the video feed drops out around 20 yards, though the controls still work.

The bad part is the camera. It is not good at all.
Video is shaky and shows lots of artifacts. The photos remind me of my first cell phone. I thought this drone might be fun to try a little drone photography with, but the quality is no good at all.
It's also hard to frame photos, as there is no station-keeping .
If you want a drone for photography, this isn't it. I wasn't expecting a great camera, but not this bad.

This is a fun toy, but not a serious drone.
I enjoyed flying this one so much, I brought a better one. I still fly this one though, for practice and because I'm not affraid to crash it.","Reviewed in the United States on July 13, 2026"
RKT1BCXK243C5,B0F8QTBGNP,5.0,Outstanding Drone with Great Capabilities,"I am thrilled with this drone! Unpacking and start-up is a breeze, and it took no time to put it into action. Included are all the accessories needed for years of use, including extra blades, charging cable, 2 batteries, etc. I really like the size and look of this drone and it's easy to control with my android phone. The camera provides for very high quality pictures and video. When using this for just fun it is very capable, and the flip function is very nice. The drone had no issues with basic location options, such as headless mode and gravity control. One thing that really stands out with this model is the 3-speed option, something I have not seen in other comparable drones. I'd recommend this drone for teenagers and adults, but it could be controlled by a younger child with some supervision. I highly recommend buying this drone, especially with the affordable price.","Reviewed in the United States on July 24, 2026"
R13IL48BHVPKKL,B0F8QTBGNP,5,,Chegou no prazo e em perfeitas condições,
R2Y9KRRP9GMH1C,B0DPKMTFXC,5,,"I am absolutely thrilled with my Gleesfun G11 Pro! If you want premium drone with professional-grade features that is an amazing price look no further, this is the absolute best on the market, you will not be disappointed. This drone has incredible stability and range! It offers the ability of taking beautiful photos and videos as well. The true 3-axis gimbal is a total game-chander. Even when flying on windv days my 4k Ariel videos come out completely smooth and cinematic with zero shaking. It has an insane range and signal at 10,000 ft. Even at that range I get a crystal clear live video on my phone when the drone is so far away giving me total confidence and satisfaction while flying it. It comes with 2 batteries in the box which gives a total of an hour flight time. I never feel rushed when trying to get the right video or shot. Cruise control is another amazing feature this drone offers which allows me to lock in the speed so I can focus on the perfect picture. Another favorite feature is the GPS auto return function which gives me total peace of mind knowing it will come back home if the battery gets too low. It's incredibly quiet, very stable and packed with so many amazing features that make flying it a breeze while being completely satisfied. I highly recommend!!!! 10 outta 10 highly recommended!!!!",
R1YQ5XJ4BL851O,B0DPKMTFXC,5,,"A fun drone with great features such as high resolution camera. It's sturdy and great drone for beginners. Moreover, it's backed by superb customer service. My interactions with Gleesfun was professional, knowledgeable and customer oriented!
GS11 Pro Drone: A Superb Drone for Beginners with Stellar Features and Service!
This is an absolutely fun drone that I would highly recommend, especially for beginners! The GS11 Pro offers a fantastic blend of ease-of-use and impressive features that make flying a joy.
Key Highlights:
Great for Beginners: It's very sturdy and easy to control, which gives new pilots confidence right away. It can definitely handle a few minor bumps!
High-Resolution Camera: The camera is a standout feature, capturing high-resolution photos and videos. It's perfect for getting those great aerial shots.
Superb Customer Service: My experience with GleesFun's customer support was exceptional. They were professional, knowledgeable, and incredibly customer-oriented. It's great to know such a quality product is backed by a company that truly cares.
If you are looking for an affordable, reliable, feature-packed, and fun drone, look no further than the GS11 Pro. You won't be disappointed!",
R1D5FZLIZKNS1Z,B0DPKMTFXC,5,,"This drone is ready to fly out of the box, very good quality, easy to use with a lot of functionality for a very good price.
It stays up in the air for 35 to 40 minutes on 1 battery and you get 2 with it, I bough another one for almost nothing, it gives me at least 1h 30 of flying.
Stability is impressive even with the wind blowing 20 M/H with some draft 30, I was impressed.
The quality of the pictures and videos is very good and you can slide a sd card for more storage and faster saving.
A lot of functionality, automatic take off, landing, following, return home if lost gps and if battery gets low and many more.
I have to say that the customer service is top notch. I had an issue with the video, it has been fixed within 24 hours.
If you are looking for a reliable, easy to fly with quite some functionality and on top an awesome customer service, for a good price, you have to look into it.",
RQDPKUENZLTC8,B0DPKMTFXC,4,,"I was skeptical about its stability in the wind, but tests shows it handles surprisingly well for its size. Not hard to operate, but I have to go through the operating manual to learn what more cool things I can do with this drone. I cannot wait to take this drone out next time I go outdoor target shooting again and capture some cool pics and videos.
The Intelligent Flight Modes, particularly like follow-me work surprisingly well for a budget drone. I hope I'm not sharing my opinion too soon, but I'm loving this drone so far! Had to reach out to their customer service too for minor issues and questions, and they're very helpful.",
R1STZG5WL2YWNL,B0DPKMTFXC,5,,"THIS IS A GREAT BUY!!!
It's been great for taking photos of my and my friend's properties. The picture is crystal clear, and the connection to the phone being hardwired makes it seamless. UPDATE: The drone is still working excellently. I have had it for about 8 to 9 months. The only issue I've had is that it was left out for about five days in torrential rainstorms. It did have the battery in the drone at the time.Although it was in its case with the top wide open, I put the drone and the remote control on top of one of my floor heat vents. After a couple of days, I put the battery back into the drone, turned it on, and it fired up with no issue. Unfortunately, although the blue light below the right stick on the controller lit when I tried to charge it, it did not turn back on. I reached out to the manufacturer and within four hours received a response from them. They are sending me a new controller free of charge.
This company has been amazing to deal with. The drone itself takes amazing photographs. As I own a construction company, it has taken quite a few pictures of shingles, and the definition is clear between tabs, showing their contrast. I've also gotten it stuck a hundred yards up in a tree and crashed it quite a few times, including inside my home, even though that was a bad idea from the start. If you're looking for a fun drone that's easy to fly, this definitely gets it done. If you're looking to take photographs for your business, this thing is great.",
R2T112PD6SHIPN,B0DPKMTFXC,5,,This was a Christmas gift for my boyfriend. Wow. What a great drone. Once you get comfortable with the drone and controls this thing is a blast. I was a bit skeptical at first but was immediately impressed. We took it hiking and was able to get some great quality pictures. I am also a flooring contractor and I am able to get some overhead pictures and videos. Simple set from the beginner to the pro. Video and picture quality is exceptional. Even with a good windy breezy day this drone stays pretty stable. For the price this drone has it all. You do have to register the drone with the FAA. The manual and website makes the process simple. $5. Blah blah blah.. the best part.... are you sitting down?? One day there was some interference and the drone went rogue and landed on a roof on an adjacent building. E0 foot ladder and retrieval of 5 pieces I thought I was done. I contacted GLEESFUN and told them the details. I sent them the info they requested and..................they replaced the drone. I know right ?? AWESOME!!! great company. Fun drone.,
R2T8TKIM5OYL9V,B0DPKMTFXC,5,,"This Drone is GREAT!!! Strong performance at a cost that outclasses many higher priced drones. The controls are smooth, the signal stays reliable, and the camera quality is clear for everyday flying. The build feels solid and the battery life is consistent. If you want real value for your money this is a dependable option that competes with models that cost much more. I would buy it again without hesitation. My only wish is that it could avoid the trees in my state but that is on me not the drone.
I had a few questions for customer service and they were fast to respond and assist.",
R3THFCNU9C3WL2,B0DPKMTFXC,5,,"After my test flight today I must say I find this drone is pretty impressive. I can't speak about range yet since my property is in a subdivision and close to a transmission tower so interference is an issue, but so far I can say this drone handles very well as far as flight characteristics. The build quality is solid and appears very durable. The headlights make a really cool addition. It also has an internal Remote ID transponder for FAA compliance. This is no toy drone. This is a serious aerial photography tool for the money.
Concerning the camera, photos and videos are eye poppingly sharp and detailed but the camera does have some limits. Thin objects like an antenna tower and tree branches loose detail when set before a bright sky (sun not actually in the background but its brightness is). Darker areas lose a bit of detail and appear a tad grainy while the drone is in motion. These are not complaints, just honest observations. I'm not expecting perfection from an 1/3.2 inch CMOS. I am impressed with the image quality overall. As for the stability of the videos, I am REALLY impressed. The breeze was buffeting the drone a bit but the live video feed and recorded video doesn't show it at all. I'd say it's just as good as EIS. This is one amazing gimbal system.
Overall I'm very happy with this drone and hope to take it to some more scenic areas some time during the Spring away from the RF interference I have here. I kept it over my property at the beginner's altitude and didn't test the range. From experience I can say it wouldn't be all that good considering the WIFI congestion in my neighborhood. I'll post an update including photos and video in the future.
To finish up, this is a quality drone that in my opinion is well worth the price, offering durability and functionality rivaling, and actually surpassing, a more expensive drone I purchased and returned do to sub par performance for its price. I definitely recommend it.",
R3BDV39KE0HYM9,B0F6XK911R,5,,"This was a tough purchase for me at first because I already own a Sky Rover X1, which is basically a Mini 4 Pro clone, and I’m very happy with it. But the Mini 5 Pro is on a different level. DJI builds a more polished product. The camera is better, the sensors are better, the obstacle avoidance is better, and the whole system just feels more refined.
I’ve only flown it a few times, thanks to the Pacific Northwest weather, but every flight has been smooth and impressive. It does everything my X1 can do, but with better image quality and more capability overall. The Fly More Combo is absolutely worth it. The three batteries last a long time. While DJI advertises 54 minutes, I was comfortably getting around 45 to maybe 50 minutes.
One thing to keep in mind: this drone sits right at the 250-gram limit. If you add anything to it, you’ll go over. Because of that, I picked up a Remote ID module so I stay compliant. It’s not a downside to the drone itself, just something worth noting for anyone who plans to add accessories.
The RC-2 controller is another highlight. You don’t have to hook up your phone or a tablet, and the built-in display is excellent. It makes setup faster and cleaner. The controller is a little heavy, though, so I recommend getting a lanyard. On longer flights, you can really feel it in your arms.
Overall, this combo is outstanding, and I’m glad I got it when I did.
Pros:
Excellent build quality and very polished
Noticeably better camera quality
Great obstacle avoidance and lighting
Smooth, stable flying even in mixed conditions
Fly More Combo gives you three long-lasting batteries.
RC-2 controller has a bright, built-in screen so no phone is needed
The lanyard option helps with controller weight.
Very quiet for its size
Cons:
Adding any accessory pushes it over 250 grams, which means Remote ID
Controller is a bit heavy without a lanyard
Battery life is a little under the advertised 54 minutes, but still strong
Summary:
An excellent drone with great performance, long battery life, a fantastic controller, and very polished features. I highly recommend it.",
R31X7JURY5SFLO,B0F6XK911R,5,,"A pretty pricey drone but very good drone that makes up for it. The images turn out beautiful after editing. The extra registering for the extra weight when using the extended flight batteries is definitely worth it, as this kit provides enough battery to not worry about battery anymore. I have not rs. into problems of this thing getting affected by winds a lot, so i think the wind resistance for normal use is fine. The med-tele ability is good for people who don’t need to zoom in a lot but just maybe sometimes get a closer view of the subject. The drones pretty portable as you can just stuff all the stuff into the shoulder bag and just go. Some downsides, are that it doesn’t have adjustable aperture and putting on ND filters is a pain. And in special terrain the signal can be lost almost immediately, when i was in the mountains. The screen of the RC-2 is very good, and using it is similar as using a phone but without the hassle of attaching a phone on it. Worth buying it for people who are into drone imaging but not that beginner since a crash can cost 1.2K.",
R2A9WC5XYC0TU4,B0F6XK911R,5,,"Excellent drone and it arrived working as it should. Only downside is for U.S customers like me, the DJI Care refresh (the coverage insurance you could buy directly from DJI) isn’t available in our region; due to ongoing geopolitical issues with DJI’s parent company. However, this is the best drone for quality and size. Highly recommend if you are a person who likes to travel and wants to document your trips in a fuller way. Use the DJI simulator and practice flying you need a few hours of practice before becoming confident. Use YouTube as your learning space to watch videos explaining the drone and its settings. Use the quick shots features they are amazing for beginners to get beautiful drone footage. The controls are very easy to follow. Battery life is around its quoted time of 45minutes to 51 minutes. It’s a high quality portable drone that can be wrapped up and fit in your small backpack. Get the combo plus fly more bundle it’s worth the extra money.",
R3FOW9J1B63X7C,B0F6XK911R,1,,"I purchased the DJI Mini 5 Pro from Amazon and the delivery itself was smooth with no issues. However, things started to go wrong as soon as I opened the box. The packaging looked like it had been resealed, I didn’t see the usual green tab, which made me question whether the unit was truly new.
When I tried charging the batteries, the charging hub behaved oddly. One battery just sat there blinking and wouldn’t charge properly. I had to switch slots multiple times before I finally got all of them to charge. The controller, at least, charged without any issues.
Next came the firmware updates, and that’s where things completely fell apart. The controller took an unusually long time to download the update. When I started updating the drone, it failed at 70% with an error saying the battery was below 20% — even though the battery showed a single LED and, after reinserting it, turned out to be fully charged. I tried again with a different battery, and it failed at 93%. Same issue with the third battery.
I then connected the controller to DJI Assistant 2 and managed to update the controller successfully. But when updating the drone through the software, it repeatedly failed again around 92–93%. I also received a “firmware mismatch” error. I tried multiple cables, rebooted my PC, and repeated the process several times with no success.
At that point, I gave up and initiated a return. What made the situation worse was that Amazon did not offer a replacement option during the return process, something they used to do. Instead, I had to place a completely new order and spend another $1,230 upfront while waiting for the refund.
The replacement order created even more issues. Delivery was pushed to two days, and a signature was required, which didn’t work with my schedule. I ended up canceling that order and buying the same drone locally instead. Within 20 minutes, it was ready for pickup, and that unit worked perfectly. Firmware updated on the first try, and it flew without any problems.
In total, I had to temporarily spend over $2,400 just to end up with a working product. That’s not acceptable. Amazon should have offered a direct replacement without requiring me to front that kind of money again.
I returned the defective drone within 14 hours of receiving it.
Final verdict: The drone itself is great when it works, but this unit was likely defective (or possibly previously opened/returned), and the return/replacement process through Amazon was disappointing. Giving 1 star — half for the defective product, and half for how the situation was handled.",
R20ISW4ZYTFG6T,B0F6XK911R,5,,"I am a first time drone user and my interest is primarily photography and videography.
I have eyed the DJI Mini series for a couple of years as a first foray into Ariel photography and videography.
The upgrades that DJI instituted in the latest version including comprehensive obstacle avoidance and the 1” sensor made me commit to buying one.
As seen from the posted photograph, this is a small drone.
Before it was delivered I used the flight simulator that DJI has in its store app on the iPad.
This helped me gain experience before I even received the drone.
I chose the fly more combo plus with the bigger batteries because with the regular batteries the drone is specified to weigh 249.9 g, which is under the limit to register it. But considering that there is just 0.1g under regulation, tiny variations in production would put it over the top anyway.
The drone with the larger batteries weigh 294g. I registered it with the FAA and took the TRUST test too.
The FAA had this model in their registration process even though DJI can’t sell it directly in the US.
The activation process was an issue primarily because DJI WIFI will not work with secure home networks. So, instead of making my home network insecure by opening it up, I chose to activate it through my cell phone,
That is the only issue I have with DJI drones. I wish they would fix it.
DJI on the other hand has comprehensive information on how to use this drone via it DJI store app.
The RC2 remote with its built in screen and fly more app is superb. It is really well engineered with superb software that lets you know about flying restrictions.
It also can search areas that you want to go to and the regulations there. There’s also reviews by other drone flyers on that location.
My first flight was really easy because of time spent on the simulator.
I did an auto takeoff from the DJI bag and then manually landed primarily because the drone had some issues auto landing on the small DJI bag that came with the drone. This was entirely my fault because I forgot to get the landing pad I purchased separately.
The photographs and videos of the pacific coast were superb and exceeded my expectations.
This drone comes highly recommended, even though at this moment it’s not covered by DJI’s warranty due to ongoing issues with selling directly here.
The only negative is connecting via WiFi is a big issue. I have however been able to use my iPhones cellular connection to activate and upgrade the firmware. However I have not been able to download maps by cellular as yet.
Still comes highly recommended for both the capabilities of the drone and DJI’s comprehensive support system for its users.",
R356SFX9K9NZUN,B0F6XK911R,5,,"Took time given import delays. The seller was patient and responded to communication through the process. I operate enterprise drones as part of my duties and wanted to replace an older personal airframe. The specific aircraft I received was able to register with the FAA.
The M5P is fantastic and handles well in flight. Easy to fly as is the norm with DJI. A little touchy at times compared to larger enterprise drones.
Video and photo quality is superb and the built-in enhanced tracking/follow features are great. You can count and check cows with it.
I purchased the fly more plus bundle, which does activate RID for those of you who fly under Part 107. Weight variance does exist in this model, even with the standard battery which will require registration if over 250g.
Flight time, everyone wants the full advertised time but that is never realistic unless you’re flying indoors with no negative effects to the drone like low temps. I’ve got about 35 minutes on a single battery, but this is also playing it conservatively on energy levels.
Size of your hand folded up and the cases sold for this model are great. I highly recommend getting a hard case in lieu of the soft bag DJI ships with this. All packed up, it can go anywhere.
Landing gear: Definitely have a landing pad or an elevated gear attachment as it sits low on the deck. Any height of grass will get into the props and I’d be weary landing on gravel. The hood of a car works in a pinch.",
R3PLW2KSCRU0JT,B0F6XK911R,5,,"I've had the Phantom 4 Pro, Mavic Pro, Mavic 2 Pro, Mavic 3 Classic, and now the Mini 5 Pro (And I flew Walkera drones before DJI was a thing). I sold the 3 classic earlier this year and have been on the fence for a while regarding the mini 5 pro. The biggest deterrent for me was its wind performance as I like to fly in pre/post-stormy weather occasionally. So knowing this drone wouldn't hold hold up to larger drones in that aspect, the rest looked promising.
First impressions? Pretty blown away. I got the fly more plus cimbo. The video feed to the controller is noticeably better than the Mavic 3 classic or any predecessor. So smooth. The transmission is stronger too. I can fly lower farther, also with noticeably less interference. The speed isnt as fast in sport mode ad me Mavic classic drones but the mini 5 pro is no slouch. For all practical purposes it does the job. It does draw more bird attention than the slightly larger drones which is worth mentioning. I can still outrun them through! The mini 5 pro powers up when you open the legs and powers off when you close them. I thought that was a nice touch. It has the option to override that if you don't want it to power itself up and down on its own. Saves time though and keeps it simple. The vertical shooting and zoom features will get used a lot for sure. The zoom is more impressive than I was expecting, and while not perfect, is smooth and more than useful. I saw a lot of reviews saying this drone is whisper quiet. I don't believe that to be the case. It's maybe slightly quieter than the Mavic series. If you bust out the dB meter you'll probably see a difference but as far as my ears, I can still hear this drone a fair way away. That's no deal breaker but worth noting. It's very light in your hand and hand launching/landing is a breeze. The plus batteries get you close to an hour of flight time which is amazing. I won't need to winder if I need to bring a charger with me. Maybe for the controller if anything. There is no cover for the micro sd card slot, which is nice when loading/offloading your card, but also makes me hesitant to fly it in fog/clouds. If you install the DJI fly app on your phone you can transfer files wirelessly for social media and things like that.
If I had to find a negative about this mini 5 pro? Probably the wind performance, but there has to be a sacrifice somewhere. The amount of time thats an issue for me compared to the ease of transport, deployment, extended battery life, makes the trade off worth it for me. Watch out for big birds and wind. Other than that it's perfect. DJI needs to be careful with the mini 6 pro or they'll for sure cannabalaize their mavic line. Not complaining.
TLDR: If I had a Mavic 2 Pro, Mavic 3 Classic, or Mini 5 Pro offered to me for $1k each I'd take the Mini 5 Pro.",
RUFXV5UD1LG4,B0F6XK911R,5,,Great drone for the price. This is the best mini drone on the market.,
R1KMP92N0DNED0,B0F6XK911R,5,,"初代のMavic MINIから代々買い換えてきています。
今回のモデルは、もうこれ以上ないと思えるほどに（まだ進化しそうですが）前作のMini 4 Proよりもアップグレードされています。
機体の色もこれまでの同シリーズよりも少し濃いめになって、やや高級感を出してきているような？性能が上がった自信の表れのようにも感じます。
ついにセンサーが１インチになって更にハッキリときれいで明るい映像、画像に感じます。
ジンバル回転がトレンド？でしょうか。
飛行させながら180°回転させたり、反対方向に45°回転させた絵が撮れます。
いま、ジンバル回転機能でこのような絵が撮れるのはMavic 4 Proと、このMini 5 Proだけです。（Mavic 4 Proは360°回転できますが）
耐風性能が一気に上がってMavic 4 Proと同等（12 m/s）になりました。（この軽さでよくもまぁ）
全方位障害物検知センサーは当たり前に備えてるし、今回は「LiDAR」まで付いて、性能はもうミドルクラス並みかそれ以上かと思うほど。価格だけがMINIな感じです。
購入する場合、性能的には「Air 3S」が比較対象になるほどまで進化しています。
Air 3Sにするかどうかは、値段次第。
プロペラの音は前より抑えられているような気がします。",
R1ZVKE4I1NSOO9,B0F6XK911R,5,,"تم توصيلها ولكن يجب عمل تصريح لها وفسح جمركي من هئية الطيران المدني لخروجها من الجمارك
مميزاتها
البعد بين الريموت والطائره اكثر من قبل
حساسات ليزر للعوائق الليله
بطاريه بلس ٥٢ دقيقه لكن يمكن ان تكمل نصف ساعة في الظروف الجويه
المراوحه سهله الفك والتركيب مثل المافك
ملحوظه يجب عمل تحديث قبل الطيران لعدم وقوع خلل ولكن يجب شحن البطاريات اولا
أعجبتني شكرا امازون لتوفيرها",
R2HQI4JBN7W84S,B0F6XK911R,5,,"Almost a half hour of flight per battery! Awesome range, no need to fly with my phone! Flies well in a stiff wind and the sensors are a jump better than all but the top tier DJI offers",
RGFKDVA2Q3CP4,B0F6XK911R,5,,"Excelente drone, tomas en slowmo, hyperlapse. Sus filtros y duración de batería es de lo mejor.",
RO5VKDDWR0P6P,B0F6XK911R,5,,Bu mudur derseniz. Evet budur. Çook tatlı bir makina.,
R988DI2164LKL,B0FC5RTNX7,5.0,Best Beginner Drone – No Phone Needed!,"I've been looking for a good drone that wasn't going to deplete my savings account. This Contixo F23 was the one for me!
The very first thing that caught my eye was the built-in 4.5"" screen on the remote.
I didn't want to deal with having to worry about having my phone fully charged, and also the drone... this allows me to just focus on learning how to fly without the hassle. Plus the screen is really bright, so I dont have to struggle with finding a shaded area or none of that.
The live feed is clear and connects instantly, making the setup process much faster than other drones I’ve used.
The GPS and optical flow stabilization make this drone incredibly steady in the air. Even as a beginner, I felt confident using the One-Key Takeoff and the Auto-Return Home feature, which works perfectly if the battery gets low.

It comes with 2 batteries, which gives me about 40-45 minutes of fly time. Its perfect as want to disconnect and just get some fresh air. I also really appreciated the 16GB memory card it came with, the kit was designed to fly within minutes of arrival which is great.

Overall, I think this is the perfect drone for a teen or a hobbyist, this is an excellent value. Highly recommended!","Reviewed in the United States on July 9, 2026"
R56I7XC6PWQAD,B0FC5RTNX7,1.0,Not worth it,"Unstable to take videos and the resolution is really bad. Also, battery don’t last as long as advertised and take long to charge. It is good for beginners but I think it is priced too high for beginners. This is as good as the ones sold less thank $100.","Reviewed in the United States on July 3, 2026"
R92OUXV09UL1T,B0FC5RTNX7,5.0,Drone for Newbies!,"The video showcases the product in use.The video guides you through product setup.The video compares multiple products.The video shows the product being unpacked.
Video Player is loading.
Click to play video
Play
Mute
Current Time 0:00
/
Duration 0:20
Loaded: 15.01%
0:00
Stream Type LIVE
Seek to live, currently behind liveLIVE
Remaining Time -0:20
 
1x
Playback Rate
Chapters
Chapters
Descriptions
descriptions off, selected
Captions
Captions off, selected
English
Audio Track
default, selected
Fullscreen
This is a modal window.
From the box to the skies in minutes! With no previous drone piloting experience, this turned out to be a fun and intuitive experience for us. Setup was a breeze... fully charge the batteries and controller, remove the drone, deploy the collapsible propeller arms, set it on a flat surface, hold down the power button until the drone comes alive with beeps and flashing lights, power up the controller, and wait for the drone to establish a connection with the controller. Press the lift-off button - you'll hear an ""all clear"" warning and the blades begin rotation; press it again, and the drone leaps into the air! Initially, we started with very subtle, gentle commands to orient ourselves with the control sensitivity... up, down, rotate direction, forward/reverse, and left and right. As new pilots, we did have a few unexpected entanglements with our trees and some plants... however, even with a few tumbles, the sturdy design, as well as the flexible and non-rigid prop connections, did just fine and were not damaged. Our drone was airborne for a good 20 minutes while we worked out our new flying skills without any noticeable dip in available battery power. We managed to record a few minutes of one of our flights and the resolution and color were way beyond our expectations. Next, we want to explore more of the included features... this little drone packs a punch with advanced features and is easy enough for a complete novice to use.","Reviewed in the United States on July 22, 2026"
R3U1POWSMN3MDI,B0FC5RTNX7,2.0,Disappointed in purchase!,"The drone flew 3 times total. The drone worked fine the first two flights. The second flight was in town and had slight winds. The gps worked great. The third and final flight was in open country outside of twin falls Idaho. No wind whatsoever. The drone took off, flew for about 2 minutes. I pushed the return home button. The drone went up, flew backwards and flew out of sight never to return. We spent over 4 hours trying to find the drone doing grid searches over several acres and never found it. The connection on the remote was lost so location availability was not available. The remote, drone and batteries were good quality.","Reviewed in the United States on June 30, 2026"
R1LB8XEFGCMXSD,B0FC5RTNX7,4.0,Great for a newbie,I bought this primarily to view my 40 acres from above. For the price point it has a lot of features. The only negative I’ve experienced is the lag time to see the screen during flight. I’m still learning how to use all the features but I think it will be great for my purposes.,"Reviewed in the United States on March 29, 2026"
R3LG5IJ6Z2GCQQ,B0FC5RTNX7,1.0,F23 GPS CONTIXO DRONE,I had to finally send it back. I texted their service center. Never got a reply. I would be flying this thing and it would all of a sudden drop out of the sky. It is very hard to find the app did not work.,"Reviewed in the United States on July 19, 2026"
R3EXA66JWRM93B,B0FC5RTNX7,5.0,Cool features for outdoor fun,"New to using drones and we tried a Temu one first so if we lost it or crashed it we wouldn’t be too upset. So far this one has been easy to use. My son likes the follow me and waypoint features, for hikes and other fun outdoor hobbies. It’s lightweight and comes with extra blades and an extra battery which is great. The remote control screen is quite large and we appreciate how easy that makes controlling it. We are happy with the camera quality and images are clear.","Reviewed in the United States on July 19, 2026"
R2F58E06G9VAHH,B0FC5RTNX7,5.0,Great quality! Excellent price!,So much fun! Great quality camera. Durable. Powerful battery. Easy to maneuver and control (after a bit of practice). 😎 excellent camera and video quality.,"Reviewed in the United States on July 20, 2026"
RTW0YUAAIV8LN,B0FR42M9TC,5.0,Easy to fly,"This is a quality drone. Easy to operate right out of the box. I have wanted one for years. I didn't know if I could fly it without crashing. It turns out, I can fly it is easy","Reviewed in the United States on April 4, 2026"
R2T2939960JMOG,B0FR42M9TC,5.0,Best equipment ever,This is the first time ever flying a drone I couldn't be more happier and proud to use and to promote your product to anyone thank you,"Reviewed in the United States on April 3, 2026"
RV9TYUVG3X0NH,B0FR42M9TC,1.0,White label junk Drone,This is a junk. It is not stable in the air. Cheap product for high price.,"Reviewed in the United States on April 13, 2026"
R3ROC87XWAVFIF,B0FR42M9TC,5.0,Work s great,Great flying drone,"Reviewed in the United States on March 23, 2026"
R3LHMTEGFHHYF6,B0FR42M9TC,3.0,RC controller bad battery?,RC controller not keeping charge. I charge it up fully and when I go to fly drone the battery is dead.,"Reviewed in the United States on July 11, 2026"
R3QYJGBTTTJVH3,B0FR42M9TC,5.0,Extra batteries are expensive,The drone was very easy to set up and start flying. Once I got in the air it took me a few minutes to get the feel of the controls. Obstacle course avoidance works very well and the Latch and Return is a great help for my first time buying one. I didn't check but make sure if you are going to purchase buy the extra 2 battery pack because they are very expensive.,"Reviewed in the United States on June 2, 2026"
R2MYSMZUB21L74,B0FR42M9TC,5.0,Contixo F33 Drone – Excellent Flight Time and Outstanding Customer Support,"I have a lot of drones—most of them are small FPV drones, but I also own a few larger camera drones. This one has become my number two favorite. My number one is still my DJI Mini 4K, mainly because the video quality is just better. Both shoot 4K, but you can tell DJI is a camera company at heart.

Where the Contixo F33 really shines is flight time. My Mini 4K starts giving me range anxiety after about 20–25 minutes, even with multiple batteries. The F33, on the other hand, can stay up much longer, which makes it the drone I reach for when I want a longer, more relaxed flight session.

The camera quality is still good—definitely better than most of the other 4K drones I own—it’s just not quite on the same level as DJI. Still, for general aerial video and photos it performs very well.

I did have a small issue early on while flying at my in-laws’ house where the drone completely lost signal, and I had to go retrieve it. I opened a support ticket with Contixo, and a few days later they contacted me and had me send the drone back for inspection. They ended up sending me an entire replacement drone, which I was very impressed by.

Even more surprising, I had accidentally left my Samsung 256GB microSD card in the drone I returned. The support rep actually reached out to tell me she found the card and mailed it back to me, which was honestly above and beyond. You don’t see customer service like that very often anymore. They even included spare propellers with the replacement.

Since receiving the replacement drone, the range has been excellent and I haven’t had any further issues. It’s also fairly quick—around 23 mph, which is plenty for a camera drone. Obviously it’s not something you’d race, but it moves along nicely.

The obstacle avoidance works well too, which is reassuring when those tree branches seem to come out of nowhere. It does a good job warning you and preventing accidents.

Overall, I’m very impressed with both the drone and the company. The flight time is fantastic, performance is solid, and their customer service was genuinely outstanding. Hats off to Ria and the team.","Reviewed in the United States on March 16, 2026"
R3GJBZVX6718MS,B0FR42M9TC,5.0,F33 Contixo,"The Contixo F33 Drone is a solid beginner-friendly drone for getting wildlife footage, especially if you want something easy to launch and fly without jumping into the price range of higher-end rigs. Wildlife footage can turn out surprisingly good with the stabilized video and wide aerial perspective.","Reviewed in the United States on May 12, 2026"
R2XFJANAYEPRK7,B0C5T7SZQZ,5.0,Good drone,"The video showcases the product in use.The video guides you through product setup.The video compares multiple products.The video shows the product being unpacked.
Video Player is loading.
Click to play video
Play
Mute
Current Time 0:00
/
Duration 0:31
Loaded: 9.69%
0:00
Stream Type LIVE
Seek to live, currently behind liveLIVE
Remaining Time -0:31
 
1x
Playback Rate
Chapters
Chapters
Descriptions
descriptions off, selected
Captions
Captions off, selected
English
Audio Track
default, selected
Fullscreen
This is a modal window.
The contixo f28 drone takes really nice pictures but the video quality isn't the best. The video quality has jitters in the video,BUT you can still make out the images in any video that you might record. So with that being said,the f28 is a good buy for yur money if you're now starting out and want to get some experience in flying a drone.","Reviewed in the United States on July 6, 2026"
R3OL29UG7EH2HY,B0C5T7SZQZ,5.0,Great value,Great work lovely,"Reviewed in the United States on March 20, 2026"
RTT5AD0VU5K90,B0C5T7SZQZ,1.0,"Lost connection completly after 100 feet (says it can reach 3,200 feet)","Calibrated multiple times still was not stable, says can reach 3000 feet distance I lost connection with it in less than 100 feet and after that it lost video and took off across the lake and crashed completly destroyed. Controls are not difficult but the connection is terrible if you are within 5 to 10 feet it works just fine but as soon as you start to get to 25 feet and up connection gets worse and as I said earlier past 100 feet it just took off with no connection. Positive the GPS of the crash site works found it fairly easily. Would not reccomend especially not to beginners.","Reviewed in the United States on May 31, 2026"
RMMP2ZD37N5H7,B0C5T7SZQZ,3.0,Que no vuela bien,No vuela bien cada vez que lo vuelo se va lejos de me e se mueve mucho solito.,"Reviewed in the United States on July 2, 2026"
R24984WUE7WRGX,B0C5T7SZQZ,5.0,Práctico para utilizar,"Llegó a Perú en 5 días desde la compra.
Buen producto para principiantes. Llegó con las dos baterías, cable para cargar. El cargador puede ser de un celular con USB. Manu de instrucciones es claro y simple. La batería recomendo utilizar en una sola vez por uso. Si se usa parcialmente y después de utiliza de nuevo, tiene vida más corta. Contento con el producto. La función de seguimiento para cuando entró al mar es genial. 👍","Reviewed in the United States on March 3, 2026"
R1CG9UKIY7JV0Q,B0C5T7SZQZ,5.0,My F28 drone opinions,"I settled on a GPS equipped drone. Obstacle avoidance was desired, but overlooked.
The F28 found obstacles, but survived.
I desired a great deal for cheap.
I received a beginner's drone.
I have very causiously increased use.
I am made experimental flights.
I tested my beliefs of the F28 drone's abilities.
The F28 drone took pics and videos.
The F28 drone has a few flight features, which require effective understanding, & safe use & mode exit
Buying this drone became a training experience, so that a later $500 - $1000 USD drone purchase can be made, only if the experience of use encouraged more flight time.
This drone will be, for me, an infrequent flight & usage experience currently.
I bought the F28 while in USA, where rapid, & reliable shipment was possible.
The drone exceeds the mini drone limit, so is less desirable in USA. I am flying in Mexico, where every rule is broken, by all, daily.
I think a cheaper mini training drone might be a better option for someone expecting to later buy an expensive drone for USA usage. I did & do enjoy this drone.
Fly within a large open area, within view, and avoid obstacles & people.","Reviewed in the United States on March 18, 2024"
R3F6CDQ9CGMZNT,B0C5T7SZQZ,2.0,Was Sent a Used Item,"I haven't tried to use the drone yet, but it was clearly used. There were scratches on it out of the box","Reviewed in the United States on January 11, 2026"
R10HMN3CF1EUTJ,B0C5T7SZQZ,5.0,well made,well made drone. no plastic junk,"Reviewed in the United States on December 15, 2025"
R3HA203X8LP0Z,B0CD1YVBB3,5.0,Performs as Advertised,Performs as advertised. I use it to pick up sticks out of my yard with a DJI Mavic. Great fun.,"Reviewed in the United States on February 16, 2025"
R3AU809TAJ3NUG,B0CD1YVBB3,5.0,fun to play with,Fun to drop bottles of water to my workers.,"Reviewed in the United States on March 18, 2025"
RYY53E1SJHIQ5,B0CD1YVBB3,4.0,The first one of its kind,"This claw is the first one of its kind that I have found!
I want to start out by saying the build of the claw is very good and well made. Like the other drop systems this claw uses a 2 button remote. It is also set up with a stepper motor with a screw for opening and closing the claw. This gives control on how much you open or close it.
The claw itself is larger and you will have to turn off the downward obstacle avoidance. Also while landing you will need a forward motion to avoid pressing up into the drone and offsetting it. It comes with a connected nylon cord to attach to the drone.
The good things:
Stepper motor is very strong and able to hold anything I have picked up with it.
Build quality is very good.
Remote uses a 9V battery and claw uses a rechargeable micro usb.
Things I would change:
I would change the frequency of the remote to 900 MHz to get a better distance.
I would offer an optional winch also controlled by the controller for lowering and raising the claw.
Is this worth the money?
If you are just going to use this to drop things then there are cheaper options out there. The nice thing with this is if you have something that needs to be recovered you can lower the drone over top it and pick it up.
The one main bad thing is the claw needs to be attached a fixed distance from the drone. So if you hang it to low the claw and its cargo swings around allot while you are flying. If you make the cable to short then you are risking the drone when lowering on top of what you are picking up. If you had a remote controlled winch you could lower the claw to pick up the cargo and raise it back up near the drone for a more stable flight.
Also the distance of the remote is very limiting. Don’t get me wrong it is useable up to about 300 feet but I think by switching to 900MHZ you should be able to get around 1000 feet with direct line of sight.
The shipment came directly from China and it took just about 2 weeks.

All and all it was pretty much what I expected, and if they come up with a remote controlled winch and a 4 button controller to use with this I would probably buy it.","Reviewed in the United States on August 30, 2023"
R2SAN6V177JIML,B0CD1YVBB3,1.0,Sent a defective part,"This device had one claw part detached with no way to put it back into place, and the remote did not work. It looked like a cheap, 3D-printed device. In addition, the company rejected my return. Amazon customer service was incredibly helpful in getting this sorted out and making sure I would not be recharged my refund amount.","Reviewed in the United States on May 15, 2024"
RJ280HHA4I7S6,B0CBLQDJ98,5.0,I love this Drone,"This is my first drone. I had $250 worth of Amazon gift cards that I had collected from Christmas and my 55th birthday and didn't need any golf stuff so i decided to look at drones. After 2 weeks of looking and reading reviews and watching a few videos, I decided to go with the Atom SE. It's a great drone. Very stable. Watch the many Youtube reviews of this drone and they are nothing but positive. I've had the drone for 3 weekends now and have flown it on 3 separate days. I had read the manual and watched a few tutorial videos before I flew it the first time. I flew it behind and over my house a few hundred feet above and beyond the house. It went perfect. Very easy to control and learn. The remote is awesome. I have a Pixel 7 Pro and it fits nice and snug even with a case on it. The batteries last quite a while, about 25 minutes on average. Today was the warmest day (45F) that I've flown it and the first time that the battery was warm enough to let me go into sport mode. Lots of fun flying around at 35 mph. The videos and pictures that I've captured thus far look a little bit better than the ones attached to Amazon reviews.

I did have a close call today. My oldest son and his fiance were visiting and I was showing my son the drone controls while it was hovering about 50 feet off of the ground. My controller started flashing warnings about losing signal and then the drone started doing a death spiral shortly after that. It started moving towards the ground in a spiral fashion and I got control of it with an emergency stop when it was about two feet off the ground. It was then that I remembered the iPhone warnings that I had heard about in the reviews. They say to put iPhones in airplane mode when flying the drone due to interference. My son had his iPhone in his pocket while I was showing him the controls. I had him place it in airplane mode after that and started the drone back up and flew it for about 15 minutes without issue.

Originally I purchased the 2 battery combo package but have since purchased the 3 battery charger with 1 additional battery. It's a great charger, easy to use and, fits nicely in the case. Speaking of the case, it's really nice and fits everything perfectly.

Overall, I think this is a great drone for the money. I have no regrets in purchasing it. My drone weighs in at 248 grams with the battery in it according to my weight watchers scale. If you're in the US don't forget to do your TRUST training. I did mine through the Pilot Institute website and it was very easy to complete.","Reviewed in the United States on February 3, 2024"
R2FPXVGWH9CYTB,B0CBLQDJ98,5.0,Atom SE Great little drone....,"An update to this review concerning Potensic Support. As with any product new to the market I have experienced a few bugs with the Atom SE. The Potensic support team has worked with me on each of these issues and there have been a few firmware updates that greatly improve it's operation. Many of these have been at the suggestion of Atom SE owners. They listen to and welcome our input to improve their product. Most recently the onboard compass has apparently failed and my Atom crashed pretty hard. Support sent instructiions I followed but to no avail. Potensic has apologized for any inconvience and is replacing the drone under warranty. As I said at the end of my initial review the Potensic Support team is quite simply the BEST support staff I have dealt with in over thirty years. They stand behind their products and work with customers to keep us satisfied and flying. Thank you Potensic, you folks are great!!
I received my new Atom SE on Wednesday the weather was very overcast so I was only about to charge and start everything. Location, firmware update and time to fly. I am not easily impressed, but the short version of what I think of this drone, WOW! This drone flies amazingly well for one in this price range. Control inputs are instant, crisp, and very sensitive and took a bit of getting used to. Just basic maneuvers on the first day and it performs all of them extremely well.
The weather finally broke today (Sunday 1/15/22) and it was off to the park to put it through it's paces. Temperature was around 35 degrees F and brisk winds (Ground level 8-16 MPH) at around 80 ft. altitude wind gusted up to 32 MPH. It handles the wind better than I expected, it holds position and is stable except in the strong gusts. Even then it does move maybe 10 ft. when the gust stops it recovers right back to steady hover. Despite the cold and wind the battery life is almost dead on the rated flight time. I got 28 minutes of flying on the first battery with 10% left, the wind had increased a fair bit so the second battery flight time was 24 minutes with 10% left and considering how it fought the wind so well I am very, very pleased with flight time. Was great fun, but with a couple of extra batteries it will be a blast (sorry wallet).
Time to test the autonomous features. First the follow mode and it certainly does so. No matter the direction or number of direction changes it follows and keeps me in the frame. Circle mode is flawless and smooth (as my grampa used to say it's as smooth as the south end of a north bound baby). Waypoint mode again flawless, flies to each point smoothly and turns the corners crisply.
The best part of this little gem is the camera, it is amazing. It will record video at 4K 30FPS, 2.7K 30FPS, 1080P and 270P. The EIS gives you a very smooth video. The photos, well you can almost count the leaves on the trees and the colors are vibrant and sharp. A three axis gimbal and some more camera settings I think would give DJI Mini 2 a run for it's money.
In conclusion I am extremely happy with my Atom SE and highly recommend it especially for those who can't afford the likes of DJI or Autel. This is a very reasonably priced beginner to intermediate drone. I would love to see a three axis gimbal for even smoother and quality videos. Not to mention this is not my first Potensic drone and their support team is heads and shoulders above the norm, they are polite, prompt and most helpful. I give this drone five gold stars!","Reviewed in the United States on January 16, 2023"
R44VYHP1DJAEA,B0CBLQDJ98,5.0,Atom SE Amazing!!!,"Atom SE-This drone is my first one. If you can follow instructions this is an amazing and user friendly. Easy setup and not as fragile as I thought it would be. We live in old growth forest so the tree thing always steered me away from a drone. This drone I can take it up to 200ft over the trees and scan our property and zip around all of it from one spot. I now share the sunset with the wife which is pretty cool. I’ve had it for three days and crashed a few times. No problems with the drone, it’s pretty tough little guy. Camera is very clear, I recommend this drone for anyone.","Reviewed in the United States on June 29, 2026"
R21YFYZA8PXM38,B0CBLQDJ98,4.0,"Awesome drone! But no ""standard"" zoom feature on the camera","So far, so good. Flys pretty good, can go pretty fast...and is super stable, for videos and all. and it doesn't appear to lag at all, which is great💯. 2 issues I do have, 1 in particular to my drone. And the other, for the Atom SE drone in general. For other buyers, and the drone in general, there no zoom feature. No ""standard"" zoom at least. Which you figure most all cameras come with. And a key feature I like and need. But you can adjust the frame speed, and kind of get a closer shot...nit the same, or near as good, as being able to zoom, IMO. But as good as this drone is, still worth it, again, IMO. But as for my drone in particular, My front, right motor, has a very distinct clicking, kind of ratcheting sound/feel when slowly spinning, testing and checking the propellers and motors. But if I twirl it fast, it gets smooth. And obviously seems to fly well. I don't think there is an issue with it. But I learned the hard way, to speak up. When you buy expensive equipment, tools, tech and gadgets...a little problem at the start, can turn big, if not catastrophic. If not caught, brought up and addressed, fixed, replaced, made right... especially again, when such matters concern any significant amount of $. At least we can only hope😌💯.","Reviewed in the United States on September 7, 2025"
R3IVD06K2OXWC5,B0CBLQDJ98,5.0,The Great Thing About This Drone Is It's Amazing and the Company and the People who Stand Behind It,"This drone is a great beginner or veteran drone that has most of the bells and whistles of very high priced drones. I selected it because I travel often and I like to travel light. This drone has amazed me at this price point with all of the features and reliability that it provides at the price point. My only desire was that perhaps I should have waited for the gimbal version, but then again I like the look of flying by the seat of your pants and this drone delivers.
It's a long story but I bought my initial drone and due to circumstances beyond my control it was lost and never to be found. I reached out to Protensic support who were very happy to discuss the matter with me and to work with me. I provided all of my data to them from the drone flight in which it was forever lost and they dove into it and found a way to make an improvement based on my data and in so doing offered to replace the drone for me as an act of appreciation for helping to improve the drone performance and control. In exchange of gratefulness I also provided them with a huge list of improvements, inventions, applications and ideas and concepts for future drone projects. We were all well pleased and they sent me my replacement drone as a courtesy. Last week I flew out to Utah for a week and I took it with me and I was able to fly and record in 4K such stunning scenery as lakes, rivers, mountains, meadows and even Bridal Veil Waterfall in Provo County. What a hoot! I advise to definitely keep it on training mode for a while to get very comfortable with it and be sure to try to keep it in site and to also keep an eye on the messaging on the phone screen. I had one instance in a highly magnetic area where I called the drone back to land at the starting point but in its journey back at 300 feet I received a notice that it was landing at a different point than the take off point. I was very concerned because of the huge lake and some other things in the area (I.E. a bridge and highway in the distance) but it all worked out well because I saw the message warning me and I was able to watch closely the screen the height, the heading, etc. and I was able to guide it in the final part of the return flight. This was an anomaly in an highly magnetic area but the warning gave me the heads up that I needed.
The person who worked with me in Customer Service was a jewel of a person who was kind, considerate, appreciative and was working in my best interest as well as the company. Its a rare thing to find these days in a company who will stand by their product. The drone is awesome and the company is awesome. I have zero regrets. I did learn to also write my name and phone number on my drone with a permanent marker, to put an extra air tag on it and to absolutely make sure I have sufficient satellites and that I let it hover on take off to fully announce that home base is locked into the auto return system.
I am one happy drone operator and I love that this one by weight requires no licensing. I may bump up the the gimbal control model but then again I can edit in my software to remove anything I want such as a crooked horizon. I also bought a take off landing pad, and a Mregh Solar Power Bank to recharge the batteries and controller on the go as well as extra memory cards.
The memory card purchase was a bit dicey for me as I don't know that much about memory cards and there are a ton of versions and specs, but you can just go by the basic specs and see what others have purchased or call and ask the company if more detail is needed. They love to hear from their clients.
Oh one thing more that I loved was that I had the very same tech support person via email the entire process of losing my first drone, sharing data, getting a review, getting a decision, receiving and setting up new drone. Same person, same great help. That's just cool. Oh I got a 8TB hard drive also because I love filming in 4K and it takes a good bit of data storage. As well a new laptop to remove files from my memory card while in the field.","Reviewed in the United States on October 4, 2023"
R2YSWMAZKJYT3E,B0CBLQDJ98,5.0,Good deal for the price!$f,"Ok, so overall, for the price, I was impressed. Definitely a decent deal. That been said, let's get some things straight. First off, the range, which was my biggest concern, due to what I intended to use the drone for. The listing claims up to 13,000 ft range. While the drone may physically be capable of that, I would much more have appreciate that ŕthe seller clarifying the fact that without modifying or otherwise amplifying the controller's signal strength, realistically its closer to 1,200-1,500 ft with average obstructions (trees, buildings, etc.) And my highest observed range, with basically no obstructions, standing on a second floor balcony of a hotel, I think I saw close to 2,000 ft. Mind you I'm referring to distance from the controller at an average of 130 ft in height. And while it also claims the ability of very high heights, I have not exceeded the regulated 394 ft, in the interest of aerial safety. My other complaint, if you want to call it that, I'd say more of a ""con"", is build quality. I immediately had to have a new one sent because first flight I hit a neighbor's tree (not the drone's fault but mine for being high) and it completely disabled the camera. Without any argument, I received a replacement (not mentioning the whole tree or high parts, of course). Since then I've had no other incidents. The drone itself is still in good condition after over a month of having it. The controller on the other hand is now damaged. One antenna is cracked near the base, which doesn't appear to affect the performance at all but is a concern that it will eventually break off completely. And almost immediately, one of the screw-on joysticks broke off. Both of these things just seemed to happen easily while the controller was just sitting in the cab of my truck. In their defense, I'm not always careful with things and live a quite ""rough"" lifestyle, so it was likely my own fault, which is why I'm not deducting anything from my rating for that. The only other thing I find a bit inconvenient is the camera not having any sort of zoom. Not even digital. Just nothing. One fixed distance. Despite being able to pan anywhere between straight out ahead and straight down. I just have to come down a bit to see things in more detail. The picture is pretty good otherwise. So I'm giving it 5 stars because as I said, overall it's a decent deal. The thing is easy to fly and performs very well. All of the features that I have tried seem to work as stated. Battery life isn't too bad. I observe an average of 15 to 25 minutes per battery, which is pretty good compared to other drones I've had (that were all in this price range). Definitely recommend to anyone looking for a decent drone in this price range!","Reviewed in the United States on June 4, 2026"
R2Z5D83NA72N17,B0CBLQDJ98,5.0,Awesome drone,This drone is an awesome budget friendly drone. Easy to use with great picture quality. The range is good and the battery last a good amount of time. Customer service is great shall you have any issues at all!,"Reviewed in the United States on July 8, 2026"
R1CIMJ6EQME5GG,B0CBLQDJ98,1.0,Some thoughts and a warning about refunds for this item.,"Warning, When you buy this you are not warned that this is under a new return policy if you should chose to return it. They will hold your money for up to thirty days or until they decide to take it off the container it is placed in when it hits their dock. This is not covered under their return when it is picked up by the carrier policy of pretty much everything else. They are apparently putting many items if not all over $100 or so ( I don't know the actual amount, they would not tell me) under this new wait for your money back policy.

The drone was good in the wind and even for most of its flight characteristics. The GPS functions and such are all pretty nice for a basic set.This drone is ok for the price if you are aware of the limitations of the camera system and some issues with phones and DJI mics effecting the range of the drone. Not using that mic and switching your phone into airplane mode can help. More below.

It can provide good pictures, if you have enough light and are willing to post process them to get the horizon back to level. There are only two directions you are getting a level horizon, straight into or out of the wind or breeze. That is the main drawback of the 2 axis gimbal. If you are okay with sideways pics your are good to go unless you run into the cameras other big issue, low light or high contrast will effect what I think is the electronic stabilization in a bad way. The picture may look good until you look at detail, then where you have contrast you may have a good view of the top of a building but a side in the shadows is blurred clear out and in such contrast to the clear parts the picture looks like a photoshop workup.

I had to re-calibrate the compass on every battery even from the same spot. If you do not calibrate it then this drone will start doing the toilet bowl self destruct procedure. For you new dronies that means the drone will start looping in an ever increasing circle wider and faster until it loses control and crashes into something and essentially self destructs.

The manual claims you only have to calibrate the compass once or if you move to another location about 50KM away from the last calibration point. This is something you should only have to do with a sub $50 drone in the first place but this one was requiring it every new flight after the first day..

I was having some interference lines go through the video at just 50 feet on a few occasions, they were becoming more common by 800ft. This was out in the country not anywhere near anything that should cause interference.

It is well known now this thing does not get along well with your phones that are required for video. The range and video transmission can be destroyed by using a specific DJI mic near you when flying, This has effected many social media reviewers and some don't yet know this is causing their distance issues. Another thing that will help is only flying in airplane mode on your phone.

I would love to try the new 3 Axis version of the Atom but it was not available on here when I ordered a mini 3 instead and now that it in stock is my money is still being held hostage so its not likely to happen any time soon. Since I bought the DJI mini3 in the mean time I am finding out they are not near as good at meeting their posted specs either but I would love to try the Atom 3X for a head to head vs the Mini 3 vs the value.","Reviewed in the United States on October 13, 2023"
R1KUW985LRVIXR,B0F6Y9PB64,5.0,Nice drone,"I recently tried out this GPS drone with a 4K camera, and it delivers impressive performance for the price. The GPS positioning is accurate and stable, making takeoffs, landings, and hovering incredibly smooth—even in light wind. It gives you a lot of confidence as a pilot, whether you’re a beginner or more experienced.

The drone folds compactly, making it easy to pack for travel, and the controls are intuitive. Overall, if you’re looking for a feature-rich, easy-to-fly drone with genuinely good 4K video quality, this one is a strong choice.","Reviewed in the United States on November 29, 2025"
R30GV3350VUXBY,B0F6Y9PB64,5.0,"Sturdy, reliable and easy to set up","I was a little nervous to try it at first since I don’t have a ton of drone experience, but it turned out to be super easy to set up and get in the air. The controls are really intuitive, and it flies so smoothly — even when there’s a bit of wind. I love that it has obstacle avoidance, so I don’t have to stress about bumping into things while I’m learning. The camera takes clear, impressive shots, and seeing everything from above is such a cool perspective. It also folds up neatly into its case, which makes it easy to pack for trips. The battery reminders are helpful too, and the altitude hold keeps it steady when I’m focused on taking photos or videos. I’ve even done a few flips and rolls just for fun — it handles them like a champ! Overall, it’s a sturdy, reliable, and really enjoyable drone that’s great for both beginners and anyone who just wants a smooth, stress-free flying experience.","Reviewed in the United States on October 26, 2025"
R3B5JFYL8GLEQ,B0F6Y9PB64,1.0,Junk,"Seemed good on the first flight. Second flight it took off into the trees with no response from remote commands. It crashed and ejected the battery, obstacle detection unit and broke one of the arms off. Not something I would expect for $100.","Reviewed in the United States on May 26, 2026"
R1VYZY2QTEIUM7,B0F6Y9PB64,5.0,Adequate drone good value for money,This drone worked as described and the battery life was good. The camera resolution was great. I liked the 4.5” LCD which was clear enough and helpful. Fun to use!,"Reviewed in the United States on July 20, 2026"
R2PEOHZ999YK88,B0F6Y9PB64,4.0,Great starter drone,Good starter drone this was my first and it helped me very much learn how to fly and maneuver my drone.. did not use the features much because I got it stuck on the roof.. but after getting stuck and knocking it off it still worked after sum minor tweaking lol but I almost purchased it again I loved it so much. The camera is decent but there is a slight wave across the screen as the drone moves only reason I gave it 4 stars. I do recommend for a starter but now I have a dji mini 4 thanks to this guy,"Reviewed in the United States on June 29, 2026"
R2AM7C447V2N68,B0F6Y9PB64,5.0,Love it 👍,"This 4.5” screen remote control drone is amazing. Just what I wanted because it doesn’t require an app to be installed on your phone to fly it. Just start, connect and fly. Comes with 4GB SD card to store pictures and videos and I love that feature. You can upgrade the SD card for more storage. Battery life is also good so far. It comes with only one battery and I wish it would be 2 batteries. Price is also reasonable and can be a good holiday gift for drone lovers. It has a very good stability and very straightforward instructions to fly . So far so good and I am happy with it.","Reviewed in the United States on December 1, 2025"
R1ULCHJVJ7TTQS,B0F6Y9PB64,5.0,Fun with roadtrip,"I brought this 4K drone on a road trip just to have some fun with my family, and it turned out to be super easy to set up—nothing complicated at all.

Once we started using it, it worked really well and was smooth to fly. It even has lights on it, so when it got dark, it looked really beautiful in the sky.

Honestly, it made the trip even more fun.","Reviewed in the United States on June 22, 2026"
R1IQUFV170BRZC,B0F6Y9PB64,5.0,but he even told me it’s the best drone he has ever used,"I gifted this drone to my friend’s son in Las Vegas, who is in high school. He absolutely loves it and can't put it down. My friend has thanked me multiple times, saying it’s truly the best gift ever—it's so easy to fly and takes incredibly clear photos and videos. but he even told me it’s the best drone he has ever used.","Reviewed in the United States on July 8, 2026"
RALUOCU3IRV8U,B0D2B25YQQ,5.0,Great little drone! Totally worth it!!,"I wasn’t sure what to expect at this price, but this drone really surprised me. It’s easy to fly, super stable, and the camera quality is great - the 4K video looks clear and smooth. I love that it folds up nicely and comes with two batteries so I can fly longer. Setup was quick, and the controls are simple even for beginners like me. The WiFi connection worked perfectly, and it’s been a lot of fun using the voice control and gesture photo features. Overall, a solid drone for anyone who just wants to enjoy flying without spending a ton. Definitely a 5-star buy!","Reviewed in the United States on November 22, 2025"
R1DWQ16T5GKLEV,B0D2B25YQQ,5.0,Best Beginner Drone I’ve Tried So Far,"I’ve been playing with this drone for a little over a week now, and I’m really impressed with how fun and easy it is to use. The 4K camera captures surprisingly clear and stable footage for its size, and the wide 130° lens gives a great aerial view. The brushless motor makes it fly smoothly and quietly, and it handles wind better than I expected.

Setup was quick and everything connected easily through WiFi, and the voice and gesture controls actually work pretty well! The foldable design makes it super convenient to carry around, and having two batteries is a huge plus since it doubles my flight time.

Overall, it’s a perfect drone for beginners and even for adults who just want something reliable and fun to fly. Definitely worth it!","Reviewed in the United States on October 21, 2025"
RHF7NW54D0RLG,B0D2B25YQQ,4.0,Drones with camara for aduits,Nice but the battery 🔋 not working longer 10 minutes only,"Reviewed in the United States on June 6, 2026"
R28HDERBWXHA1H,B0D2B25YQQ,2.0,"Not for outdoor use!!! Close range indoor only, or lose the drone. Also camera poor definition, lag.","Buyer beware: this is a decent toy drone for indoor use. However, outdoor use with just the slightest bit of wind, my drone made its first and last outdoor voyage. Supposedly it can receive and reansmit signal for 200 feet, however, at just the height of my second story roof around 30 feet the signal was lost. Very choppy camera feed to, 1 to 2 second lag per image. Also a slight gust of wind took the drone and put it in someone's backyard and I never found it again. I would definitely not recommend this for checking a roof out. Maybe it might be better in an open field in a park if you don't mind trying to go find the drone once the wind carries it off. Also the camera is definitely not 4k. 1080p at best, but likely 720.","Reviewed in the United States on July 21, 2026"
R19ZAP7U8VQ58D,B0D2B25YQQ,5.0,"Easy to use, perfect for beginners and experts","I have a 12 year old son and I couldn't find a gift for him that wasn't something like a phone or a ps, I decided on this drone and the result was that he simply loved it, as we have no knowledge about handling this type of items, I looked for something for beginners and this was perfect, it comes with a manual with simple and easy to understand explanations, even the remote control comes with a template of the key functions, we loved this detail, it made our lives easier, the application to take photos with the phone and incorporate it into the remote control is very intuitive and easy to use, it even allows you to use the Drone only with the phone, it connects via wi-fi, and the connection is quite stable. It also comes with spare propellers, propeller guards, the corresponding screwdriver, two batteries, the manual and a very practical case to take it wherever you want, as well as being foldable. It has many other functions such as a button for controlled takeoff and landing that make it safer to operate, it has others to make 360-degree turns, you can also make predefined flights with your phone, in-flight videos, and I'm sure I'm missing many others to discover... We love it.","Reviewed in the United States on September 2, 2024"
R1DO5UEY71847M,B0D2B25YQQ,3.0,Ok for price,Fun to visually fly it. The camera is a joke.,"Reviewed in the United States on July 8, 2026"
R3PRPN3WOR9DXA,B0D2B25YQQ,5.0,Great Fun for Beginners,"This is a fantastic little drone for anyone looking to get into the hobby without a big investment. It's incredibly easy to fly right out of the box, and the controls are very intuitive. Within minutes, I was able to get it airborne and zipping around the living room.

It's surprisingly durable! I've had my fair share of crashes into walls and furniture, and it has held up without any issues, thanks to the propeller guards. The battery life is what you'd expect for a drone this size, giving you about 5-7 minutes of flight time per charge, so I'd highly recommend picking up a few extra batteries to keep the fun going.

The camera quality is basic, but it's fun for taking quick aerial shots and videos for social media. Don't expect professional-grade footage, but it's a great feature to have at this price point.

Overall, this is an excellent starter drone. It's affordable, tough, and a ton of fun to fly. Perfect for kids or adults who are curious about drones!","Reviewed in the United States on July 2, 2025"
R39NF7J0W6ACCH,B0D2B25YQQ,4.0,Good learning to prepair for the real thing,Wasn’t bad brought for my son for Christmas he liked it but due to it being cheaply made the first fall everything broke on it,"Reviewed in the United States on June 23, 2026"
R2TLGUKEF5TE1K,B07LBSBX5L,5.0,Great for action cameras,"Very easy to use. Worked straight out the pack in my DJI Action 4 cam with no need to format. Great video quality, about 1.5hr 4k60fps videos. Read/write fast speeds. Compatible for all action cameras. Very reliable, haven’t had any corrupted files since using. Fits perfectly if looking for micro SD storage","Reviewed in the United States on April 1, 2026"
R1RLA6EOL5NXCL,B07LBSBX5L,5.0,Upgrade to Faster Data Cards,This was a good buy. I needed to upgrade to this car has it had a faster data flow than my existing data cards.,"Reviewed in the United States on May 4, 2026"
R77TAMJNBJCKK,B07LBSBX5L,5.0,Installed in DGI camera,Installed in DGI Nano camera. Worked fine as described.,"Reviewed in the United States on July 23, 2026"
R3CR6DJAOJG2BW,B07LBSBX5L,5.0,SD Card,This is a standard SD card used for memory usage. I'm using it in a drone.,"Reviewed in the United States on July 8, 2026"
R29XK1BOBWT533,B07LBSBX5L,5.0,Buena memoria,"Buen producto, funciona bien.","Reviewed in the United States on July 20, 2026"
R3TI2VVAVYKN6M,B07LBSBX5L,4.0,Good peace need it,"I got this mainly for the extra data recovery coverage, and it’s nice knowing there’s a backup plan if something goes wrong. The storage itself works like it should—no issues transferring files, and speeds seem consistent for everyday use.
The recovery service is a great idea, especially if you’re storing important photos or documents, but it’s one of those things you can’t really judge unless you actually need it. Hopefully I won’t.
Overall, it works well as regular storage, and the added protection is a nice bonus for peace of mind.","Reviewed in the United States on April 6, 2026"
R1798CPKRHQ83M,B07LBSBX5L,5.0,Good!,Works very well in my Rigol MHO984 oscilloscope.,"Reviewed in the United States on May 3, 2026"
R2UTN6OA8BD58V,B07LBSBX5L,5.0,Lo mejor de lo mejor.,"Si, excelente… recomendable.","Reviewed in the United States on May 16, 2026"
R383ZJ3TUS5G1W,B09KV8L7WN,5.0,Awesome Customer Service! Great Beginner Quad Drone (With Camera / WiFi) for the Money!,"Thank you MocVoo / XUYIWEI Toys!

Quad Drone --

I bought the Mocvoo Quad Drone with camera because the price was very affordable and I could use it without much fear, to practice flying quad drones, increase my skill and confidence level. The quad drone is very easy to setup and very easy to fly. It has a decent size (about 8"" - 9"" diagonally measured), and has bright lights in the front and rear, which helps with knowing which way the drone is facing, for controlling it. It also has built-in Wifi (for connecting a phone - you download an App) and, yes, a manually adjustable camera. I set mine to look straight ahead. Through the App and your connected phone, you can make videos or take photos, and they are stored on your iPhone or Android.

The drone comes in its own semi-hard, padded carrying case with the quad, transmitter, 2 batteries, a USB charging cable, 4 blade protector / guards, some spare blades and a screw driver. Again, setup was easy - you simply unfold the quad's arms, charge the battery, and install 3 - AA batteries in the transmitter, and you're ready to fly.

Awesome Customer Service !!!
As I mentioned, I wanted this quad drone to practice with, as I am a beginner. On the 6th day of owning it, I took it out to fly and was up probably 60ft - 75ft, just hovering and looking at the horizon through my phone, when a still breeze came along. The quad started to drift and I became disoriented and lost control. The breeze carried the drone off and it flew away and was lost! My nephew and I searched for 2 hours in the park, and we were even able to reconnect to the quad drone's WiFi several times - I could even see video, but could not locate the quad. Finally I could no longer connect to the quad's WiFi, and it was lost.

I now had the case, accessories, transmitter, but no more quad. Thinking that I would need to purchase everything again, I contacted Mocvoo support and Xuyiwei Toys and explained what happened and asked it they could give me a discount on a new one. Well, to my joy and surprise, they offered to replace my quad drone at NO CHARGE!!! How awesome is that?!! My nephew and I are so happy! This is way beyond my expectations, and I will not hesitate buying other products from them! Thank You So Much!!","Reviewed in the United States on July 5, 2022"
R1EBZ96JFQAH0W,B09KV8L7WN,1.0,Awful!!,Horrible and a waste of my child’s $25 birthday money. The controller hardly connects to the drone and therefore it only works periodically. The app for it SUCKS. Camera quality is AWFUL.,"Reviewed in the United States on July 12, 2026"
R5DNPA809H971,B09KV8L7WN,5.0,Fun while it lasted!,"This was so much fun, ....till I flew it too high and the wind carried it off to someplace far, far away. It's in drone heaven I think. It's a good little starter drone.","Reviewed in the United States on July 16, 2026"
R141UT91AH532J,B09KV8L7WN,3.0,Great,Great,"Reviewed in the United States on May 15, 2026"
R1QELHAGU4OJ3J,B09KV8L7WN,4.0,Good for starter 👌,"Flew good till my friend crashed it really badly , short battery life though 😢. Sorta water resistant recomend fir starters to learn","Reviewed in the United States on April 20, 2025"
R1CE1U255WXWB,B09KV8L7WN,5.0,Great quality,"It was a santa gift for my son, he been playing with it, works wonders, and comes with extra pieces in case it breaks. Comes with a caring case and used for storage as well. Love that your able to use to phone and not a added screen for more money. It's cost is good for a 7 year old who is learning stage.","Reviewed in the United States on January 14, 2026"
R2R0Q9VHN75SO2,B09KV8L7WN,2.0,Good for kids,I think its ok but i did not get it i saw a deliver message but never got it DHL was to deliver like all ways but did not instead they send it to wrong address and told me to go get it myself,"Reviewed in the United States on July 1, 2026"
R3DKZ1ZG1TMIFL,B09KV8L7WN,5.0,Easily operated by my 9 year old,My son absolutely loved this toy. I cant believe that it was so easy to operate and understand. While the drone video feature was a bit blurry. I still really enjoyed playing woth this toy while spending time with my son. He is 9 years old and he was able to operate it on his own. I also loved that the drone came woth the protective parts for the blades.,"Reviewed in the United States on March 2, 2026"
R13V95R5UWII54,B0FCD63NMH,5.0,Decent Drone Product for Newbies,"Really happy with this drone so far after 2 weeks.

It arrived in a nice, compact package, and the included bag makes it easy to store and take along.

Pairing it with the controller was quick, and setup was straightforward. The app takes a little more effort to connect and configure, but it gives you more control options and useful features.

It flies steadily and feels surprisingly easy to control, even for someone still getting used to drones. It can fly impressively high and far for its size.

Camera quality is reasonable for the price, and the swappable battery is a big plus since extra batteries (with additional purchases) can extend the original limited flight time.

Customer support has also been extremely helpful. Five stars!","Reviewed in the United States on July 6, 2026"
R2ZHQOZ2TIT2X9,B0FCD63NMH,5.0,Great for beginners,"First time getting a drone. The drone feels well made and is much better quality than the cheaper drones ive tried before I was especially impressed by the video quality, which is clear and smooth. It was easy to set up and simple to control, making it great for beginners. Overall, a great purchase and definitely worth the extra cost for the better quality and performance.","Reviewed in the United States on July 16, 2026"
R22KKEY94OVNTQ,B0FCD63NMH,5.0,Great Drone With Lots of Cool Features,"Really impressed with how smooth and easy this drone is to fly. The GPS works great and the follow-me and orbit modes are a lot of fun. The camera quality is clear, and the controller screen makes everything easy to see. It feels well built and is a great choice for beginners or anyone wanting a fun drone.","Reviewed in the United States on July 24, 2026"
R5RDP0JQ0DA4H,B0FCD63NMH,5.0,Good Product Excellent Drone for Beginner,"This is my first experience with drones, as a beginner level user, this drone is very easy to control, and it has been a very solid performer. Image/video quality it was surprisingly good. Camera stabilization is impressive in flight and with some moderate winds. Wind resistance is also surprisingly good. I had the drone get carried away from me during heavy gusts, but in the brief slowdowns, I was able to fly against the wind and return to my original takeoff spot. That was helpful in learning to manage the controls. I was fully satisfied! Overall, I would recommend this drone. Compact, convenient, and quality. It is a great product for beginner and gift for friends and family.","Reviewed in the United States on June 26, 2026"
RG8UAUO3JQCCM,B0FCD63NMH,5.0,good quality,"The brushless motors make the drone fly smoothly, and GPS helps it hover steadily. The camera quality is good for casual photos and videos, and the electronic image stabilization helps reduce shake, although it’s not the same as having a mechanical gimbal. The drone is lightweight, easy to transport, and the under-249g weight is a nice bonus. Battery life was decent and gave me enough time to enjoy each flight. Overall, I would recommend this drone to beginners or anyone looking for an affordable GPS drone with convenient smart flight features and a built-in display.","Reviewed in the United States on July 19, 2026"
RZF5E55QPZNSW,B0FCD63NMH,5.0,Good quality drone not a kid toy,"Bought this drone for my son’s birthday and he absolutely loves it. The drone feels well made and is much better quality than the cheaper drones we’ve tried before. We were especially impressed by the video quality, which is clear and smooth. It was easy to set up and simple to control, making it great for beginners. My son picked it up quickly and has had a lot of fun flying it. Overall, a great purchase and definitely worth the extra cost for the better quality and performance.","Reviewed in the United States on June 29, 2026"
R3JMQNR86DUQAI,B0FCD63NMH,4.0,"Good product, excellent quality, but you need to be familiar with the operating procedures.","It took off and then went out of control; perhaps I'm not familiar with the controls yet. It seems like a good product. I hope the instruction manual is clearer and the operation simpler. After I lost control and it crashed, the seller was very polite and courteous in giving me a refund. They understood my feelings and didn't blame me. So, although the operation is slightly complicated, perhaps it's because I'm not very familiar with drones, the seller's attitude was absolutely top-notch. I recommend this seller, this store, and their products.","Reviewed in the United States on April 29, 2026"
R1X4W9YQ7DUZ04,B0FCD63NMH,5.0,Fun and Easy to Operate Drone,Great drone for the price! It's not everyday that you can find a drone with decent video/ picture quality that flies well. The controller with the built in screen is also a huuuge plus so you don't have to kill your own phone battery and so it's easier to just connect and go. The connection is strong and the drone flies well making it easy to control for both beginners and intermediate fliers. The battery life is also pretty long lasting and the features that the drone comes with make it fun to fly.,"Reviewed in the United States on July 16, 2026"
RML09YR0AACFZ,B0CWKWBZJT,5.0,Amazing starter drone,Got this drone after a program taught me all about how drones work. It’s an exceptional drone with its GPS feature and the RTH options. The camera quality is great. It’s easy to fly and understand. The functionality of the drone is great. The value for the drone is 100% worth it.,"Reviewed in the United States on September 20, 2025"
R13ELM8FJO749H,B0CWKWBZJT,4.0,Excellent beginners drone,"Loved this drone, it has more than the cost and I like that. I never flew a drone before and this is a good starter drone for beginners. Its really durable, I beat this thing up,lol. I like how they give you extra propellers just for that. Good product.","Reviewed in the United States on May 13, 2026"
R3GBZNNQ0ZE2E8,B0CWKWBZJT,5.0,Good drone for a beginner with lots of extra functions,"I’m new in the Drone community, so far this drone is easy to use. I only used it a few times. Setup is simple, controls are good, easy connectivity to my iPhone, camera view is good, don’t expect super high resolution, but it’s better than I expected. The price was on sale so that made it extra nice. The seller was quick to answer my questions.","Reviewed in the United States on June 9, 2025"
R1KAJFO1FRJMFJ,B0CWKWBZJT,1.0,Didn't work out of the box,"This was a complete waste of time. I was never able to reliably pair the drone with the controller, even though it repeatedly acted like it was connected. After spending over an hour troubleshooting (including with ChatGPT), the controller would beep continuously, but I still had no actual control of the drone.
You would think there would be a clear indicator showing whether motor control is enabled or the drone is properly armed, but there isn’t.
The instructional video was also essentially useless. It doesn’t clearly explain the steps or what to look for—it’s just someone demonstrating what’s supposed to happen, with text on the screen saying it’s working, without explaining how to get there or what to do when it doesn’t.","Reviewed in the United States on January 18, 2026"
R2SRTTF8FENJ76,B0CWKWBZJT,5.0,It’s lightweight and my husband really loves it,This thing is really nice. It does everything it’s supposed to do.,"Reviewed in the United States on April 14, 2026"
R3CXTRC64XXKD3,B0CWKWBZJT,3.0,No replacement propellers,This drone is actually very cool and easy fairly easy to learn. The only reason I’m not giving it a better rating is because the lack of accessories. Mostly that you can’t find any replacement propellers. Customer support said that it’s not discontinued but they only have two packs of propellers and they’re not listed on the website. If they can provide a link or tell me what parts are interchangeable with the 440g I’d gladly give a better rating. The drone is very easy to set up and start learning. The camera is pretty good quality and love the tilt of it. Please make more replacement parts.,"Reviewed in the United States on March 31, 2025"
R16BUTLG47CKGP,B0CWKWBZJT,4.0,Best drone I’ve ever had!,It is a really good drone if you accidentally hit something it will try to keep flying and the quality is HD. The drone flies good and it is loud enough that you know where it is but not to were it is annoying I have been flying this drone for 5 days and no problems the top speed moving forward is 23-25 mph and backwards it’s 30 mph it is a good drone for taking photos and videos with the follow me mode is ok but for me it locks on the phone that I’m using but not me the speed in follow me is slow about 5mph I wouldn’t recommend this if you are running or using follow me mode to follow you car when you are driving it I don’t fly it inside because it doesn't have obstacle avoidance I like the lights on it saved me many times from losing it. Anyways really recommend this drone it is the best for under 200!,"Reviewed in the United States on April 19, 2025"
ROONJQZJD72E9,B0CWKWBZJT,2.0,Possibly decent drone but be cautious,"Flew great the first day and got a few good photos, but then it started acting glitchy. After researching, I thought it would be a good unit, even though I had read about the possible erratic issues. I bought it to take on vacation to do some hiking photos with my family. We didn't even get to use it on the trail. The GPS wouldn't connect where we were so we just used the wifi connection. It went up it the air for about thirty seconds and took off in to the woods. We tried looking for a couple hours but never found it. Very disappointing to buy and lose a brand new drone in two days. It would be better if it at least had a crash alarm to find it or a tracker. I've never had an issue like this with other drones. I guess you get what you pay for.","Reviewed in the United States on July 8, 2025"
R355JJ8B241JHB,B0BL3R3L45,5.0,Best choice for beginners,Just got into drone photography so I didn't want to spend a huge amount of money right away. This little drone is a beast for the price. The camera is excellent and the flight time is way more than I expected. It is true you get what you pay for in that other drones that are double the price or more have better features but this thing if fighting above its weight class and is an awesome drone for someone who is just starting out or just wants to go have fun. Only thing I wish it had was some obstacle avoidance but I bought propeller guards and that works for me. I highly recommend the controller with a screen. I have used drones that require a phone on the controller and it works but this controller makes it so everything is ready to deploy right away and no need to drain your phone's battery. The biggest issue I ran into with the phone was even with the brightness all the way up in sunlight it was hard to see the screen but with this controller that is not the case it is super bright even direct sunlight doesn't cause an issue. Plus set up was super easy as you did everything with the controller. If you are a professional you will likely be disappointed in the missing features of this drone but for beginners and those just wanting something with good quality this is an awesome product. I will be upgrading to the Mini 4 pro at some point so it was nice the batteries work with both drones. I did have to register it with the FAA due to the added weight of the propeller guards so I wish I had gotten the larger batteries. I cant speak on the durability as I have not crashed mine but when handling it the plastic is not very thick to reduce weight.,"Reviewed in the United States on May 18, 2026"
R29NUAEDN5WMQ6,B0BL3R3L45,5.0,Amazing drone for beginners and professionals,"The video showcases the product in use.The video guides you through product setup.The video compares multiple products.The video shows the product being unpacked.
Video Player is loading.
Click to play video
Play
Mute
Current Time 0:00
/
Duration 0:30
Loaded: 10.01%
0:00
Stream Type LIVE
Seek to live, currently behind liveLIVE
Remaining Time -0:30
 
1x
Playback Rate
Chapters
Chapters
Descriptions
descriptions off, selected
Captions
Captions off, selected
English
Audio Track
default, selected
Fullscreen
This is a modal window.
This drone exceeded all my expectations. It’s incredibly easy to fly, even for someone with little experience, and the image quality is absolutely stunning. The 4K videos and photos come out sharp, detailed, and very stable thanks to the excellent gimbal.
The Fly More Combo is definitely worth it because the extra batteries provide plenty of flight time, and the DJI RC controller makes flying much more convenient without needing to use your phone.
The drone is lightweight, reliable, and packed with smart features that make every flight enjoyable. Whether you’re creating content, capturing travel memories, or starting an aerial photography business, this is an outstanding choice. I highly recommend it!","Reviewed in the United States on July 2, 2026"
R3HET79QPXOFH7,B0BL3R3L45,5.0,Ideal for average users,Excellent drone package for the user that wants excellent image quality at a low price. Simple to operate and very quiet so you don't attract unwanted attention when you fly. Although this drone is three years old and lacks object avoidance most beginners will be able to get nice quality output quickly and easily. YouTube has tons of videos with step by step usage guides. Unless you want to pay double the price for a Mini 5 Pro and it's higher feature content this drone will be all most people will ever need.,"Reviewed in the United States on July 15, 2026"
RIMKKT4NVBI1Y,B0BL3R3L45,5.0,Good product,"I’ve been using the DJI Mini 3 for a while now, and it’s honestly one of the best tech purchases I’ve made. Right out of the box, it was super easy to set up and get in the air—even if you’ve never flown a drone before.

The video quality is impressive. The 4K footage comes out sharp and smooth, and the colors look great without needing a ton of editing. I also really like the vertical shooting mode, which makes it perfect for social media content like TikTok and Instagram.

Battery life is better than expected—I consistently get around 30+ minutes per flight, which gives plenty of time to capture what I need. The drone is also lightweight and portable, so I can throw it in a bag and take it anywhere without worrying about space.

The only downside is that it doesn’t have obstacle avoidance, so you do need to stay aware of your surroundings while flying. But once you get comfortable with the controls, it’s not a big issue.

Overall, if you’re looking for a high-quality, easy-to-use drone that won’t break the bank, the DJI Mini 3 is absolutely worth it. Great for beginners, but still powerful enough for more serious use.","Reviewed in the United States on May 5, 2026"
R22FJH3JEJ2WNZ,B0BL3R3L45,5.0,Great drone.,"This is my first drone. After a lot of research I decided on this DJI mini 3. Amazon had a deal that was too good to pass up. I suspect they are clearing out this model to make way for the Lito. I watched as many videos as I could and after much anxiety I took it up for the first time. Wow, I was surprised how easy it was to fly. I was disappointed it did not come with a micro SD card so I've been flying it without being able to record. That's ok because that's easily rectified. Can't wait to try out the picture quality. In the meantime I'm practicing flying and getting comfortable with the drone. If this deal lasts and you are on the fence about which one, don't hesitate. For the price it's a great value and a solid drone. Only thing that would make it better would be if it was outfitted with obstacle avoidance.","Reviewed in the United States on May 16, 2026"
R38T2PG4U6VWJY,B0BL3R3L45,4.0,"DJI Mini 3 4K Fly More Combo (DJI RC), Drone with Camera","A Mighty Little Flyer with Just a Few Quirks.

The DJI Mini 3 4K Fly More Combo with DJI RC is a compact powerhouse that makes stunning aerial shots feel effortless. Right out of the box, this drone impresses with its lightweight design and intuitive controls. The included DJI RC controller is crisp and responsive, making setup and flight smoother than most drones in this price range.

Video quality is sharp and clear at 4K, with rich colors and steady footage that makes every shot feel cinematic. The drone holds its own in gentle winds and the stabilized camera keeps the footage smooth, even when you’re adjusting angles mid-flight.

Battery life delivers solid flight times for several flights before you need to recharge, and having extra batteries in the Fly More Combo is a welcome bonus.

Portability is a big plus here. The Mini 3 folds up easily and fits in a bag without taking up much space, which is perfect for travel or everyday adventures. Safety features like return-to-home and obstacle sensing give added peace of mind, especially for newer pilots.

Why not 5 stars? A couple of little things. Obstacle avoidance is decent but not as confident in tricky environments as some higher-end models. Also, the overall image quality is excellent for the size, but if you’re after pro-level footage with maximum dynamic range, this won’t fully replace larger, more expensive drones.

All in all, the DJI Mini 3 4K Fly More Combo with DJI RC strikes a great balance of performance, ease of use, and value. It’s a fantastic choice for hobbyists and content creators alike, and a solid step up from entry-level drones.","Reviewed in the United States on February 11, 2026"
R25K9MAADA0SKF,B0BL3R3L45,5.0,Works great,"Fantastic , I thought it had a follow me function but this model hasn't, the pro one has it. It works great and is really stable with wind, videos are impressing.","Reviewed in the United States on July 9, 2026"
R1GS768I69R13,B0BL3R3L45,5.0,Highly Recommended!,"Excellent product. The quality is very good, and it arrived exactly as described. It is easy to use, well made, and has met all my expectations. I highly recommend it and would definitely buy it again.","Reviewed in the United States on July 26, 2026"
R3V5AAWFR6B3DV,B07FTPX71F,5.0,★★★★★ Outstanding Little Drone – More Fun Than I Expected,"I already own two DJI Mini 4K drones, so I wasn't expecting the DJI Neo to impress me as much as it did. I purchased the drone-only version and after spending time with it both indoors and outdoors, I can honestly say this is one of the most fun drones I've ever owned.

The first thing that surprised me was how incredibly stable it is. Indoors, it hovers almost rock solid using its vision and optical sensors. Even in hallways and around the house, it feels confident and controlled. Outdoors, I flew it on a breezy day and was amazed at how well it held position despite not relying on the same GPS-based hovering that my Mini 4K uses.

The autonomous features are where this drone really shines. Follow Me mode works surprisingly well and feels almost futuristic. Watching the drone automatically track and follow me while keeping me centered in the frame was impressive. I even tested it on stairs and around obstacles, and it handled itself far better than I expected from such a small drone. It was really fun to walk down the street with this thing following me, watching the expressions of passerby's, looking at the strange looking object following me around like it was stalking me.

Another huge advantage is convenience. Unlike larger drones, the Neo is ready to fly in seconds. Hand launches, quick autonomous flight modes, and easy video transfers through the DJI Fly app make it incredibly easy to use. Because it has built-in storage, I was recording videos immediately without having to worry about memory cards.

Build quality is excellent, which is what I've come to expect from DJI. The fully enclosed propeller guards also make it much less intimidating for indoor flying and for beginners.

If you're looking for a traditional long-range aerial photography drone, DJI already has other models for that. But if you want a drone that is fun, portable, easy to use, great for tracking shots, and surprisingly capable both indoors and outdoors, the DJI Neo is an easy five-star purchase. It's like having your own invisible cameraman.

Highly recommended.","Reviewed in the United States on June 24, 2026"
R10W0Y6HQBDIJG,B07FTPX71F,5.0,"Easy to use, durable, and great for beginners.","I’ve since purchased the newer DJI Neo 2, but the original DJI Neo is still a great small drone and an excellent option for beginners. I purchased the drone-only version, which came with the battery, charging cable, stickers, propeller guards, and access to the DJI app. The app is easy to download and connect, and it allows you to control the drone directly from your phone. What makes this drone stand out is how simple and hands-free it can be. You can place it in your hand, select a programmed flight mode, and it will take off, follow you, circle around you, fly upward for an aerial view, and perform other automatic shots without requiring you to know how to fly a traditional drone. The app also provides helpful information about flight restrictions and where you may or may not be allowed to fly, although it is still important to learn the local rules before using it. The drone feels durable, and the removable propeller guards provide extra protection, especially for beginners. Replacement parts and accessories are also easy to find, and you can use it with your phone, a compatible controller, or supported goggles depending on your setup. Overall, this is a fun, compact, and easy-to-learn drone that I would recommend for teens and adults.","Reviewed in the United States on July 24, 2026"
R1JK160TWARCTB,B07FTPX71F,5.0,Great Value Compact Drone for Beginners and Casual Flying,"The DJI Neo 1 is a small and compact drone with a very good price-to-quality ratio. It’s an excellent option for beginners or for people who don’t need a large, complex drone or special permits. In my case, living in Colombia, drones under 200 grams do not need to be registered and are considered recreational, which makes this model even more attractive.

Despite its size, it offers decent image quality and useful features for casual flying. It’s lightweight, easy to transport, and very convenient to carry anywhere. Of course, we can’t expect a 30-minute battery life from a drone this size—the average flight time is around 14 minutes—so I highly recommend having at least three batteries for a better experience.

It’s important to understand that this drone has the DNA of more professional DJI drones, but it is not a professional drone in a small body. The image quality is good for its category, but one limitation is the lack of a more advanced multi-axis gimbal. Additionally, strong winds can affect stability when flying at higher altitudes.

Overall, it delivers exactly what it promises. It’s a very good drone that I would recommend both to beginners and to drone enthusiasts who want something compact, portable, and easy to use without taking up much space.","Reviewed in the United States on January 21, 2026"
R68K046GKSTB0,B07FTPX71F,5.0,This is one of the best purchases I've made,"I’ve gone through a handful of drones trying to avoid spending big money. After losing a couple in the past, I tried to stay under the $1,000 mark. In order from cheapest to most expensive, I’ve owned the Ruko F11, SJRC F11, and HoverAir ProMax.

The Ruko and SJRC were exactly what you’d expect for the price: limited features, mediocre build quality, and not something you’d trust for anything serious. The HoverAir ProMax was the first one that felt like a real product, but it’s basically a selfie drone. It markets itself as a first-person drone with features like Follow-Me, but that mode barely worked. Even after spending extra on the controller, it constantly lost track of me. Between the drone and accessories, I spent around $1,000 and still couldn’t rely on it.

So when I picked up the DJI Neo, I wasn’t expecting much. I was wrong. It’s a fantastic drone.

The DJI Neo has many of the same features as the HoverAir, but there are trade-offs. The HoverAir definitely has sharper photo and video quality, and it has sensors on more sides. But the DJI Neo is half the price, and more importantly, it can be fully remote-controlled. With the DJI RC2 controller, I can fly it confidently across my entire 15-acre property, about a mile out, without issues. The HoverAir’s controller was limited to basic movement, maybe 100 feet of usable range, and constantly losing signal or tracking. One feels like a true drone, the other feels like a novelty item.

Yes, you sacrifice a bit of image quality with the Neo, but what you gain is a real drone experience: real range, real control, real reliability. Nothing kills the experience faster than constantly turning around on a trail to see if your drone stopped following you and then walking back 50 feet to retrieve it. I dealt with that constantly with the HoverAir. With the DJI Neo, that’s never been a concern.

If you want a dependable drone that actually flies instead of just hovering next to you for selfies, the DJI Neo is absolutely worth it.","Reviewed in the United States on November 21, 2025"
RT5WS873A9HRX,B07FTPX71F,4.0,Here's the update: Do NOT buy any of this stuff unless you have downloaded and installed DJI Fly.,"This has been infinitely frustrating. I am trying to install DJI Fly on a relatively recent Samsung smartphone. Over and over I get the message ""App not installed"". I kept my cool and began researching. Days later I found an APK installer app that told me WHY the app was not installing; the version I downloaded FROM DJI was not compatible. I downloaded and installed. The DJI app spends all of its and your time trying to get you to UPGRADE AND PAY. I respectfully declined. I have decided to soldier on and will update this review if I have good news eventually.

Okay, I returned the drone and controller and bought them again as a package. This apparently still will not work without DJI Fly, but my kid let me download and install. Once you have DJI Fly working, everything is a breeze. Otherwise it will not work at all.

UPDATE: Non-pro tip. If you buy a drone+controller bundle, the drone and controller are already linked and you can shoot video straight to drone internal storage and then transfer to your computer. This is per ""Rufus"", so may turn out to be inaccurate. This means I'm probably returning the drone and controller to buy them together, which is obviously another massive hassle. Oh well...

UPDATE: This thing takes amazing video. Truly stunning. It is so easy to fly, once you get it going at all. Like I said earlier, if you can't download, install and run DJI Fly don't bother. DJI Go will NOT work, trust me on this one.","Reviewed in the United States on November 17, 2025"
R32ZBRTO6QKK62,B07FTPX71F,5.0,"Awesome little drone for ultralight hiking, work, documentation etc","I am extremely happy with this drone. For reference, I had the original DJI FPV drone which I dropped an insane amount of money on (full regret), with the gen 2 goggles, hard shell case, extra batteries, props, etc.. All told we are talking well over $1400 (I know I know).

My main reason for switching to the neo is size. I wanted to be able to throw a drone in a carry on or in my ultralight go-pack for a weekend solo backpacking trip. I also wanted to be able to pluck the drone out of the air with my bare hands without having to worry that a gust of wind was going to result in my losing a finger. This drone complete with a charger, anker battery brick, extra battery, extra props, and a few tools, all fits in the LKTOP carrying case no problem and weighs basically nothing as far as I'm concerned. For ultralight backpacking, I will fly this exclusively with my phone. The fact that it can also be used as an FPV drone is incredible (unfortunately it does NOT work with the original DJI FPV goggles or controller (gen2), which is a real bummer for me).

battery charges from an anker battery brick in about 2 minutes, so I really do think that the triple battery set and charger is way overkill. By the time you finish flying with one battery, the other battery will be basically fully charged and ready to go. I am not a hollywood director, so the 4k at 30 FPS is more than good enough for me.

The neo sits in that beautiful niche of ultralight recon drone. I am extremely, extremely happy with it, and the $200 price point is honestly a steal. The one thing I am really not a fan of is the DJI fly app and the fact that on android you have to download it from the DJI website and turn off all sorts of security to use it. That is a serious concern of mine, and for that I nearly removed one star.... But in terms of hardware, the softwares functionality (not security), and the joy of using this thing.... hard to beat. I already accidentally flew it into some tree branches and it was none the worse for wear.","Reviewed in the United States on May 7, 2025"
R3QNARKCP7Z06N,B07FTPX71F,5.0,"Fun, simple, and easy.","As a first-time drone owner, I was looking for something simple that would let me get in the air without spending hours reading manuals or watching tutorial videos. The DJI Neo ended up being exactly what I was looking for. I picked it up, charged the battery, followed a few basic setup steps, and had it flying confidently within minutes. The controls felt intuitive, and the drone was stable enough that I never felt overwhelmed while learning.

One of the things that impressed me most was how approachable the Neo is for beginners. The automatic flight features take a lot of the stress out of flying, and the drone does a great job of helping new users capture smooth footage without needing advanced piloting skills. Instead of worrying about the controls, I was able to focus on enjoying the experience and exploring the area from a completely different perspective.

The video quality exceeded my expectations for a drone in this size and price range. I mainly purchased it as a hobby, but I also wanted to use it to take aerial photos and videos of a storage yard that I own. The footage came out clear, stable, and professional-looking. It has already helped me get angles and views of the property that would have been impossible to capture from the ground.

Battery life has been reasonable for my needs, and the compact size makes it easy to take along wherever I go. It fits neatly in a small bag and is ready to fly whenever I have a few spare minutes. Whether I'm checking out local parks, open areas, or simply seeing my property from above, it's become a fun piece of equipment to have on hand.

Another thing I appreciate is how confidence-inspiring the drone feels in the air. Even with very limited flying experience, I quickly became comfortable sending it farther out and trying different camera angles. The combination of stability and automated features makes learning enjoyable rather than intimidating.

The DJI Neo has been a great entry into the drone hobby. For anyone who has been curious about drones but worried they might be too complicated, this model is worth considering. It gets beginners in the air quickly, captures impressive footage, and provides a fun way to explore the world from above while creating useful aerial photos and videos along the way.","Reviewed in the United States on June 25, 2026"
RUQX5FA8UTNMV,B07FTPX71F,1.0,Disappointed with Neo - The Specs Fall Short,"I used the DJI Neo for a several hours the day it arrived and I can’t help but feel a little disappointed with the overall experience. It has its bright spots in the software capabilities and ease of use, but the video quality and tracking were no where near expectations. I have several 4K cameras, action cameras, drones, and this is NOT 4K video. More pros and cons listed below.

The Pro’s:
-Lightweight
-Easy to setup
-Software is really good

The Con’s:
-Video quality is not 4K
-Only shoots in horizontal, not vertical. Can’t believe it doesn’t have vertical video mode for posting on instagram/tiktok.
-The battery life is not as advertised. I used 80% of the battery and got 6.5 minutes of video using all the different automated modes (dronie, follow, rocket, etc). The Neo started with 95% charge and ended with 15%. This would give me about ~10 minutes of videos on a full battery. That is not anywhere near the 18 minutes that are advertised!
-Tracking from both front and back is not great. Often loses track if you take any type of hard turns.
-Downloading videos to phone is very slow without WiFi. Had to turn off my cellular (with full bars 5G) so it could download on WiFi only.
-The video is over sharpened and over saturated. This means objects look fuzzy in the background and colors look fake. For a “4K camera” that is not how it should look.
-The follow speed is quite slow (stated as 12mph). Anything more than a light jog and it will lose you. Can’t follow on a bike, scooter, or anything beyond a jog that well.

Overall, I feel DJI stretched the truth about the specs and performance of the Neo. I would rather pay more money for a real 4K camera that looks good, faster tracking speed, and better tracking capabilities. I love the experience of a flying camera and will be looking at other products that have better performance.","Reviewed in the United States on October 10, 2024"
R15V5TV75UUO51,B0CCDLDM16,5.0,Worth it!,I got this for a friend of mine and he seems to really like it a lot. He was absolutely happy about it.,"Reviewed in the United States on February 1, 2026"
R227BX15YJAZYH,B0CCDLDM16,1.0,Not happy,"So far I am not impressed, I spent almost $100 for this thing it shows up in a shabby box, no instructions no manufacturer lable, nothing. So I plug it in to charge, because I guess like most battery items that do not come fully charged. It sat charging for almost 3 hours and the light never changed from red. I figure it must have some charge on it so let's see. Power it up, light flashing green, turn on the remote, push buttons,....
Nothing, no mater what I push how I push, combination l, nothing. Sending back for replacement, we will see. Will update after as to whether it works or I get my money back.
Update: DO NOT BUY. Product is falsely advertised does not work as claimed at all.","Reviewed in the United States on March 1, 2024"
RQWF72D3BLO6,B0CCDLDM16,5.0,Works well,Loved it,"Reviewed in the United States on February 4, 2026"
R1WIK5JJ9X42Y2,B0CCDLDM16,4.0,Hook line and sinker,"Such a cool Gadget. I'm using it to move a golf ball across a golf course with a drone. So far so good. The remote works for pretty decent distance away. I've tried it for at least a hundred yards and it still works. I'd give it five stars if the claw had the ability to hold on something small either with little grippers at the end, or something like that but it's a great product.","Reviewed in the United States on January 28, 2026"
R1AHFD0ECCOCE7,B0CCDLDM16,5.0,Hook,As expected,"Reviewed in the United States on January 5, 2025"
R1TX8VT2S95DAH,B0CCDLDM16,1.0,Two for two,"Exchanged first due to not holding a charge after two weeks. New claw arrived but never charged.
Total Junk","Reviewed in the United States on March 23, 2024"
R9LFA2UQ4IGH,B0CCDLDM16,5.0,"This thing has pretty good grip, and is very easy to use","I got this because I recently received a high-end drone very similar to the Air 3, but unfortunately I live too close to a small municipal airport to even take off my drone, so my video doesn't have any footage of it in true action. That said, I give a good demo of its strength and features in my video so I recommend watching that deciding for yourself.

I definitely think this is worth giving a shot, so I would recommend it.","Reviewed in the United States on June 3, 2024"
R25MS2A7IHWXLO,B0CCDLDM16,2.0,Not great,"While it fit my drone, a DJI mini 3 pro, it's kind of crappy. It feels cheap and really don't pick up anything of weight. Don't bother.","Reviewed in the United States on November 25, 2024"
R1HW3NXDAKEWCP,B09B9QM6L2,5.0,Perfect First Drone for Kids!,"We purchased this drone for our grandchildren, and it has exceeded our expectations in every way. It’s incredibly user-friendly, which makes it perfect for kids who are just starting to learn how to fly drones. Our grandkids were confidently flying it within minutes, and the battery life is decent for a toy drone.
One of the standout features is the adjustable camera, which allows kids to take fun photos and videos from the sky. It adds a creative element to playtime and helps them see the world from a new perspective. The footage is surprisingly clear for a kid-friendly drone, and it’s been fun reviewing the videos as a family.
Safety was a top concern for us, and this drone delivers with its propeller protection devices, which keep curious fingers safe during takeoff and landings. It’s held up well to a few bumps and crash landings—so definitely parent-approved for durability and price!
Overall, this drone is a fun, safe, and educational toy that gets kids outdoors and sparks their interest in tech and photography. Highly recommend it as a birthday or holiday gift!","Reviewed in the United States on July 23, 2025"
RP9OXUVROXO31,B09B9QM6L2,5.0,This is a great little drone for beginners or seasoned pilots.,"I got this drone as a Christmas present and it has been a blast flying it around the house. We have had freezing temperatures and I have not been able to get out. This has been a wonderful distraction.
It is very easy to fly and is quite durable. I hit the wall a couple of times and experienced no damage.
The drone is less than 250g so it is great for flying indoors or outdoors with no restrictions.
This would be a great first drone for kids. It has prop guards as well as auto take off and landing.
The drone came with extra propellers but i have not had to use them. It also has a nice phone mount for putting the phone on the controller and connecting it to wi-fi. fter a little time familiarizing myself with the Loolin drone, I flew around the house by just watching the phone. This was a fun challenge.
The drone came with three batteries and two chargers so you get plenty of flight time. I love this little drone and I highly recommend it.","Reviewed in the United States on January 18, 2024"
R1IFH8XDUGJY36,B09B9QM6L2,4.0,Kids Drone,"Comparing this drone to others, I like the fact it has the guard around the propellers, I received one for Christmas 2 years ago and was flying it in the house, it landed on the floor near a desk and before I could pick it up it had caught hair caught up around one of the props and stripped out the gear. 5 mins out the box and is garbage. With this drone the rings protect the props and avoid a situation like the one I mentioned. Having the guard set this a bit higher on the kid type drones for the overall protection of the drone and its props and body. Easy enough to Fly indoors and outdoors with no wind as it will get pushed around and become uncontrollable and crash. The aided take off and landing lets you jump right in and start having fun flying the drone. The adjustable controls lets you fine tune controller to the drone to make flying it easier and precise. The colors of the drone make it stand out so if flown outdoors makes it easy to keep your eyes on it. Camera works and takes decent video. Seems like it should last for a while and as with any drone avoid the unseen hair flying it indoors, lol. The one con I see, is that in a market flooded with kid type drone the cost is a bit higher than others, but like the saying goes sometimes, you get what you pay for. Check it out and give it a try.","Reviewed in the United States on November 12, 2022"
RFYUU9ADKHRB5,B09B9QM6L2,5.0,Perfect Gift for the Son of a part 107 Drone Pilot!,"I got this budget-friendly drone for my little man who loves to come with daddy to drone jobs. He absolutely loves it! It's incredibly easy to fly, making it ideal for beginners and young kids. The WiFi connectivity to your phones adds an interactive element, the auto takeoff and landing feature simplifies the entire experience. The batteries are average and give about 7 minutes of flight time... but the drone came with three batteries! My little man really loves to fly this drone inside so it was critical that I got one with the propeller guards so I don't have to worry about broken propellers or chips out of the drywall. The FPV can be a bit laggy, but I never intended to really fly it BVLOS and its only a minor drawback and to be expected with a drone that is under $100. My only real issue is that the controller is not rechargeable and requires AA batteries, but again that's a small trade-off for the drone's affordability and user-friendly features.","Reviewed in the United States on January 4, 2024"
R21ASYBBFVWNL4,B09B9QM6L2,5.0,Great beginner's drone for younger kids,"This great little drone is stable, intuitive, and hard to destroy. It's so simple to use that even a five year old can fly it - from take off to landing! The video camera is a really nice addition for older kids: the controller has a clever attachment that enables a cell phone to be mounted on the controller, and a simple app enables the drone to send live video straight back to the phone screen, with almost no lag time. But that is all optional - keep it screen free and it's just as fun! Kids quickly learn what all the different drone beeps mean: low battery, nearly out-of-range, landing, etc. The battery is so simple to change, even a 5 year old can do it by themselves.

The seller gives EXCELLENT product support. We contacted the seller directly for a new controller (after the original was destroyed by a car tire...), and he promptly sent us a brand new controller for a very reasonable price, shipping included. Kids are happy again!","Reviewed in the United States on February 26, 2025"
R3HX25LMA7X4RW,B09B9QM6L2,5.0,Great Christmas gifts for kids!,"This drone is high quality, tough, safe, and intuitive! It's built for beginners, and is able to withstand all the crashes, drops, and tree snags that come along with learning to fly. If you are looking for Christmas gifts for your kids, buy these drones! The propeller guards make them very safe and strong. I have three kids ages 4-8yrs, and all three of them love their drones. My four year old can switch and recharge the batteries, they are so easy. They are durable even out in the elements, too: we lost one in a tree in August and it finally blew down in October. We swapped the batteries and it ran great once again. Another one landed ontop of the pool surface before my 6 year old quickly flew it out, water sprayed everywhere but the drone was okay. The controls are simple to learn, and the young kids love the ""emergency landing"" function where they can hit one button and the drone will land itself.
The video camera is not the highest resolution on the market, but it is fine for kids: fun, easy, and gives you aerial videos at affordable prices. The camera angle is adjusted manually. Using the app, you can actually fly the drone from your phone or tablet screen, without the handheld controller! It also has a sturdy mount to hold your phone onto the controller during video flight. Depending on your network speed, the video may have a lag, but it is a neat feature and very fun for both adults and kids. It captures still photographs, too.
The drone comes with several accessories and replacement parts, and the additional rechargeable batteries give extended flight sessions. We crushed a controller under a tire, and the company was quick to respond and send a new one for a reasonable price - Great customer service! If you are stuck trying to decide between drones: buy this one, because you won't regret it!","Reviewed in the United States on December 9, 2025"
R1WWZIAD4NK3XG,B09B9QM6L2,1.0,Drone unresponsive to controller.,"It was launched, flew up and around and then it was quickly out of range and did not respond to the joysticks position to bring it back and was lost. Waste of a Xmas gift for my grandson!","Reviewed in the United States on January 1, 2026"
RR2VOYQ020LAD,B09B9QM6L2,5.0,Good first day of flights,"Kids got this for Christmas and first day playing with it is great fun.

It is easy to start up and get started. We have just used the controller. We look forward to trying the app for video and some of the other settings in the manual tomorrow.

It comes with 2 batteries that charge with a micro USB (cable included). Each battery lasts for about 10 mins.

Overall good first drone experience and the 9 and 11 yo boys love it.","Reviewed in the United States on December 26, 2025"
R1SMH6W11E9X2E,B0FP9R7KSQ,5.0,Good for value,A little smaller than I thought. But it has flown great so far.,"Reviewed in the United States on July 7, 2026"
R9XGIK7362A4A,B0FP9R7KSQ,1.0,DON'T TRY TO START YOUR DRON IN YOUR HOUSE.,no ... it broke the first day I tried to fly it. would not buy that Brand again.,"Reviewed in the United States on April 16, 2026"
R2A9XZUO8GUH7H,B0FP9R7KSQ,3.0,Garbage tiny short fun just like your boyfriend.,Trash but fun to fly not very big or worth the money. The camera and screen have substantial lagg. Has a very short battery life 7 to10 minutes of flight. 20 if you don't really care about actually having control over the drone. Instructions are standard broken English nonsense. Camera quality is also trash. Made of very cheap weak plastic and has zero wind resistance due to its size and lack of weight or power. Controlls okay.,"Reviewed in the United States on June 1, 2026"
RJ215R9B0RXMB,B0FP9R7KSQ,4.0,Drone,Cool toy,"Reviewed in the United States on June 20, 2026"
R3LALAGOOWITWF,B0FP9R7KSQ,1.0,Sucks,A piece on it won't stay on and it hovers terribly. Does not record,"Reviewed in the United States on March 4, 2026"
RSIADYJCIHWKO,B0FP9R7KSQ,1.0,Drone,"Didn't want to hover good, darting back and forth, trash","Reviewed in the United States on February 2, 2026"
R16J1XZJHY4HTA,B0FP9R7KSQ,5.0,Smooth Flying Experience,"Optical flow ensures stable flights. Screen controller is responsive, and dual batteries let me fly for hours. Highly recommend!","Reviewed in the United States on October 21, 2025"
R1JCDEK7N76TLQ,B0FP9R7KSQ,5.0,Great Value for Money,"Comes with everything—screen, 2 batteries, SD card! Flies steady, easy to adjust speed. Worth every penny for beginners.","Reviewed in the United States on October 21, 2025"
ROHV955NE3K5S,B0FC69FCKH,4.0,Great as a proper first time drone,"The drone shipped promptly and arrived in its case inside a box perfect to give as a gift. The drone comes with its own secure case, the remote, spare blades, and one battery. It does have instructions on how to get your drone up and running, but it is simpler if you can find an online video. The drone is well made, it does weigh more than 0.55 pounds, which does put in the class of needing a Remote ID. The drone works better with iOS, than with android, but the android still works. It comes with a 4K camera with some stability built-in, but it is not perfect.

The drone does come with the standard hover and home functions, but it does supply additional Blades in case you hit something. The important thing to remember is you have to do an online class and register your drone with the FAA and have a Remote ID when you operating this drone as it weighs more than the 0.55 pound requirement. This drone comes with only one battery ,I would’ve preferred to have received two batteries. I did find additional batteries from a store called DEERC that had the specific battery that will fit this drone.

There are many drones on the market at varying prices with varying abilities and this drone gives you all that you will need as a first time drone operator at a typical cost for drones.","Reviewed in the United States on September 19, 2025"
R1AA7K74RDANRL,B0FC69FCKH,4.0,"A decent drone in this price range, but a little rough around the edges","Ease of Use: like most GPS drones there's a lot going on and a fairly steep learning curve. Once you get past that it was pretty easy to use.
Value for the Money: Kind of 50-50 on this, it had most of the features of my thousand dollar drone, but they didn't seem to work quite as reliably
Functionality: Some of the functions were a little dicey.
Range: I tested the drone for range and as long as it was direct line of sight you could fly it to where you couldn't see which way it was going. The battery life was as advertised.","Reviewed in the United States on August 8, 2025"
ROI9PZQW43UP5,B0BL3NZT5D,5.0,Thus drone is top tier!,"I am extremely happy with my DJI drone purchase! The quality is outstanding from the moment you open the box. The drone feels premium, well-built, and very easy to operate whether you’re a beginner or experienced flyer.

The camera quality is absolutely amazing — crystal clear video, sharp photos, and smooth stabilization even while moving. The flight performance is impressive as well. It’s stable, responsive, and handles wind better than expected. Battery life is solid, and the intelligent features make flying both fun and stress-free.

What really stood out to me was how professional the footage looks without needing a lot of editing. DJI truly pays attention to detail, and it shows in the overall experience.

If you’re looking for a reliable drone with exceptional quality and performance, I highly recommend DJI. Definitely worth the investment!","Reviewed in the United States on May 9, 2026"
R3Q10ND5WU1A3F,B0BL3NZT5D,5.0,Amazing video - much easier to fly than anticipated,"Amazing product. The video looks professional and flying the drone is much easier than expected. After a test flight, was able to get the drone up and get some aerial video that looked amazing!!

The remote with the screen was much easier than having to sacrifice the phone with the other remote.

The 249g size is important for both here and in Europe (planning a vacation) to get around many of the regulations on flying.","Reviewed in the United States on July 30, 2026"
R24ENHGDZ9HADD,B0BL3NZT5D,5.0,"Rough Start, but Flawless Performance and Incredible Value! ★★★★★","I bought the DJI Mini 3 bundled with the DJI RC (the remote with the built-in screen), and despite a brief hiccup at the beginning, I am absolutely thrilled with this purchase!
On my very first unit, the memory card reader was defective and wouldn't register any SD cards when inserted. Fortunately, the return and exchange process was painless. The replacement drone arrived quickly and has been working absolutely flawlessly ever since.
I was lucky enough to snag this setup on a great deal for around $340. Even though the price has gone back up closer to $550, it is still a fantastic drone. If you can manage to find it on sale—especially if you can grab it for anywhere under $400—it is an absolute steal and worth every single penny. The built-in screen on the controller is a game-changer and makes flying a total joy!","Reviewed in the United States on July 17, 2026"
R1SLRDOBIWWOAE,B0BL3NZT5D,5.0,Best drone for the price,"This is easily one of the best drones you can get for the price. The camera quality is amazing, the flight is very stable, and it’s super easy to use—even for beginners. It’s lightweight but still feels well-built and reliable.

Battery life is solid, and the overall performance exceeded my expectations. Highly recommended.","Reviewed in the United States on April 25, 2026"
R2YC30RFSSL2E9,B0BL3NZT5D,4.0,"Huge improvements over the Mini 2 SE, the upgraded controller is worth the price","Love it, just wish for the price it would've come with an sd card for the controller at least so it could save maps without having to first buy another sd card just for it. I love the controller's screen ,ts bright, crisp, and not cheap feeling at all, same for the controller and joysticks. I like the dual scroll wheels to control zoom and the gimbal, and the picture quality is soooooo much better than my Mini 2 SE. The mini 2 SE I have occasionally has a gimbal failure that makes its video feed useless.

This one feels much sturdier and doesn't feel or look cheap. NIght time flying is great too as with the automatic settings motion is natural and clear without having to adjust things like gain. You have the option to, but on automatic I was very surprised with quality and accuracy. During the day on a celar day, you can see a huge area from the drone can see for miles, especially with the zoom range this thing has, its reallly impressive.

The controller makes it so much worth flying in gteneral simply from not hafvingt rto pull out your phone to use it makes the expeirence much smoother and professional feel to the hwole thing.

For the price it wouldf be nice if it came with a storage/carry case, but I at least was able to get it on one of those special deal days so It was worth it in the end. Now I just gotta save up for a case, another battery, and an external charger. Battery life on this thing is great, at least double that of the Mini 2 SE.

The one feature it lacks that I wish it had would be waypoint flying, and /or obstical detection and avoidance in 3D vs jkust the landing obstacle detection its built with just like the Mini 2 SE.

Flight is much smoother, faster, and videoi has a very cvinematic feel to it, even on sport mode. Range is phenomenal, I can fly all the way to the tollway where I live at, at max legal altitude, and then zoom in tight enough to see the licvense plate of a carr even if its too far to read the numbers its impressively detailed and zooms smoothly as well.","Reviewed in the United States on April 29, 2026"
R2Q84KF1EQZBFV,B0BL3NZT5D,5.0,Amazing 4 beginners,I loved it but I suggest always flying this in open field first or for awhile till u get hang out it cuz yes its easy to fly AND ALWAYS will return home as the previous 2 drones I got were cheap and not DJI company and never returned home.but this one is perfect for beginners and or anyone to be honest BUT get the insurance its worth it and a must if ur buying a drone cuz eventually u will.crash it or once its lost wish u had hotten the insurance its cheap so amazong product/drone and im waiting on another replacement,"Reviewed in the United States on June 18, 2026"
R1EXX69I853O6Z,B0BL3NZT5D,5.0,Amazing quality and easy to use,"The camera is amazing, fun to fly, battery is great and easy for beginners, recorded family vacations with it.","Reviewed in the United States on June 10, 2026"
R2EPBUM056INT0,B0BL3NZT5D,4.0,Incredibly good quality,"I was astounded when I unboxed my new DJI Mini 3. The packaging, the engineering, the quality and precision were obvious. It seems that DJI has borrowed from Apple's playbook when it comes to packaging and precision. I am a novice drone flyer and I'm still learning this new one. So far the results are impressive - easy to fly, even in gusty winds, and despite the buffeting, the gimbal keeps the videos steady. The video resolution at 4K is impressive too. Will update my review as I gain experience. Will see if it deserves a 5 star review.","Reviewed in the United States on March 21, 2026"
R28WO6VVZSG1YQ,B0DKJJK4XK,5.0,Drone for Beginner Drone Pilot,This is the best mini drone on the market. This is my backup drone in case something happens to #1 drone.,"Reviewed in the United States on June 17, 2026"
R191XGRHFJDAHO,B0DKJJK4XK,5.0,"This is the best drone, from the best company, when all things are considered.","This is a most awesome drone! I went with Potensic over DJI primarily for the price. For example, what do you get with the DJI Mini 4K that you don't get with the Potensic ATOM 2? Perhaps waypoints, but that is not enough to justify the higher cost of the DJI product. It turns out to have been a good decision, as DJI will most likely be banned for sale in the US anyway.

This was bought as a replacement for my original ATOM 2 drone which, unfortunately, was stuck in a tree for six months. The original drone finally fell out of the tree and my brother sent it to me. I was shocked at the build quality of the drone itself. All I had to replace was one set of props, on the port side forward arm. The battery, however, was completely dead, as it wasn't able to be charged to far too long a period of time. On a side note, in an unrelated event, Potensic has offered to send me a new ATOM 2 battery. As is the case with the new controller, Potensic really seems to listen to its users.

For these reasons, I would highly recommend Potensic drones to anyone. Not only are they built extremely well, the company is extremely responsive to its customers. Now it only they offered a drone with obstacle avoidance and waypoints, the DJI holdouts would probably make the switch.","Reviewed in the United States on November 8, 2025"
R3FX2WV75I4C35,B0DKJJK4XK,5.0,Beginner drone,This is an excellent drone for the beginner and for the more Season Pro. Captures excellent 4K video and the AI night mode is phenomenal. I recommend this to all my drone friends.,"Reviewed in the United States on April 8, 2026"
R15OTFRYS9MSFZ,B0DKJJK4XK,4.0,Buy the new remote with screen.,A fine drone!!,"Reviewed in the United States on December 5, 2025"
R2WNUMBCBAY3MV,B0DKJJK4XK,5.0,Highly recommend,Best small drone on the market,"Reviewed in the United States on April 21, 2026"
R1BCGJ29HC9C07,B0DKJJK4XK,5.0,Flight Safety,Be careful using the cruise control l lost control and l had a flyoff into a tall tree l couldn't recover the Drone,"Reviewed in the United States on July 20, 2026"
R14Q1AXNTQ3NZ7,B0DKJJK4XK,5.0,Amazing Drone,"edit: after speaking with support, all issues have been resolved.

Great camera sensor, easy flight controls, all features present, and a fair price point. About the best drone you can get for the price, and support does a good job reaching out regarding any issues.

Support is on a different time zone so please allow them time if you do reach out. They were nothing but kind and pleasant to hear from each time.","Reviewed in the United States on September 9, 2025"
R3BHGHOB9G850E,B0DKJJK4XK,3.0,Función,"He comprado dos drones de esta marca, evitar frustraciones.","Reviewed in the United States on March 16, 2026"
R2VWCSTSH90N6J,B0BL3T49JF,5.0,Extremely impressive you won't lose it,"Incredible drone! It’s unreal how I launched it off my building’s rooftop. The wind was strong up there, but the image was perfectly still. You couldn’t tell it was moving at all, like studio-quality film. I flew a couple of blocks away, all the way down to the wharf. There’s a hill and a bunch of buildings between me and the wharf. I ended up losing signal over the wharf and got scared. I thought I’d lose my drone, but it actually raised up in the air so high it went above the limit it’s usually allowed to go. It didn’t stop going up until it reestablished a clear connection with my phone and remote. I was able to fly back home without any problems. I was so relieved.

I could’ve stopped flying before it got out of reach. It was giving me serious indications that it was about to lose signal. It was flashing in and out and blinking that I was out of range, but I just kept pushing it anyway. I don’t know what I was thinking.

The drone is pretty friendly, very easy to use, and extremely portable. It’s very lightweight, and I actually put it in the pocket of my pants and rode my bicycle without even it being uncomfortable.

It’s also extremely durable. I crashed it once without blade protectors, and you couldn’t even tell that I wrecked it. There was only a small scratch on one of the blades.

The only function I wish it had was auto-tracking. It doesn’t auto-track a person or bicycle and follow you on its own.","Reviewed in the United States on November 18, 2025"
R1OJRUGNQ8PAQ6,B0BL3T49JF,5.0,Great quality,This is a lot of fun. All other brands would compare to the dji. They are a little more pricey but the quality and pictures are worth it. You won't be disappointed with the purchase. I would recommend getting a case right away and an extra battery and charger,"Reviewed in the United States on June 9, 2026"
R1689QVUGUQF80,B0BL3T49JF,5.0,Excellent drone for both beginners and experienced pilots,"Out of all the drones I've owned, this is easily the one I would recommend the most.

One of its biggest advantages is how portable it is. Being under 250 grams makes it easy to take almost anywhere without giving up performance. The build quality also feels much better than many of the other drones I've used, and it has held up well.

The camera is excellent, producing sharp photos and great-looking 4K video. Battery life has been more than enough for my flights, and the connection between the controller and drone has been reliable as long as you're flying in a reasonable environment.

As a beginner, I found the controls very easy to learn. The DJI Fly app is simple to use, making setup, flying, and transferring footage straightforward. Another huge advantage is DJI's customer support. Unlike many cheaper drone brands, they actually have responsive support if you ever need help, which adds a lot of confidence when buying an expensive drone.

Overall, I think this drone offers excellent value for the money. It's compact, powerful, reliable, and takes amazing photos and videos. Whether you're just getting into drones or looking to upgrade, I highly recommend the DJI Mini 3.","Reviewed in the United States on July 23, 2026"
R1IEH7ZB6I1VNE,B0BL3T49JF,5.0,Great for photography/ videography,"This is an AMAZING drone. Video and picture quality is unreal. I couldn’t be happier with my DJI Mini 3. This is actually my first drone and I got it for an add on to wedding packages. (I’m a photographer) This drone strikes the perfect balance between being compact enough to take anywhere and powerful enough to capture smooth, professional-looking footage. It’s incredibly easy to fly, even as someone who’s not a professional pilot.😂😂 The controls are intuitive, and the drone feels stable even in light winds. I’ve flown it around houses and open fields, and it handles both with confidence. The return-to-home feature gives me peace of mind, especially when I’m flying further out.

CONS: Battery life from what I’ve used is not the best. I can get about a good 30 minutes of use before it needs to be charged again.

I included a video of me flying it around my parents house. I did edit it in Lightroom to give it that cinematic look. Enjoy!","Reviewed in the United States on September 26, 2025"
R2L8MYJ0SGZ1FC,B0BL3T49JF,5.0,The best buy of the year,"I got this at a very lucrative deal, which gave me around a $100 discount. The delivery was on time (could have come earlier but I love the wait). Coming to the drone, I believe for the price I paid for this, we usuallt get a dji mini 2 se and can never be compared with the mini 3 , mini 3 destroys mini 2 se in almost all fields. Well built, not even a tiny bit of imperfection, everything works as it should. The Materials and the moving parts dont feel flimsy at all. The flight time is a full 30mins even when it says 38 on the box. I am talking from real life scenarios. I would suggest buying a highspeed sd card preferably 128gb, but I highly doubt you will be able to fill it. The connection is flawless and the reception is too good. Camera quality annihilates any other drones in this category (please note its competition is mini 3 pro which nothing but the same drone with a obstacle detection, which I dont need ofcourse). The mini 3 recently has received a firmware upgrade which lets it take 48mp stills (hoping they add tracking, afterall its just a software feature). The return to home feature works flawlessly and I have used it almost everytime I am done flying it, its precise unless you are in a remote area with less gps coverage. Overall I am very satisfied with the buy, this is a marvel of modern technology and I would suggest anyone who wants to own it to not think twice and pick it up. If you are novice flyer I would suggest u to go for obstacle avoidance system which is in the pro models. Get the fly more combo if you want to fly it more than half an hour because the charging time is more if you use the drone itself to charge. I believe the fly more combos are a steal with the package that they offer. Go get this guys you wont regret buying this.","Reviewed in the United States on September 30, 2023"
R3RTAJJRXZV0HQ,B0BL3T49JF,5.0,Excelente,Excelente drone,"Reviewed in the United States on July 5, 2026"
R3I8SRV4CEAMXE,B0BL3T49JF,5.0,Easy and worth the money,This is a great drone for the money that’s simple to use and the battery lasts awhile. I like it.,"Reviewed in the United States on July 8, 2026"
R3ESV2VWGFW22Z,B0BL3T49JF,1.0,Connection Problems and No Resolution from DJI,"I purchased this drone specifically for an important trip, and unfortunately it has been one of the most frustrating electronics purchases I have made.

The main issue is an intermittent connection problem between the remote controller and my phone. Sometimes everything works perfectly, but other times the phone fails to recognize the controller, disconnects unexpectedly, or loses connection during flight. What makes this especially frustrating is that the issue is sporadic and difficult to reproduce consistently.

I spent considerable time troubleshooting before contacting support. I tested multiple USB cables, multiple phones, and verified that the cables and phone ports were working properly with other devices. Despite all of this, the problem continued to occur.

At one point, the controller disconnected while the drone was in flight. I recorded the incident and provided video evidence, screen recordings, flight logs, and detailed explanations to support. I had already sent the drone and controller in for inspection once before, but because the issue is intermittent, the service center could not reproduce it and returned the equipment without resolving the problem.

Now I am being asked to send everything back again for another inspection that may take several weeks. Unfortunately, I purchased this drone specifically for an upcoming trip, and there is a real possibility that I will not have a functioning drone available when I need it most.

The drone itself has good image quality when it works, but reliability is far more important. A drone that may randomly disconnect from the controller or phone during operation is not something I can confidently recommend, especially considering the difficulty of obtaining a timely resolution through support.","Reviewed in the United States on June 17, 2026"
RHH2D87KX0M8T,B0FPQ9NKJ6,5.0,Great drone,"Great drone for the money! We really enjoyed taking this out to the park as a family. It had a great carrying case and lasted a good while for the battery life. Even my children were able to have fun with it, so it's suitable for beginners.","Reviewed in the United States on April 8, 2026"
R1PYNPRUQHAE43,B0FPQ9NKJ6,5.0,Fun little gadget!,"Absolutely worth it! I bought the Mini Drone with Camera (1080p FPV, foldable, beginner + kids friendly) from Amazon and it exceeded my expectations. Setup was super easy — just charge the batteries, connect with the app, and I was flying in minutes. The 1080p camera captures clear video and the adjustable lens is a nice touch. I was especially impressed with how stable and easy to control it is: altitude-hold, headless mode, and one-key takeoff/landing made it great even for a first-time pilot. The foldable design and included carrying case make it convenient to take on trips. With two batteries included and up to 24 minutes total flight time, I had plenty of fun flying it outdoors and indoors alike. For the price, it’s a fantastic value — a great gift for kids or anyone new to drones.","Reviewed in the United States on December 4, 2025"
RLVYQXC8VEZZO,B0FPQ9NKJ6,5.0,amazing,"I brought this for my son, it's super easy to use, great quality, and easy steps to set up, he loves it, the altitude is perfect and holds steady, the video is great very similar to my cellphone quality, great stability and the battery last for long period, it comes with 2 batteries and a cable to charge.","Reviewed in the United States on March 4, 2026"
R12TLFVGK9E5ZS,B0FPQ9NKJ6,5.0,"A Beginner Drone, Camera Lacking","I just got the JY012 and have only used it indoors so far, but I’m impressed with what it can do for a beginner drone. The box was very small, yet the drone itself is a great size for a first-time user. Setup took seconds, calibration was easy, and altitude hold made learning to fly much less intimidating. I was surprised by features like stable hovering, speed changes, 360 orbit, and even gesture-based photo and video capture.
As a beginner, the biggest learning curve is orientation—controls change depending on which direction the drone is facing—but that comes with practice. Indoors feels a bit restrictive due to how responsive it is, so I’d recommend flying outdoors if possible. It did drift at first, but after adjusting it hovered very steadily. Battery life is short (about 10–15 minutes), but charging only takes around an hour.
The biggest downside is the camera quality, which is very low resolution. That said, I wasn’t buying this for photography, so it wasn’t a deal-breaker. I crashed it once and it held up fine. Overall, it’s worth the price and a fun way to learn how to fly a drone. Great for beginners, not for experienced pilots or anyone focused on camera quality. I’d buy it again or gift it.","Reviewed in the United States on December 25, 2025"
R2VYCO20K7Q3LB,B0FPQ9NKJ6,5.0,Drone with camera,Very neat little drone. Works really well. Nice camera that appears to be pretty clear. This drone did great for the price. Definitely would recommend especially as beginner,"Reviewed in the United States on March 19, 2026"
R3L7LGT2F447AY,B0FPQ9NKJ6,5.0,Es muy fácil de usar,My son Is really happy with His gift,"Reviewed in the United States on July 25, 2026"
R3A3HW1WW9BK9Z,B0FPQ9NKJ6,4.0,Basic drone,Is a basic drone for beginners. Do not fly it when windy.,"Reviewed in the United States on March 20, 2026"
R1945ANNB8SJIU,B0FPQ9NKJ6,5.0,Tha,Thanks this is great,"Reviewed in the United States on July 26, 2026"
R2Z8HLM9MUJDQM,B0B91W4Y4P,5.0,Worth the price!,"The video showcases the product in use.The video guides you through product setup.The video compares multiple products.The video shows the product being unpacked.
Video Player is loading.
Click to play video
Play
Mute
Current Time 0:00
/
Duration 0:24
Loaded: 25.02%
0:00
Stream Type LIVE
Seek to live, currently behind liveLIVE
Remaining Time -0:24
 
1x
Playback Rate
Chapters
Chapters
Descriptions
descriptions off, selected
Captions
Captions off, selected
English
Audio Track
default, selected
Fullscreen
This is a modal window.
I love how it flies and it’s real stable, you just have to be good at flying a drone 😂. It’s stable enough to fly around in my house and it’s real fun and easy to connect. Camera is what you’ll get from a drone that’s 27 dollars but whatever. You have 2 batteries with the default pack and from my experience I don’t relate to the 1 star ratings you see. The video that you see is my dog captured on the couch when they aren’t supposed to be on the couch. Followed by a crash landing on my end because I accidentally backed it up. 😂 This drone can take a beating I mean I got it yesterday and I’m great at flying the drone since it’s so easy to learn but when I flew it for the first time I crashed it at least 10 times in my garage and outside on straight cement. It’s still flying great and on has a little scuff mark from when it fell from 30 feet high on to my house and then fell straight onto my driveway.","Reviewed in the United States on July 15, 2024"
R3HJPFI3I6KCVG,B0B91W4Y4P,5.0,Amazing purchase,"it came just as described! Got it for my son for his 15th birthday and he LOVES IT ! Even had the neighbors out with him enjoying it . It even connects to you phone . Of you lose it , it'll beep until found and also can follow it from the app you download ! Very durable, definitely worth the money ! The remote controller works perfectly. This was a great gift","Reviewed in the United States on April 3, 2026"
R1C0GTWGYL3ZYS,B0B91W4Y4P,1.0,Do NOT overlook its 3-star rating! $5 Mini Spinners have better control than this garbage!,"It won’t fly straight at all! Every launch goes up and to the side, erratically until it crashes into something. No amount of training or directional control will correct this, because it’s due to being flimsy and misaligned.

Even at this lower price point, most cheap toy drones fly straight up until you interact. Not this one. It’s horribly developed and calibrated. A company selling crap just to capitalize on recent drone hype. And the reviews reflect this. Nobody has anything positive to say except it’s cheap. Nearly every one mentions it’s impossible to fly.

Trust me and find a 4 to 5 star drone, because you WILL return this one, trash it, but you’ll NEVER use it, because it can’t do its core function!","Reviewed in the United States on December 21, 2024"
R1WQ5L970GM6QZ,B0B91W4Y4P,3.0,You get what you pay for!!!!!!!!,"Eeeek this thing feels cheap. Like when you buy almost anything from the 99¢ store. It feels like one crash and it's going to crumble.
All that aside. It does fly. So. Yay? Win??","Reviewed in the United States on July 17, 2026"
R310ZXZQ3IF9L8,B0B91W4Y4P,4.0,Great,Great for a hoft,"Reviewed in the United States on December 25, 2025"
R10AJ9TTTWTKD6,B0B91W4Y4P,5.0,THE PRICE IS TERIFFIC!,Good choice and price for a young kid or first time user.,"Reviewed in the United States on May 22, 2026"
R2WW2ZS6UE20MP,B0B91W4Y4P,5.0,New hobby for the kids!,I ordered these for my children as Christmas gifts. They are perfect for a child learning to fly a drone and also easy enough for them to operate and connect their iPad or phones to it.,"Reviewed in the United States on January 14, 2026"
R1XFQCIZ7FY22X,B0B91W4Y4P,5.0,Drones,Muy bueno los utilizo para mis aventura,"Reviewed in the United States on May 2, 2026"
R4YC4R3VXHRM2,B0H4B9LH8F,5.0,Great Value for a First Drone,"I was looking online for a birthday gift for my preteen, and this drone caught my attention. It arrived on time, which made my kid's birthday even more special.

We first tested it indoors, and the real-time camera immediately impressed us. Then we took it outside to our driveway, where it flew smoothly and responded well to the controls. It was easy to fly, and the stable performance gave my child confidence right away.

My kid has been playing with it ever since and absolutely loves it. This is a great drone for first-time users—it's user-friendly, performs well, and offers excellent value for the price.","Reviewed in the United States on July 30, 2026"
R1DBNAAVOET5T4,B0H4B9LH8F,5.0,Perfect First Drone for Beginners,"I'm really impressed with this drone for the price. It's very easy to fly, making it a great choice for beginners. The controller with the built-in screen is a huge plus since you don't have to rely on your phone. Setup was quick, and the controls are responsive. The 1080p camera takes decent photos and videos in good lighting, and the foldable design makes it easy to carry around. Battery life is good for several short flights, and it stays stable in calm weather. Overall, it's an excellent value and a fun drone to learn with. I would definitely recommend it.","Reviewed in the United States on July 31, 2026"
R3KYGNNMOCENH1,B0H4B9LH8F,5.0,Excellent option to start with,"I just received this drone and my first impression was very good. It feels high-quality, it's easy to set up, and I was flying it within minutes. The controls are simple, so even if you've never used a drone before, it's very easy to learn.
The camera provides a clear image for capturing photos and videos, and I liked that it's foldable because it's very practical for storing and taking anywhere.
I'll show you a picture of how it can be stored very conveniently.","Reviewed in the United States on July 28, 2026"
R1CFWFZ0ORZVNV,B0H4B9LH8F,5.0,Great for a hiking trip,"Made it just in time for my hiking trip! The camera quality is pretty good and the best part is the drone comes with a protective case. It’s lightweight and compact so I don’t have to worry about wasting space in my backpack. After playing around with it for a bit its surprisingly easy to control and use, I might try using this for a POV shot at my local anime convention or for my beach trip to get a shot of everyone for a photoshoot.","Reviewed in the United States on July 24, 2026"
R2EBJF02L5H1MS,B0H4B9LH8F,5.0,Drone,"The TD12Pro is a fun and easy-to-fly drone that’s perfect for beginners. It was simple to set up, the controls are responsive, and the 1080P camera captures decent photos and videos. The foldable design makes it easy to carry, and the One Key Start feature is great for first-time users. Overall, it’s an excellent value for the price.","Reviewed in the United States on August 2, 2026"
R20NXFJVIG4MIH,B0H4B9LH8F,5.0,起飞很快,"I received the goods. The packaging is excellent. The product is genuine and the price is reasonable. This is my first time buying a remote-controlled plane, and the remote signal is very good","Reviewed in the United States on August 2, 2026"
R24XLSHOESH5YP,B0H4B9LH8F,5.0,Awesome gift,Bought this as a gift and it was a huge hit. It’s great for beginners. He was impressed by the camera and battery life. Great price for a great time:,"Reviewed in the United States on August 2, 2026"
R3V7X2IBZO9CPB,B0H4B9LH8F,5.0,Good quality at Great price,"I got this drone today, it is great for the price! Easy to set up, flies smoothly, and the camera quality is better than expected. The carrying case keeps everything organized. Highly recommend!!!","Reviewed in the United States on August 1, 2026"
R1YN1DHCCJZM41,B086VB89L8,5.0,Awesome Little Drone for Kids and Beginners!,"I got this drone as a gift for my nephew, and he absolutely loves it! It’s super easy to use, even for beginners. The one-key start and altitude hold make flying smooth, and the controls are very responsive. The camera quality is surprisingly good for a mini drone, and the gesture selfie feature is a fun touch!

I also appreciate that it comes with two batteries, so the fun doesn’t have to stop too soon. The 3D flips are a huge hit, and the voice control feature adds an extra layer of excitement. Overall, this is a fantastic little drone that’s perfect for kids and even adults who just want a fun flying experience. Highly recommend!","Reviewed in the United States on February 5, 2025"
RUYN0784PEA8V,B086VB89L8,5.0,This is an awesome mini drone...,"I was extremely surprised at how much fun this D20 drone is to fly. It's meant for Kids to fly but even me being an adult found this drone to be super fast for the size of it. I have other drones that are much more expensive but for this price you won't find yourself disappointed with this purchase. This unit has been reliable and comes with 2 batteries which do give you 10 mins on slower speeds, about 8 1/2 mins on the fast speed. You get about 20 mins with the 2 batteries flying time. You can't beat the features this unit has from 360 flips to headless mode (which is awesome when learning to fly), to one key take off and landing makes it extremely simple to fly, especially for a kid new to flying drones. This unit paired excellent with no problems and even downloaded the app with the phone which is not perfect, but to pay such a cheap price it is actually pretty good. The camera, which obviously is not like a $300.00 and up drone but it will get you by for quality if there is no wind to bounce it around. The best thing is it folds up and fits in your hand to take it anywhere you want. If you don't want to spend alot of money and want awesome features at this price point, go get one!!!","Reviewed in the United States on May 10, 2021"
R3FCG3062BTRX,B086VB89L8,4.0,"Faulty Remote, 2nd time's the charm","ORIGINAL REVIEW:

Was so excited to get this drone for my kids, good reviews, extra batteries (their micro drones gave only a couple minutes of fun before they died), good protection for the propellers (unguarded propellers on micros were constantly getting damaged and they had gone through all the extras that came with them w/no way apparently to get new ones). But out of the box the remote had an issue. Right joystick is sticky when you move it to the right. And by ""sticky"" I mean it gets stuck. I tried to work around it, but it's simply a no-go for something brand new. It goes zooming off in the direction that it is stuck and crashes. So sad to have the excitement of my kids ramping up and then come crashing down along with the drone. This one's heading back, though (since it came so fast and is relatively cheap) I'll probably try another one and hope for a good remote. Statistically speaking I shouldn't get a messed up remote twice in a row, right??

****** EDIT: (2nd drone) *******

So I did get a 2nd drone and can now give a slightly more informative review. I changed my rating to reflect my 2nd experience, though I think it's only fair to leave a quality control warning. My 2nd drone works fine, the remote isn't sticky and it does everything it is supposed to do. Having 3 batteries is great since they do run out relatively quickly (but not crazy fast), but the battery changing process is what makes this (to me) just a 4-star product. I know it's a micro drone so everything is small, but it's kinda hard to get the battery connector off of this thing. Might be in part because I have really big hands, but by design it is pretty hard to reach by where it is placed and the fact that the wires get in the way. The easiest way to do it would be to pull by the wires, but that goes against everything I was ever taught about unplugging things. And because you have to change batteries relatively frequently with this or any micro drone, this is a sore spot for me. Like I literally dread changing the batteries. Small-handed people may not have this issue, but it's very real for me.

Batteries aside, it's a fun little toy, easy to fly and the propeller guards do wonders - I have no doubt that they have kept this thing alive much longer than any other drones without guards since propeller damage is the #1 killer of drones. I think this is a great gift for kids or for bigger people wanting to learn how to wreck a drone without great financial impact.","Reviewed in the United States on June 8, 2024"
R62X2C8ZKQXQZ,B086VB89L8,5.0,Excellent drone,"I was asked to be a tester for this drone. It arrived quickly and we were up and running in almost no time. After 1 flight, I lost the controls to my 8-year old who rapidly was hovering in no time.

Pros:
- I really like the packaging. It comes with a case to carry everything.
- Includes 2 batteries and 2 chargers. Great for charging 1 battery while flying on the othe
- Cartridge type batteries. I like that there was no opening hatches and pulling on wires/connectors to change out the battery. Just slide out one battery and slide in the new one
- Good battery life
- Fairly tough; survived 25+ crashes
- Easy to install iPhone app that was very intuitive
- Very fast compared to a couple of other drones we have. I played drone ""chase"" with my son and I could easily outrun his HS140.
- Folding arms/motor into a very compact form

Cons
- I prefer separate trim buttons. The remote has 1 trim button that puts the remote into trim mode. The joysticks are then used input the trim settings. The drone is uncontrollable while trimming. The trim mode does time out after about 2 seconds if there is no stick input. However, I had to get out of trim mode while still not trimmed out completely, just to get the drone back under control (especially outdoors with a little bit of wind).
- Very grainy video. HS140 seems to have a better camera, but it is also much bigger.
- The transmitter holder for phones did not fit my iPhone 7+ with a phone case installed. The holder is a spring loaded clamp where the clamp extends to get the phone in. It should extend a little more to accommodate larger phones.
- I don't like the pushbutton for transmitter on and off. With the door/phone holder closed, you can't tell if the transmitter is on. It does have different sounds for on and off. I prefer an on/off switch with a large LED like the HS140

We flew the drone a lot for about a week before it finally broke. I admit I crashed a few times, but my 6 and 8 year olds were very hard on the drone, as were some other children in the neighborhood. I was very impressed that such a small drone survived as long as it did. In the end, the plastic gear attached to the motor shaft spin and it appears that the inside of the gear is melted. I tried to take some pictures to see the damage. This was most likely the last crash where the motor was trying to spin the prop that was being prevented from rotating.

Conclusion:
I really like the drone. The advantages/features greatly outweigh the disadvantages/weaknesses. I do recommend this for more experienced drone pilots. It did not stand up too well to the abuse my young children provided. Great value/product for the price.","Reviewed in the United States on January 17, 2021"
R2V12PFBFIOB6,B086VB89L8,3.0,It is a flying drone in the first place,"I bought this product because I was always looking for a small helicopter or drone to fly around outside. The helicopters I tried in this price range had problems to maintain the position while hovering. So I was excited to try out this drone from DEERC.

Box Opening:
When it arrived, I noticed the clean look of the packaging for the D20. I appreciate that. Everything was well packaged and sitting tight in the respective places. It came with the drone, transmitter, 2 batteries, USB charging cable, 4 propeller guards, 1 set of replacement propellers, screwdriver, and manual.
Taking the drone out it felt that the quality for an pretty much all plastic device was decent. There is some extra plastic molding around the camera, but it does not impact the device performance. The transmitter is what you would expect for this price and it works fine.

Initial Setup:
We took everything out and followed the manual. Pairing the drone to the transmitter was easy and worked right away like a charm. I downloaded the app and had my phone connect to the drone’s access point. This worked but I had a more stable connection when I put my phone in airplane mode to make sure it would not switch between WIFI networks. Many phones nowadays are trying to give you an internet connect no matter what you do. The camera has 720p resolution and is fine and works but you cannot expect miracles.

Experience:
I stayed far below the max altitude of 131 feet but nevertheless it was fun flying around and doing circles. The drone responds quickly, and I had to practice a little to get used to the agility. I recommend starting outside or far away from valuables. Unfortunately, the camera disconnected every time right after the drone is up in the air. Also, it was challenging to keep it stable when it was in hovering mode even though I used the trim, and drone calibration. I crashed the drone in a bush once and it was still working fine. The battery life was great.

My summary:
This is a nifty little drone and is fun to fly around. The battery life is excellent. I decreased one star for the fact that it kept drifting off in hovering mode. The other star comes off for the app and the fact that it keeps disconnecting. If you just want a drone to fly around and do some spins this would do the trick in this price range.

** Update **
Added a product picture to show how the product is packaged.","Reviewed in the United States on September 3, 2020"
R3CITIMYY1B39Z,B086VB89L8,5.0,"Fun, Easy, and Surprisingly Capable Mini Drone — Great for Kids & Beginners","I bought this mini drone for my kiddo (8 years old), and it has been a total hit. Setup was quick, it’s very easy to fly, and the 720p FPV camera makes it fun to see what the drone sees in real time. It’s the perfect mix of simple controls and features that keep kids (and adults) engaged.

First Impressions & Setup:
Right out of the box, everything was clearly labeled and intuitive. Charging the drone and controller didn’t take long, and the included instructions were easy to follow. My kid was flying within minutes, which was awesome — no complicated assembly required.

Flight Performance:
The controls are smooth and responsive, even for a beginner. Take‑off and landing are simple, and the drone stays stable in the air thanks to built‑in altitude hold. It handles basic maneuvers like forward/backward, left/right, and 360° flips with ease, which keeps flights fun.

Camera & FPV:
The 720p camera is really good for a mini drone in this price range. It streams video to the controller (or phone, depending on your setup), so we can see what it sees in real time — and that’s a huge highlight for kids. Photos and videos are decent quality for casual use and perfect for flying around the yard or park.

Durability & Safety:
It’s surprisingly sturdy. We’ve had a few minor bumps into trees and grass landings, and it held up well. The prop guards help protect both the drone and anything it might bump into — great feature for novices. It also has low battery alerts and an auto‑land function that makes it easier to prevent crashes.

Playtime & Battery Life:
Flight time is solid for a small drone — long enough to enjoy several flights before needing to recharge. The USB charging cable is convenient, and having spare batteries (if you get them) can extend playtime even more.

Pros:
✔️ Easy to fly — excellent for beginners and kids
✔️ Fun 720p FPV camera with live view
✔️ Stable hovering and responsive controls
✔️ Durable design with prop guards
✔️ Quick setup, minimal learning curve

Cons:
➖ Battery life is good but not long — get a spare if you want extended play sessions
➖ Video quality isn’t HD‑action‑camera level (but totally fine for this price and drone size)

Who This Is Best For:
Ideal for kids, beginners, or anyone who wants a fun, easy‑to‑use drone with a camera that actually works. If you’re new to flying or want a safe first drone experience, this little quadcopter hits the sweet spot.

Final Thoughts:
This mini drone delivers way more fun than I expected for the price. It’s simple enough for kids to enjoy right away, but still exciting enough with its FPV camera and stable flight to keep older beginners entertained. Definitely a great pick if you want something that’s fun, functional, and reliable out of the box.

✔️ Highly recommend
✔️ Great for gifts and family fun
✔️ Easy enough for first‑time pilots","Reviewed in the United States on January 19, 2026"
R13VH56D8ZA1IK,B086VB89L8,5.0,AWESOME,"So first off the drone is pretty good and easy to learn how to use. I had never really flown a drone before and within a few minutes I had this bad boy dialed in and confidently proximity flying chairs and tables in my house. The camera is alright and the real-time video feed is a little laggy which were my only complaints. (For this price point I expected much much worse so that's not a dig on the drone just an observation, this drone is definitely worth the money.

Unfortunately, it was not long before I started getting too confident and had a few crashes. After one pretty minor crash, one of the rotors would not work anymore and I could not take off. I tried changing out the rotors and re-calibrating with no luck.. Honestly kind of bummed but definitely got a good bang for my buck and was satisfied … UNTIL I emailed the company and they got back to me within just a couple of hours. They gave me some troubleshooting ideas and were very helpful. It still would not work so they replaced it with a brand new drone and said I could keep the old one for spare parts.

Moral of the story is if you buy the drone you will be satisfied and enjoy yourself and if you don't the company is great to work with and I am positive they will get you taken care of.","Reviewed in the United States on January 23, 2021"
R2U72HUVOI00IJ,B086VB89L8,4.0,"Easy, compact, and fun. Great beginner Drone.","My 12 year-old son purchased this drone. It was his second drone (the first one was two years ago, and it was different brand altogether), and he really liked this one. He learned to flip in on the first run, and it had pretty good range. He went out to 100 yards several times. He enjoyed bringing it out on our family walks. This was a well-priced drone for the value it provided.

That being said, we were pretty disappointed that it basically wore out one month after he got it. He didn't quite use it everyday, but pretty frequently. He got about 10 minutes from each fully-charged battery, and each walk was around 20 minutes long. So he'd switch out the batteries at the midpoint for each walk.

Near the end of one session (not a walk, but a back-yard flight), the drone suddenly lost power and essentially fell out of the air, but it did not crash exactly: it seemed to just run out of juice. After a full recharge, it failed to take flight. It seemed as if one of the back motors seemed to be weaker than all the rest, rendering it unable to fly. We tried everything from recalibrating the gyro, switching propellers, etc. We even took it to a hobby shop, but we were not able to fix the ""weak"" motor. The Hobby Shop advised us to contact the manufacturer, but we have not yet done that.","Reviewed in the United States on October 25, 2020"
R1H0UADNUQEZCW,B0DT157PML,5.0,Great drone for beginners!,"This little drone is absolutely PERFECT for beginners! I thought it would e felt really cheap, especially the controller, but it's pretty decent actually.... which I was completely surprised about. Packaging, shipping and delivery were perfect too. I would say if you are just starting out with drones, this is a great choice to learn on! Highly recommend and the seller. Thanks!","Reviewed in the United States on July 30, 2026"
R35YCVM7V3IRF1,B0DT157PML,5.0,Good speed for kids.,"Great for price! Perfect for kids, and easy for use.😀","Reviewed in the United States on July 8, 2026"
R2857AJZG1B1PA,B0DT157PML,5.0,Great for the low price,"For such a cheap price this drone works well. If you just want a cheap drone to see if you like using one, this is a good one to buy. The images look pretty clear on the phone but the resolution on the photos is fairly low. You have to manually adjust the camera angle before takeoff and there is no zoom on the camera. It’s very hard to drive if there is any wind blowing. It has 3 speeds and the battery lasts about 15-20 minutes per charge. It comes with 2 rechargeable batteries. It’s a good beginner drone or a drone for kids, but not good enough for professional uses.","Reviewed in the United States on July 2, 2026"
R3EQ7TSS3QA556,B0DT157PML,4.0,Decent for Price,"I didn’t have super high expectations given the price, but this drone really surprised me! It’s easy to set up, simple to control, and feels more durable than I expected for a budget option. The flight is pretty stable, and it’s been a lot of fun to use for casual flying.

The camera quality isn’t top-tier, but that’s to be expected at this price point—and it’s still perfectly decent for basic photos and videos.","Reviewed in the United States on March 24, 2026"
R16WTPYH5YDKKS,B0DT157PML,5.0,Maneuverability is Utterly Impressive,"I recently bought the Hiturbo S20 drone, and I have to say, I'm thoroughly impressed. For anyone looking for a drone that balances fun with functionality, this is a fantastic choice.

The camera on this thing is a huge plus. The photos it captures are crisp, clear, and vibrant, making it perfect for aerial photography. Whether you're a hobbyist or looking to get some professional-looking shots, you won't be disappointed.

But what really sets this drone apart is its flight performance. It has three different speed levels, which is a game changer for control. The lower speed is great for beginners or for getting precise, cinematic shots, while the higher speeds offer an exhilarating flying experience. I was able to make INCREDIBLY PRECISE side-to-side and front-to-back movements with very little effort. The responsiveness is TOP-NOTCH, and it feels like the drone is an extension of your own hands.

I really like the fact this drone comes with propeller guards. My previous drone of another brand didn't come with them and I wish they did. These protectors will ensure my blades last a long time.

And for those who like to have a little fun, the 3D flip feature is a blast. It executes the flips with ease and looks really cool in the air.

Overall, the Hiturbo S20 is a great all around drone. It takes excellent pictures, offers fantastic control and responsiveness, and is just plain fun to fly. Highly recommended for sure. I will post a video soon once I have someone available to record while I man the controller. Best drone I've flown at this price point.","Reviewed in the United States on August 7, 2025"
R2WN1NALGZMHYT,B0DT157PML,5.0,"Amazing, sleek little drone!","This thing is so cool!!! I have been wanting a drone forever, so I finally pulled the trigger and got this little beast. I’m so glad I did!

It is a perfect drone for beginners. I’ve only had a chance to fly it in my backyard, but am looking forward to taking it to an open field and practicing flying it.

The instruction manual is very thorough, and guides you through its functions. It was easy to get it up in the air and going. It survived several collisions with my fence and came away scratchless.

I love that it comes with two batteries. And the carrying case for it alone is worth the money - very sleek and protective.

I am a big fan of my first drone, and am excited to take it out to open space to let it fly free!","Reviewed in the United States on August 26, 2025"
R3SWACW10IOTXN,B0DT157PML,3.0,"Stable it is not, will not stay in a stationary position.","I’ve only tried flying it a few times indoors so no wind and it drifts all over the place, kind of hard to control as well, but we’ll get easier with more practice I hope.
Hopefully, much better in a wide open field than it is in the kitchen. But it will not stay in the stationary position unless it’s on the ground so you have to continually adjust it to keep it from crashing into something.
But it was cheap so I guess I should not have expected too much.
I will give it another week or so, but may return it and search for something more stable.","Reviewed in the United States on April 3, 2026"
R2CRCUM82KHTKK,B0DT157PML,4.0,Great for beginners,"Really bought it late night just cause it was cheap. Good to learn flying drones. Read the instructions and probably watch some YouTube tutorials to be honest.
The camera is pretty great for such a cheap drone but the part that gets me is the app connection. The error messages show up in mandarin (assuming since I'm not familiar with the different types of Asian languages) at least thats what I think.
Was able to connect twice to my phone to have the camera POV view but haven't been able to connect since. I would say to get it if you are on the fence if you are new to drones. Not great but not terrible either
Good for the price.
Battery life is quite low, maybe like 15 mins of flying.
Video quality is great if you can connect
The propellers have optional guards that come with it you can add, which I recommend honestly. Overall, decent and remote control response is very quick.","Reviewed in the United States on August 29, 2025"
RKUNT92QWT9CZ,B0GD51JNMZ,1.0,It’s not what it says if you do buy check everything twice before flying it farther than 300ft,Does not go the distance is says it goes it also will over heat midair and just drop out of the sky. So I attempted to fly it in the city and same thing. It will over heat immediately and you get 15min of flight time . I watched YouTube and read every instruction online before attempting anything. I also have to say if it looses connection out of the goggles it will not beep when it falls down so you won’t be able to find it . Compared to the other drones I bought right after this is by far the most inaccurate description of capabilities. The one plus side is you can rebuild the camera and props.,"Reviewed in the United States on April 23, 2026"
R3I16MBJC6IP8,B0GD51JNMZ,1.0,not a true product,i am leaving a one star it was sent with a p1 hard ware vtx and not the protos i already have thw kit and wanted a secound drone this one well not pair with the goggles from the protos kit and sets all light code for a p1 not the protos ascent,"Reviewed in the United States on April 11, 2026"
R2JTXNG5XYLUI3,B0CDCFGF1V,5.0,A flying selfie camera for new vbloggers & recreational users,"The video showcases the product in use.The video guides you through product setup.The video compares multiple products.The video shows the product being unpacked.
Video Player is loading.
Click to play video
Play
Mute
Current Time 0:00
/
Duration 0:26
Loaded: 23.10%
0:00
Stream Type LIVE
Seek to live, currently behind liveLIVE
Remaining Time -0:26
 
1x
Playback Rate
Chapters
Chapters
Descriptions
descriptions off, selected
Captions
Captions off, selected
English
Audio Track
default, selected
Fullscreen
This is a modal window.
Product Review for Amazon- HoverAir x1 white.

I am a new travel blogger and content creator. I am looking for a device that allows me to take drone-like images/videos, hand-free selfies, and fancy cinematic shots without using a DLSR Camera or a powerful lens.

I wasn’t sure about owning a drone as it is expensive and requires learning time.

So, I opted for HoverAir x1 as my entry-level - flying selfie camera/drone.

I have been using it for more than a month. Here is my feedback.

What I love about this product:

It is small and light. It can fit into the pocket of my yoga pants, the side of my backpack, and even my Chanel handbag.

The learning curve is not steep. You can get the concept after a few trials.

I like that it has a Storage Management system to keep all the shots I took; it allows me to view them before downloading them to my phone.

The Flight Mode fulfills most of my needs as a new travel blogger and digital content creator. There is Hover, which allows the device to hover while I am doing something like tying my shoelace, Zoom Out, which is great for establishing shots and also for group photos, Orbit, Bird’s Eye, Dolly, and more. They are enough to keep me busy and put together an excellent 30-second video on Instagram.

What is just ok about this product

Microphone … it is ok. I tried using my microphone … but it didn’t sound great. So I use voice over mic via 3rd party app to edit my footage.

Aerial View … I was hoping it could capture more surface, but then I realized it could fly up to 50 feet high.

Battery … It needs a recharge after about ten takes when I use the camera for both taking footage and viewing what I took. I could have taken more if I hadn’t viewed the shots I took.

Because this camera is light, it doesn’t do so well on windy days. It doesn't have the sensor system like a typical drone, so you can fly this in less crowded places and when the area is clear from cables, branhes, bushes etc.

What can be bothersome about this product

`1. It is noisy and loud. Not too lound but loud enough when I am out at 5 am to take shots or in a quiet area.

Despite my complaints, I’ve gotten used to this flying camera and love it. It is not a perfect drone-like camera, but it is perfect enough for me to get footage to put on social media. It is definitely not for professionals who need a robust drone camera, but it is suitable for beginners as well as DIY digital content creators who do not want to spend a dime on cameras and drones for their social posts.

Should you get it? I say yes if you are happy to be a non-professional videographer like I am.","Reviewed in the United States on July 14, 2024"
R2U42G9DOZ70OU,B0CDCFGF1V,5.0,Great,"I’m extremely impressed with this drone. The setup is incredibly easy and it’s flying within seconds—no controller needed. The hands-free flight modes are awesome and make capturing videos effortless, especially for family trips, outdoor adventures, and quick clips. The video quality is clear and smooth, and the drone feels well built despite being lightweight and compact. I also love how portable it is—it fits easily in a bag and is perfect for travel. This drone delivers exactly what it promises and has been a lot of fun to use. Great product and well worth it!","Reviewed in the United States on February 3, 2026"
R3K885RDVJ6YQ7,B0CDCFGF1V,5.0,Hover X1 Review: Your Personal Flying Photographer,"I purchased the Hover X1 drone recently and have been testing it out over the last week or so, and let me tell you, it's a game-changer for capturing those perfect moments from unique angles. Whether you're a seasoned tech enthusiast or a casual user, this drone delivers impressive results with a bit of practice.

Pros:

Stunning visuals: The Hover X1 produces remarkably sharp photos and videos. The clarity and detail are exceptional, especially considering the drone's compact size.

Portability: The included bag is a lifesaver, making it super easy to take the drone wherever you go.

Battery life: While not the longest on the market, the included dual batteries (if you opt for the bundle) provide a reasonable flight time for most casual uses.

Seamless file transfer: Getting your footage onto your phone is a breeze, allowing for quick sharing and editing.

User-friendly interface: The app and drone controls are intuitive and easy to grasp, especially for those with some tech experience.

App Stability: Their iOS app seems to be pretty stable. I haven't had any issues with it so far.

Cons:

Learning curve: The setup and initial learning curve can be a bit steep for those who aren't tech-savvy. I recommend watching some of the helpful tutorials on YouTube before your first flight.

Limited battery life: If you plan on extensive use, consider purchasing an additional battery to extend your flight time.

Data transfer: Transferring files to a computer for editing can be a bit clunky, but there are online resources available to guide you through the process.

Overall Impression:

Despite a few minor hiccups, the Hover X1 is an incredible tool for capturing stunning aerial footage. It's like having your own personal flying photographer, always ready to capture the perfect shot.

Tips & Tricks:

Editing: I highly recommend CapCut (free or pro version) for editing your videos. It's easy to use and offers a wide range of features.

Sound: If you want sound in your videos, be aware that the drone doesn't record audio. You'll need to use your phone's microphone, which can be a bit tricky.

Final Verdict:

If you're willing to invest a bit of time learning the ropes, the Hover X1 is well worth the investment. It's an amazing device that opens up a world of creative possibilities for capturing memories from new heights.","Reviewed in the United States on May 30, 2024"
R7FAM0RVGD1ZT,B0CDCFGF1V,4.0,Hoverairx1,"The HOVERAir X1 is a fantastic gadget if your primary goal is to capture yourself in motion — like walking, biking, vlogging — without having to micromanage a drone. Its strengths lie in ease of use, portability, and hands-free shooting.
However, it’s not a “prosumer” drone. Don’t expect long flight time, advanced controls, or perfect shots in windy or complex environments. If you fly within its limits, it can be a fun and useful tool — especially for social media content.","Reviewed in the United States on October 11, 2025"
R1NRB0EVOI7KMG,B0CDCFGF1V,5.0,If you need a reliable and accurate cameraman that fits in your pocket this the drone for you!,"I'm really just starting to work with this drone, but from what I've seen so far, this is an amazing piece of technology. I am so blown away by this little drone. It's really like having you're own personal cameraman and that cameraman can fly. Pros and cons:
Pros:
1. It follows you dutifully and in pretty difficult terrain. It is pretty hard if not impossible to lose once it locks on to you. I am really shocked at how good its optical tracking is. It's better than my Mini 4 pro on tracking people.
2. It is easy to use and requires no controller. Most of its functions are just a matter of pushing buttons on the drone itself.
3. Its hard to crash and pretty unflappable if it does hit something. If it makes a hard impact it just rights itself and lands. I put it into some small branches and it just pushed through. I hit a wall and it just landed. Its probably possible to crash it but I've not been able to yet. If it does crash it weights next to nothing and has a lot of semi rigid cage surrounding it to cushion the blow.
4. Its compact. You can carry this thing easily and it folds and unfolds instantly.
5. The video quality in good light is surprisingly good for 2.7k @ 30fps. It can shoot 1080p @30 or @60fps but I've not really used it yet to test how good it is. It always seems to be perfectly in focus and perfectly exposed. Also the image stabilization gimbal is first rate, it is a very smooth shooter.
6. You can use your phone to control its functions and it can use your phone to record audio which it automatically noise cancels the drones sound. Its pretty incredible. Sure, that can be done in post but this is just so easy to use and very effective. If you want to shoot and upload stuff immediately, this can do it.
7. It can download all the videos and photos you shoot to your phone and its very quick and easy.
Cons:
1. Battery life. The battery is small and light and it will give you anywhere from 10-20 minutes of flight time depending on how many demands you make in the way of movement. If its tracking you on a bike expect the low end of the scale, if it just hovering and tracking you, it will use less battery. The upside is you get 2 batteries with it, a very nice double charger and the small capacity mean they charge fast. I didn't time it but it seemed like about an hour to do the two batteries. The batteries are charged sequentially.
2. No 4k camera. That said, the camera is very good in descent light and starts to show some grain in low light but still not bad.
3. No removable SD card. It has 28gb of onboard storage if memory serves, which I've thus far come no where near using, but a removable card would be a nice touch.
4. No collision avoidance sensors. It is very good at following people, I used this in the woods that confounded my Mini 4 pro and was totally unflappable. It just sticks to you like glue and its so small it can really squeeze through tight spots. Granted the Mini 4 Pro is an all around great drone, super sophisticated, can do incredible things too, and its quite good at not running into things, but as far as being a close in robotic cameraman for shooting people, the Hover X1 is better. Turning corners in a house are probably its biggest struggle. That's where collision avoidance would be helpful. If it does hit a wall, it just lands itself so its not really a big deal.
5. No GPS positioning. All guidance is done via optical sensors. Whether its truly a con for the specific mission of this drone is debatable. It can operate in a building with ease as it doesn't need to connect to a satellite to be stable and follow your moves. It does need some light however to see you. If it cant see you, it just stops.
6. Range of operation. This drone is not going to fly more than whatever wifi range is. It is not intended to take high flying panoramic scenes. It is for shooting people relatively near the ground and it is very very good at it. If you need to fly far away this is not the drone for you. It does have very nice manual controls on the app with full flight control and gimbal control. It uses Wifi so while Ive not tested the limits of how far it can fly, it's going to be within Wifi range. That said, it doesn't require Wifi to do any of its major functions, only if you want to fly it manually.
7. Sound. Like any drone, its pretty loud and this thing whines like a giant swarm of mosquitoes. Of course it has the sound canceling so even though your talking in a what sounds like a banshee howl, your audio will come out pretty much pristine as long as you have your phone on you to use as a mic.

Honestly, the cons are in some ways not really cons, its a purpose built drone that does what it was designed to do almost miraculously well. If you like to shoot selfies or need a robot camera man to do tracking shots for any film making endeavor , this thing is fantastic.","Reviewed in the United States on November 30, 2023"
R21I5GM9OLKLI3,B0CDCFGF1V,1.0,DO NOT BUY!!!!!!,"DO NOT BUY!!!!!!!! I took it out of the box today and went to the beach. It made me a do an update which I did but I noticed it was still glitching a little. I have bought the promax from Costco, and when it works it works great until it doesn’t. It would just hover over me and get stuck in its position luckily I had a selfie stick wit my to take it down. I read the promax was glitchy because it’s newer tech with AI.

I bought this one because of the great reviews so to no AI thinking less glitches. Well I opened it out of the box this morning went to the Beach and was using follow mode and it flew straight into the water! I previously tried emailing Hover’s customer service with no response at all. DO NOT WASTE YOUR MONEY. I’m so disappointed because when it works it works great, I was able to get two videos before it crashed.

PLEASE SAVE YOUR MONEY DO NOT BUY!!","Reviewed in the United States on May 22, 2026"
R3GBDOHK5TE90Y,B0CDCFGF1V,5.0,"Tiny drone, great video quality, and unbelievably easy to use","I picked up the HOVERAir X1 Drone with Camera because I wanted something small and simple for quick videos without carrying a full drone setup. After using it a few times, I’m really impressed with how much tech they packed into such a tiny device.

First impressions

Right out of the box, the drone feels very well built and thoughtfully designed. It folds down extremely compact, and setup is basically nonexistent — unfold it, choose a mode, and it launches from your hand.

I included a video of unfolding the drone so you can see how compact it is and how quickly it’s ready to go.

Size & portability

This thing is much smaller than I expected, which makes it really easy to carry around. The photos I attached show the size compared to my hand so you can get a realistic idea of how portable it is.

It’s the kind of drone you can throw in a bag and take anywhere.

Video & audio quality

For such a small drone, the video quality is surprisingly sharp and stable. The stabilization works really well and the footage looks smooth. I was also surprised that the audio quality captured in the videos is actually pretty clear, which I didn’t expect from something this small.

What comes in the box

I added a photo of everything included in the package, which makes it easier to see exactly what you receive when ordering.

Things I like

✔ Extremely easy to use (no controller required)
✔ Very compact and travel-friendly
✔ Smooth stabilized video
✔ Good tracking modes
✔ Clean and simple design

A couple things to keep in mind

• Because it's lightweight, strong wind can affect it
• Like most small drones, battery life isn’t super long

Overall

If you’re looking for a simple, portable flying camera rather than a complicated drone setup, this is a really cool option. It’s fast to launch, easy to carry, and great for capturing quick moments.

The photos and video I attached show the size, what’s included, and how the drone unfolds, which should help give a better idea of what you’re getting.","Reviewed in the United States on March 4, 2026"
R2O3RWV1W9ETIY,B0CDCFGF1V,5.0,"Easy to use, straight out of box. E for everyone!","FIrst impressions -
Upon opening the box, the sleek design and coloring gave me confidence in its quality. Drone kit came with an extra battery + battery charging station, which is fantastic, essentially ensuring non-stop flight time. The instructions were idiot-proof; I was able to get the drone up and running as soon as it was done charging.

My first flight had a small issue because I was unable to contain my excitement like a kid on xmas morning, resulting in a battery pack not completely charged. When I ACTUALLY followed the instructions, this worked great. One battery pack will allow about 15 mins in flight time and as I mentioned earlier, the charging dock will charge a secondary battery within that time frame.

Drone has multiple AI modes for different situations. I admit I was running the drone indoors (the instructions do recommend going outside) that created some limitations.
Favorite modes:
Orbit Mode - drone circles around you within a 5 ft radius.
Follow Mode - self explantory, drone follows you around (this freaked my dog out lol)
Birds-eye mode - this one requires a 16 ft empty space above. the video I uploaded is from this mode.
and best for my last MANUAL MODE!!!!
Once I figured out how to access the manual controls (through the app on your phone), this was incredibly easy to use. I have flown different drones in the past with controls that were clunky and difficult to use for beginners. The manual controls on this one are again idiot-proof for someone like me. Super manageable to learn which I greatly appreciated. (screenshot of the Manual controls in review)
Editor's note: my cat tried to attack the drone in mid-air, beware the jumps on kitties!

All in all, I think this is a great product, especially for older kids as well. It's overall utility is astounding - my friend was thinking about using it to take shots of certain hard-to-get-to areas of properties he manages. I highly recommend this product for anyone!","Reviewed in the United States on November 6, 2023"
RGAVPCWGRJQU3,B0FY7DFQNF,5.0,Great drone,"Absolutely this drone, this is actually my second one. I have bought two of these!! Very happy with them.","Reviewed in the United States on April 24, 2026"
R1G2USVYO94W34,B0FY7DFQNF,1.0,Pésimo servicio,Pésimo,"Reviewed in the United States on May 4, 2026"
R25H95TZX07V5A,B0FY7DFQNF,2.0,.,It malfunction it's made of,"Reviewed in the United States on April 7, 2026"
R34WZDG1YD6ZMK,B0FY7DFQNF,1.0,Waste of money!!,Do NOT buy this! We just got it a week ago and today the camera glitched and went out and couldn’t get it to land so it crashed and broke!!! Literally just wasted $700,"Reviewed in the United States on January 9, 2026"
R2E1J3PV6TNEZT,B0CFF4RYDM,5.0,Awesome first drone!,"I am new to drones and this is my first one. I have flown it a few times now and it's really easy to use and has lots of features I never knew drones were capable of doing. I really like the auto tracking features, in which you can select an object (person) and have the drone follow it. The auto take off, return to home, and land are also features that are really cool. I am aware that most drones are capable of that. What really stands out are the sensors that provide 360 degree obstacle avoidance, as not many drones of this size have this feature. With recent firmware updates, you can actually ""see"" (in black and white) out of the 2 front and 2 rear sensors. This means if you're piloting the drone, you can swipe on the controller and pull up a window showing you what each of those sensors are seeing, one at a time. If you're going forward, you can pull up one of the rear sensors and see what's behind the drone. If you're going backward you can see what's in front of the drone. The controller with the built in screen is a nice touch, as you do not need to use your phone. The only thing I wish was better is the screen recording. When flying the drone, you record what the drone sees on either an SD card or the drone's built in storage. You can also record the controller's screen, which is a really cool feature. The controller has an SD card slot to do that, but it will not record the screen to the SD card even if you select it in the settings. Instead it saves screen records internally on the controller. To access those records, you'll have to hook the controller up to your computer. From what I understand, the controller can't record directly to the SD card due to bandwidth. Previous DJI control models recorded the screen as low res and was able to record directly to the SD card. The controller included in this bundle records the screen as hi res, which is too big to record directly to the SD card. This is a minor issue, but I thought I should bring it up. Overall, I'm extremely satisfied with this drone. I just wish I had more time and places to fly it.","Reviewed in the United States on January 10, 2024"
R20315674ZSXHY,B0CFF4RYDM,5.0,DJI mini 4 pro delivers beyond expectations!!!,"Certainly! Here’s a review you can use or adapt for the DJI Mini 4 Pro:

Incredible Drone Experience

The DJI Mini 4 Pro is nothing short of spectacular. As a drone enthusiast, I've owned several models over the years, but this one truly stands out in every aspect.

**1. Compact Yet Powerful:**
The Mini 4 Pro’s small size is deceiving because it packs a punch. It's incredibly lightweight and portable, making it perfect for travel or spontaneous shooting sessions. Yet, it doesn't compromise on performance – the power and stability it offers are remarkable for a drone of this size.

**2. Camera Quality:**
The 48MP camera is a game-changer. The clarity and detail in the photos and videos are stunning, even in low light conditions. The 4K video quality is crisp, with excellent color accuracy, making my footage look professional right out of the box. The new HDR mode and the ability to shoot in D-Log M have significantly improved my post-processing flexibility.

**3. Intelligent Features:**
The intelligent flight modes like FocusTrack, MasterShots, and Hyperlapse are incredibly intuitive and have allowed me to capture cinematic shots with minimal effort. The obstacle avoidance system is top-notch, giving me confidence to fly in more challenging environments.

**4. Flight Performance:**
The flight time is impressive, often exceeding the advertised 34 minutes, depending on conditions. The new O4 transmission system provides a stable connection and allows me to fly further and higher without losing control or video feed, which has expanded my creative possibilities.

**5. User-Friendly:**
Whether you’re a beginner or a seasoned pilot, the Mini 4 Pro is easy to use. The DJI Fly app is straightforward, and the tutorials available make it simple to get started. The return-to-home feature is also very reliable, ensuring peace of mind during every flight.

**Final Thoughts:**
The DJI Mini 4 Pro has redefined my drone experience. It offers the perfect balance of portability, power, and high-quality imaging, making it an excellent choice for anyone looking to capture stunning aerial footage. If you're on the fence about upgrading or buying your first drone, this is the one to get. DJI has once again set the bar high with this incredible piece of technology.","Reviewed in the United States on August 9, 2024"
R3FHCM50ETHRVC,B0CFF4RYDM,5.0,A drone for everyone!,"Excellent value drone kit. The DJI Mini 4 Pro is an excellent piece of equipment, and very easy to fly. Everything needed to get in the air is in this kit, it has a small carrying case, but a bigger one is nice. The Camera is excellent, the video quality is superb.
A lot of fun to fly, and a good investment!","Reviewed in the United States on March 31, 2026"
R2L9EEQ3XXXDFJ,B0CFF4RYDM,5.0,"Buy it, you will not regret it!","What an amazing drone. So easy to control. Amazing picture quality. And so handy, I use this to check my roof after major wind storms and to see if the gutters need cleaning. I fly it by the river to watch the eagles fish. Also use it for predator control, chasing foxes away from chicken coop. Flight times are good, just depends on what you are doing. Turned off obstacle avoidance for more speed and ended up flying backwards into a tree while chasing a fox. I used the find my drone feature that flashes the lights and emits a beeping tone. Located drone quickly in a huge stand of trees. Expected to find a mangled wreck. Nope! Cracked plastic on one of the camera support arms and some banged up prop blades. Replaced prop blades, epoxyed the crack, recalibrated camera and away it went. Built like a tank. Flight controls are fairly intuitive and easy to use. The obstacle avoidance (when used) does a great job on larger items, doesn't see small tree limbs or power lines. Don't ask how I know this. So, over all this is an amazing drone that makes you want to go bigger and badder. But, alas, I am poor, so I will stick with this, and enjoy the heck out of it.","Reviewed in the United States on July 26, 2025"
R2KYOBNOBV523Q,B0CFF4RYDM,5.0,Great drone,"One of the best drones you can get without a 107, only being defeated by the mini 5 pro.

Great image quality.

Sensors helped save me from many tree branches.

Battery is a bit short, I get 20-ish minutes on most full charges.

Propeller change is easy.

Pretty compact, not the smallest but still good.

Overall a good experience.","Reviewed in the United States on March 17, 2026"
R3BP2W1Y212MWW,B0CFF4RYDM,5.0,Very user friendly,"Best drone I have ever flown until it flew off! Photo shows last 10 seconds of footage the app took once I lost connection. I was apx 1200 feet away over flat area behind trees in an open field. I had full bars on connection and almost full battery on drone and RC controller when I got the message ""aircraft not connected."" That was it no more connection and the drone did not return home. I have no idea what happened to it. There is a river between where I was at and the drone so I could not look for it. Currently waiting for the river to go down. That said I used the FLYAWAY on the RC controller and it was a pretty smooth process. It uploaded the data to DJI and they reached out to me the same day and asked me to upload the logs in the text file. I did that and got an email the next day saying that the data showed everything was working properly when all contact was lost. They advised they were sending me a new drone and battery. I was expecting a refurbished or slightly used drone but got a brand new MINI 4 and intelligent battery today. Super pleased with the service and with the drone. Still not sure what happened but I did see hawks in the area. Not sure if the last 10 seconds are before the aircraft lost connection or after. I have yet to find the drone. Other than that the drone is really responsive and takes great photos and video. Even when it is windy out it still takes pretty good photos.","Reviewed in the United States on May 15, 2024"
R29HYSOI18R2HD,B0CFF4RYDM,1.0,"Dangerous battery flaw, Retaining tabs on batteries are breaking off after only a few insertions","Dangerous battery flaw, Retaining tabs on batteries are breaking off after only a few insertions. I noticed a battery seemed loose in the drone and after placing it in the DJI 3 port charger I noticed a retention tab was not coming back out. It was cracked, it broke off placing it back in the drone to get a cycle count (how many times it has been used.) That insertion made it cycle number 19, half of the previous insertions were just to get the endless updates they have had the last few months. The other tab is cracked and will break off next insertion, this will allow the batteries to fall out in flight causing a dangerous and potentially fatal scenario. I went online to find this was a common issue and happening far to often to some people

I contacted DJI, They will do nothing, the battery and drone has only a 15 day warranty. So you can figure it will cost you about $5 per insertion to own these junk batteries. The problem is the paper thin, brittle cheap plastic they are using to try to reduce weight, same with the drone, it is made with such a thin plastic if feels like it is cracking when you simply hold it. I replaced a Mini 3 with this drone, the Mini 3 felt and flew far batter than this Mini 4 Pro, this is jittery and jumpy in the air. It holds well in the air and the stabilization is great but this jumpiness in air is going to help throw these batteries with the breaking tabs out of the drone. We should not have to use tape to hold a battery in a $1200 drone after only a few flights. I should have stuck with a far cheaper drone, I was conned into the brand name equals quality scenario again and DJI has proven that a brand name and does not equal quality and you certainly do not always get what you pay for. They have some quality products to be sure, but I think they have reached the quality limit keeping it under the weight 250G limit. I can't imagine how far the Mini 5 quality will fall.

Besides this tab problem these batteries will only last about half of the stated flight time in normal conditions. Also as stated above and by many others the drone is made of a very thin plastic to keep it under weight. like the battery, the drone quality is suffering greatly trying to keep it under the legal weight, this is the same reason the batteries are short lived. If they were posting honest battery flight times they would not sell many of these.

Please do a web search for these issues to verify my claims.","Reviewed in the United States on August 31, 2024"
R39HIGPFU8G82N,B0CFF4RYDM,4.0,THIS IS A VERY IMPRESIEVE DRONE,"THIS IS A VERY IMPRESSIVE DRONE.
THE ONLY REASON I DID NOT GIVE IT 5 STARS IS THE MAJOR PROBLEM IN DJI GIVING ME A LICNCE TO FLY IN MY BACK YARD.
I FILLED ALL THE STUFF FOR ""FLY SAFE""AND THEY GAVE ME A USE LICENSE.
I FLEW IT ONCE AND THEN A DAY LATER IT WOULD NOT WORK. "" RESTRICTED FLY AREA"".
I RASED A STINCK AND FOUND OUT MY LICENSE WAS FOR THREE DAYS AND I WOULD HAVE TO RENEW.
I SENT A NOTE TO FLY SAFE AND SAID I WOULD RETURN THIS DRONE IF I HAD TO RENEW A LICENSE EVERY THREE DAYS..
THE ANSWER WAS THEY COULD EXTEND MY LICENSE TO A YEAR.

SENCE THEN I HAVE SEVERAL FLIGHTS.
THE DRONE AND CONTROLLER ARE VERY GOOD AND REASONABLY EASY TO USE WITH SOME INFO VIDOES AND PRACTICE.

THE FLIGHT CAN BE WELL BEHOND THE ABILITY TO WATCH IT SO THE CONTROLLER SCREEN IS NEEDED.
THE CAMERA IS VERY GOOD.

PROBABLY THE MOST IMPORTANT FEATURE IS “RTH” “REURN TO HOME!
THERE HAVE BEEN SEVERL TIMES WHERE I BE CAME DISORIENTED AND FLYING HOME WOULD BE A CHALLENGE AND EVEN WORSE IF THE BATTERY MIGHT BE DEAD BEFORE THE DRONE WAS HOME.","Reviewed in the United States on September 17, 2024"
R3GIJO3SMN6J8X,B0GC5NFDHR,5.0,Buy now !!!,Amazing better than Dji mini 4k in clarity and range,"Reviewed in the United States on July 21, 2026"
R1ROZZRYBO5CDW,B0GC5NFDHR,5.0,100% happy,Great Drone,"Reviewed in the United States on June 12, 2026"
R2N6JVDQY3SD7N,B0GC5NFDHR,4.0,Would recommend 10/10,"The video showcases the product in use.The video guides you through product setup.The video compares multiple products.The video shows the product being unpacked.
Video Player is loading.
Click to play video
Play
Mute
Current Time 0:00
/
Duration 0:11
Loaded: 27.30%
0:00
Stream Type LIVE
Seek to live, currently behind liveLIVE
Remaining Time -0:11
 
1x
Playback Rate
Chapters
Chapters
Descriptions
descriptions off, selected
Captions
Captions off, selected
English
Audio Track
default, selected
Fullscreen
This is a modal window.
Almost perfect replica of the DJI Mini 2 — battery gives about 20-25min of flight time, also can only charge inside of drone so would recommend buying a speed charger for it also. Besides that, it’s a fantastic drone i would recommend if you’re getting into flying.","Reviewed in the United States on June 1, 2026"
R363J2UEIQAZQC,B0GC5NFDHR,5.0,Best,Best drone I've ever had,"Reviewed in the United States on February 19, 2026"
R6N5YT4EJN25U,B0GC5NFDHR,5.0,Amazing video quality for this price,This is basically a DJI Mini 4k and it's fantastic!!!!,"Reviewed in the United States on February 14, 2026"
RLEGYXI5TU7WB,B0GC5NFDHR,5.0,The BEST drone of all,"This is the best drone of all, especially considering the price-to-quality ratio. I actually compared it with a drone costing three times as much, and I felt this one was better than the other; I highly recommend it.","Reviewed in the United States on July 27, 2026"
RU2LAUMYO88PG,B0GC5NFDHR,1.0,App not downloadable,The app is not available in my region. Would have been nice to know before I bought it. Now I just have a paper weight,"Reviewed in the United States on July 11, 2026"
RX1VTMPASEET8,B0GC5NFDHR,5.0,Soooo good,So good !!,"Reviewed in the United States on May 5, 2026"
R1XKFHSW777SOO,B0FR42R14S,5.0,Instant fun!,"Admit it...you always wanted a drone but getting the features and quality you wanted cost too much. Not any more! This drone is incredibly easy to use and takes great photos and video. As a first time flyer I had no problem controlling this drone: flight is very stable and predictable. As soon as you release the joysticks, the drone hovers motionless. It's a little scary how high and far it can go, but one click of the return button and it comes back to land. Hint: use headless mode so you don't have to think about which way the drone is pointing...push the joystick up to fly away, down to fly back. Fly-around and follow-me modes worked great for video selfies. The manual is clear and well written. Only complaint is that it doesn't explain what the beeps mean. A couple times the controller started beeping, and I finally figured out that it meant the compass needed to be recalibrated by turning it per the instructions. Flight time is better than expected. Very happy with the quality and performance.","Reviewed in the United States on November 27, 2025"
R2OPRADBWVH6WQ,B0FR42R14S,5.0,"Read the manual, download XDRONE GO app","This is a powerful and functional little drone, if you keep its limitations in mind. I liked it so much I purchased 2 of them. The main app does not work, but you can find apps that do. XDRONE GO app works 100% as do others. The maximum transmission range is 500 meters and that is theoretical maximum, take the drone past 300 meters out and you are asking for trouble. These are the limitations of this drone. You can fly anywhere within a 300 meter radius no issue. People are saying their drone doesnt fly and setup is hard. Its actually very simple. This drone requires calibration everytime you power it on, it has no memory. The process is easy and take me under a minute. You run the ACC tool first while the drone is stationary on a level platform, then you run the compass calibration. Which involves physically spinning the plane in 2 different ways as shown in manual. Properly calibrated I had the drone up to 350 feet. The only time I had an issue is when the return to home function activated and it took one of the drones into a tree at 100 feet. I was able to retrieve drone it had not 1 scratch and runs the same as before. The theory is some sort of interference blocked the drone ability to get accurate gps data temporarily, as I was unable to get the drone out of RTH mode before it crashed itself. I would recommend taking the drone back down before 1/2 battery and would only push the drone to its limits on a full battery. If you are smart operator this is a nice little drone.","Reviewed in the United States on June 10, 2026"
R1W86UPF00HLWQ,B0FR42R14S,5.0,Great learner drone for having fun,This drone is a lot of fun. Easy to learn how to fly. Good quality video. Really like the return home feature. Helped me recover while I was learning to fly. Have 2 batteries is great. I bought to learn how to fly a little drone and it really helped.,"Reviewed in the United States on July 6, 2026"
R1QO25KIMBM562,B0FR42R14S,5.0,Great photography drone!,"I've been wanting to get into drone photography for a while but was intimidated by the learning curve and price tags of more advanced drones. The HK11 was the perfect entry point, and honestly, it performs way beyond what I expected at this price.
The GPS features are a game-changer. On my second flight, I accidentally flew a bit too far and started panicking—but the drone just calmly returned home on its own when the signal got weak. That safety net alone is worth it for peace of mind. The Follow Me mode works surprisingly well for capturing footage while I'm hiking, and the waypoint planning lets me set up cinematic shots I never thought I'd be able to pull off.
Picture and video quality impressed me. The 4K photos are crisp and the adjustable camera angle from the remote is super convenient—no more landing just to reposition the lens. I've already gotten some stunning sunset shots that looked semi-professional.
Two batteries giving me nearly 48 minutes of total flight time means I can actually enjoy a full session without constantly watching the battery indicator. And at 249g, I love that I don't have to deal with FAA registration headaches.
The brushless motors are noticeably quieter than my friend's cheaper drone, and it handled a breezy day at the beach better than I anticipated. Folds up compact enough to toss in my backpack.
Only minor note: grab an SD card before your first flight since one isn't included. Otherwise, this drone delivers incredible value. Highly recommend for beginners or anyone wanting quality aerial footage without breaking the bank!","Reviewed in the United States on January 7, 2026"
R2VO2EMN0CAOIG,B0FR42R14S,5.0,Really nice drone!,Bought this as a Christmas gift and it was a huge hit! The camera clarity is very good and was impressed with how high it flies. Very good for a first time drone operator. Clear easy directions and controls. Batteries last too!,"Reviewed in the United States on June 20, 2026"
R3MWGQ6Y8KIVMX,B0FR42R14S,5.0,Nice Beginner Drone,"Nice beginner drone, easy to use. It has 2 batteries that last around 45 minutes total. It comes with a very nice carrying case. Can take pictures and they save to phone. Like it a lot.","Reviewed in the United States on July 7, 2026"
R39EYVIUZZ7NGL,B0FR42R14S,5.0,Great product!,"Great value for the price! The quality is decent, and it's been working well so far. My 8-year-old son absolutely loves playing with this drone and has a lot of fun flying it. Overall, we're very satisfied with this purchase.","Reviewed in the United States on July 22, 2026"
R1VHYIGLFQAWRC,B0FR42R14S,4.0,Very good Drone for the price.,"Very good Drone for the price.

It was very easy to use right out of the box and performed well. The remote control has several functions on it, which don’t even require you to use your phone unless you wanted to see video.

The only two things I didn’t like about it was the phone holder was too big for my large iPhone 16 Pro Max, and the flight time was only 16 minutes versus the state of 24 .

Other than that, it’s a great drone, easy to use and fun.","Reviewed in the United States on July 2, 2026"
R1QL1NO52N6D30,B0FJ1QH15P,5.0,Excellent Drone with Incredible Performance and Flexibility,"I’ve owned several DJI drones, including the Mini 4K, and the Neo has quickly become one of my favorites.

The first thing that stands out is how responsive and dynamic it is. It’s fast, agile, and incredibly fun to fly. Whether I’m flying manually, using the joystick controller with the goggles, or taking advantage of the follow modes, the Neo feels very capable and versatile. The camera quality is excellent, and the footage has consistently impressed me.

Battery life is shorter than my Mini 4K, but that’s honestly expected given how much more aggressive and responsive the Neo is. You’re trading a little flight time for a much more dynamic flying experience, which is a trade-off I’m happy to make.

One thing worth mentioning is that DJI’s ecosystem isn’t always uniform across its drone lineup. Features like accessing recorded footage, retrieving goggle recordings, or syncing flight logs with third-party services such as AirData aren’t always handled exactly the same way from one DJI model to another. From my research, that’s more of a DJI infrastructure and software ecosystem issue than a problem with the Neo itself. Once you understand the workflow, it’s a minor inconvenience at most.

What I appreciate most is the flexibility. I can use it as a simple recreational drone, enjoy the follow-me features, fly it manually, or pair it with goggles for a completely different experience. It offers multiple ways to fly depending on what you’re trying to accomplish.

Overall, I’m extremely happy with this purchase. Right now I use it recreationally, but I also plan to incorporate it into my professional work. For anyone looking for a compact, capable, and highly enjoyable DJI drone, I would absolutely recommend the Neo.","Reviewed in the United States on May 31, 2026"
R1V8NTQKQPSEWT,B0FJ1QH15P,5.0,DJI Neo 2 Motion Fly More Combo With RC Motion 3 & Goggles N3,"One of the Most Immersive Drone Experiences Available.

The DJI Neo 2 Motion Fly More Combo with RC Motion 3 and Goggles N3 delivers an incredibly fun and immersive flying experience. This bundle really feels like the complete package, giving you everything you need to jump right into FPV-style flying with confidence.

The RC Motion 3 controller is one of the highlights. Instead of traditional joysticks, you control the drone with natural hand movements, which makes flying feel smooth and intuitive. After a short learning curve, it becomes surprisingly easy to guide the drone through the air with precision.

The Goggles N3 take the experience to another level. Putting them on makes it feel like you’re actually riding inside the drone. The live video feed is clear and responsive, which makes flying through open areas, around scenery, or capturing cinematic shots incredibly exciting.

Video quality is also impressive. The drone captures sharp, vibrant footage, and the stabilization helps keep everything looking smooth even during faster flights. It’s great for recording adventures, scenic views, or creative aerial content.

The Fly More Combo is definitely worth it as well. The extra batteries make a huge difference since you can keep flying much longer without constantly stopping to recharge. The additional accessories and charging hub also help keep everything organized and ready to go.

Another big advantage is portability. The drone is compact and lightweight, making it easy to take along for trips, hikes, or outdoor adventures. It’s quick to set up and easy to launch whenever inspiration strikes.

Overall, the DJI Neo 2 Motion Fly More Combo with RC Motion 3 and Goggles N3 is an outstanding drone package. It combines immersive FPV flying, excellent video quality, and great accessories into one exciting bundle that’s hard not to love.","Reviewed in the United States on March 9, 2026"
R1EH5YSKVK5WZJ,B0FJ1QH15P,5.0,Best drone for beginners,"I love this drone. I am new with drones and after an hour I was up and flying it. Very easy to use and stable. It does not need registration with FAA. Goggle is very clear, a bit heavy but not a big deal. The drone can be controlled with the phone as well. However, I ordered DJI RC N3 for when I want to fly it without the goggle.
The only turn off is the battery life, even though there are three of them, the continues flight time is limited. However, this does not stopping me from giving the drone a FIVE start. Make sure to use a 100W charger to fast charge the batteries (it accepts 65W charger at minimum).
My review is based on first impression and I will update if things turned other direction.","Reviewed in the United States on June 23, 2026"
R1DTDDXSO1J5QW,B0FJ1QH15P,5.0,Great First Drone,"I bought the Neo 2 Motion Fly More Combo at the specific recommendation of a good friend, a very experienced drone flyer. My friend had just bought this combo himself as a second drone (from another vendor) and suggested if I was seriously interested in learning and exploring drones as a hobby, I should get this one. I did, and I have not regretted it.

First, the aircraft itself is light, sturdy and easy to use. Even without a phone or the FPV goggles/controller, it’s simple to select the flight mode you want with the side buttons, launch the drone from your hand and recover it right to your palm. Using a phone unlocks even more flight modes and customization, and makes transferring videos and photos extremely easy. When you add in the FPV goggles and get the hang of the motion controller, flying becomes like playing a video game.

Video quality is excellent and the 49GB of internal storage offers plenty of recording time even at 4K. This is a casual/beginner drone and the batteries only offer 10-15 minutes of flight time, so even with all three of them in use in a session, the internal storage is more than enough. The fact that the combo offers three batteries is great, and arguably essential if you want to have enough time to really enjoy yourself.

All in all, I am extremely pleased and highly recommend this drone and accessory combo.","Reviewed in the United States on February 17, 2026"
RNP2DVWXRDO2I,B0FJ1QH15P,5.0,Better than I thought it would be,"Absolutely 5 stars. I've been flying drones for a few years now, and this is by far the most complete one yet. As a way to get into the FPV experience, this was my first, and was not disappointed. Took about two weeks to arrive, but well worth the wait.
Not sure where to start, but here we go.
Best follow drone I've seen yet. I have the Hoverair X1, and it does a great job of tracking, but this one is even better. I walked through a very dense tree line yesterday, and it had no problem dodging the tree branches. I was fun to watch the video later and see it dodging up and down. So precise.
The goggles are an amazing experience. Truly immersive and hard to describe if you have never flown one of these. The control is very precise and the obstacle avoidance is next level. It really keeps an eye on you and will allow some level of freedom, but won't allow you to get into any danger. Which is funny, because this thing is basically indestructible. The outer shell is super solid. I crashed once in the basement when I tried to play with sport mode, but it just bounced off and was ready to start right back up. I've seen a few reviews of the original Neo and there are lots of reviews of numerous crashes and I have yet to see a single one where the drone was damaged. I expect the same for the Neo 2.
I'll be purchasing the FPV controller at some point once I get a little more experienced. With the motion controller you cannot go into true manual control for max speed and agility, but this is great for now. Good news is all the DJI controllers basically work with all the drones. I have an Air 3 and can use the RC-N3 controller and it worked great.
OH and don't forget about the gesture control. You have to try it to believe it. I call it Jedi mind mode, and it does sort of feel like it.
Just yesterday I did my first audio recording through the DJI fly app, and it really did remove the drone prop sound. Pretty shocking how well it did.
To recap, can't think of one thing negative to report on this one. At $599 it was too hard to pass up.","Reviewed in the United States on February 14, 2026"
R3A2LVRG1OQJZ,B0FJ1QH15P,5.0,Best dad toy I've ever bought.,"This is one of the best drones I've ever bought. Easy, this whole bundle was totally worth it. Battery life's a little low, but it's so small and so easy to set up, it is amazing. Would repurchase a hundred percent, a hundred times. Have no problems with it. It's taken a little bit of a beating and still keeps working. Love it. Actually flown it inside the house to chase my son, just to be a dad.","Reviewed in the United States on May 10, 2026"
R87X80VKQRVIA,B0FJ1QH15P,5.0,An awesome mini drone,"This is a fantastic drone for a beginner to advanced drone pilot. There are many options for flying it from autonomous flight ( it flies itself) to fpv fligh. There are too many features to comment on in a review. The propeller guards allow it to fly through trees without crashing. It was in ‘follow me’ mode while I walked a trai in the forest and it avoided all the trees and even flew through some small branches without crashing. Pictures are clear and steady. The only downside is the short flight time, about 10 min.","Reviewed in the United States on June 9, 2026"
R1NJJU7WCS0A63,B0FJ1QH15P,5.0,I love my Little Rascle...... I mean my Neo 2,"This little thing is a tiny badass with class. Small enough to disappear in a backpack, bold enough to act like it owns the sky.
Are you a narcissist who loves taking pictures of yourself? Good. This drone does not judge. It just hovers there like a loyal mechanical accomplice, catching your best angles while you pretend you woke up like that.
Are you a content creator whose camera people show up useless, hungover, or not at all? Perfect. Fire them! This little airborne sidekick shows up every time, doesn’t complain, doesn’t need coffee, and never flakes.
Curious about First Person View but not ready to blast at full throttle into a toddler playing with a puppy and kitten next to a Fabergé egg collection in a crystal case? Relax. This isn’t a missile with propellers. It’s controlled chaos. It is DJI. You get the thrill without the insurance deductible.
Honestly, anyone can find a use for this drone. It scouts. It follows. It floats. The only thing it doesn’t do is dust, clean, do the laundry, and cook. And that feels like firmware update away.
So get on the good foot. Do the bad thing. Don’t be a ding-a-ling. Get yourself a Neo 2. It’s a solid return on the loot you lay down. No buyer’s remorse. No clown show energy.
You’ll be out there humming to yourself, flying like a Grey Jay with attitude, holding a tool that feels like a toy until you realize it is absolutely not a toy. It was the best purchase you made in 2026. I Can Dig It!","Reviewed in the United States on February 25, 2026"
R4LXMYYJ8WK6Q,B0FJ1STVP4,5.0,A perfect fit for the price and video quality.,This drone is amazing for the price. It produces amazing quality video. Super small and easy to carry. Props are protected from potential damage. The follow me feature is outstanding and unbelievable. It flies super easy and avoids obstacles. I highly recommend for recreational video production. Great for YouTube and other video platforms.,"Reviewed in the United States on June 1, 2026"
R2TGIMBDZ52MSL,B0FJ1STVP4,5.0,"Awesome, but light on battery","This is a great drone! My only complaint is how fast it runs out of battery. I got 3 batteries, but they go a little quickly.

That said, the thing is awesome. You can fly in 3 different modes, slow (camera), normal, and sport mode. Sport has the safety features turned off and cruises! The safety features are actually why I bought this drine, because I like to fly low and near trees and my house. Honestly, I use it to try to find my cat's when the run off. It has great omnidirectional object detection, 360 degrees as well as un and down. The guards on the propellers are great, but I haven't run into anything yet. With my other drone, I ran into things a lot, including tree branches and my garage. This little guy will stop if you try to run it into something. It also has a little ""radar"" display, showing your proximity to surrounding objects.

The charger does NOT come with a USB adapter. I got a 60watt adapter which allows the batteries to charge faster, and more than 1 at a time. It works with lower power adapters, but not as fast.

The drone is smaller compared to my other one, and very light. It feels almost like a toy, but light weight is really the idea. It's very agile and maneuverable too! There is also no case for it, so you might want to buy one.

Oh, and compared to my other drone, this thing is ready to fly almost as soon as it powers up! Also, I have never needed to calibrate it.

All in all, I love this drone. I just wish it had a longer battery life.","Reviewed in the United States on May 20, 2026"
R1F8GAC5OSCB9F,B0FJ1STVP4,5.0,Beginner Friendly and Good For Pros as well!!,"Man this light compact drone is something else! it’s very friendly for new drones flyers and fun for pros, the camera quality is amazing, the 360 sensors work well, this drone can tank hits, it’s very durable, one thing that is a downside is the battery life, lasts abit more than 10 minutes but with the flymore combo it’s no biggie, for the real pros i would recommend the new lito x","Reviewed in the United States on May 23, 2026"
R3TNBDJQV9R0UM,B0FJ1STVP4,5.0,Very good drone!,This thing is incredible. I used to fly large Horizon Hobby camera drones in 2016. They were ok to fly. The weight and mass gave them stability. But there was awkwardness and then the drone regulations came in and I quit flying. I missed it and saw this and decided it was in the right price range and the video clips I saw were pretty good. And honestly this thing is amazing. It is easy to fly. It is quick to take out and get up in the air. Flying with the hand gestures is fun and the drone does very well tracking and following.,"Reviewed in the United States on June 25, 2026"
RMVAFAYDM0QG7,B0FJ1STVP4,5.0,"Fun, easy to use and very portable.","Amazing little drone - I had the original phantom, mavic and mini and this is definitely the most flexible platform. You can use it without a controller, use your phone, use a regular controller or the motion controller. Super light, safe and fun. Totally recommend this one.","Reviewed in the United States on June 8, 2026"
R1M82BE17HJ2NV,B0FJ1STVP4,5.0,"The ultimate portable creator drone, absolutely incredible upgrades!","I upgraded to the Neo 2 Fly More Combo, and the addition of omnidirectional obstacle sensing paired with the new 2-axis gimbal completely changes the game for capturing smooth footage. Using the RC-N3 controller gives you an incredibly solid, crystal-clear digital transmission feed to your phone, allowing you to confidently fly further out without worrying about signal drops. The 4K recording looks stunningly sharp, and having 49GB of built-in storage means I can film all day without constantly stopping to offload footage to my phone.","Reviewed in the United States on June 9, 2026"
R1G9V7EBRYXW0X,B0FJ1STVP4,5.0,Buy one. You won't regret it.,"I already own a DJI Mini 4 Pro and Mini 5 Pro and this Neo 2 is just a tiny version of one of those. This is hands down the best beginner drone. It's like flying a ai robot camera plane. Absolutely amazing. Everyone should experience this in 2026. It's super easy to learn.

Since I already have a RC2 controller I use it for the Neo2 and that allows me to use my RayNeo Air 4 Pro AR/XR Glasses with the Neo 2. With those on it's like flying on a big screen in a pair of shades.

I can rip around like some kinda FPV pro with the glasses on, lol. I get about 12mins a battery max.

It's louder pitched then the bigger drones, people will look for it as you can hear it coming. At 400ft in the air it's hard to see it unless you controlling it.

This drone is worth every penny. Insanely versatile. The hand landing and gesture stuff is really cool too. Your grandmother could fly it.","Reviewed in the United States on June 2, 2026"
R39H02X700ZZCO,B0FJ1STVP4,4.0,"Great little drone, just don't fully trust the obstacle avoidance","For $429 the Fly More Combo gives you a lot. You get the drone, three batteries, charging hub, RC-N3 controller, the digital transceiver, propeller guards, and cables for iPhone or Android. Setup was easy and the build quality feels solid.
The camera is sharp, 4K at 60 fps with slow motion at 100 fps, and the two axis gimbal keeps the horizon level when the drone banks. Tracking is the real highlight. I take it cycling and it keeps up with me at full speed without dropping the shot. Gesture controls and palm landing genuinely feel like the future.
My only real gripe is the obstacle avoidance. DJI markets this hard, and it does work most of the time, but it is not perfect. While I was cycling, it clipped a stop sign once and another time hit a parked car. Thin poles are tough for any drone, but the car was harder to swallow. Use the avoidance as a backup, not a guarantee.
Overall though, this is the most drone you can get for the money right now. Solid camera, excellent tracking, and a ton of features packed into 151 grams. Just fly with your eyes open.","Reviewed in the United States on May 19, 2026"
R2NBKGVFD1HMKZ,B0DDS1368S,5.0,"The perfect Christmas gift — fun, easy to use, and amazing value","This was a Christmas gift for my “big boy” — my husband — and he LOVED it! The DJI Neo Three-Battery Combo is an amazing little drone that delivers way more fun and quality than we expected.

The drone feels very well made, easy to use even for beginners, and incredibly fun right out of the box. The 4K camera produces great footage for its size, and the self-flying features make it enjoyable without feeling complicated or intimidating.

The three-battery combo is a HUGE plus — honestly, it’s super necessary. It lets you enjoy longer flying sessions without constantly stopping to recharge, which makes the experience so much better. For the price, this combo is an excellent deal.

Pros:

Fun and intuitive to use (great for beginners and adults)

Excellent build quality

4K video quality for such a small drone

Three batteries included — very practical and needed

Great value for the price

Perfect gift idea

Cons:

None so far — it does exactly what we expected and more

If you’re looking for a fun, high-quality drone for adults or a gift that will actually get used and enjoyed, this one is a fantastic choice. Highly recommend!","Reviewed in the United States on January 8, 2026"
R30XBTZY4T0N9U,B0DDS1368S,5.0,Great small drone!,"Great value for money! It’s very durable even after it accidentally landed in the pool. The speed is fine for regular use and photography. It’s easy to use and maneuver with the app. The battery life is great, 15 minutes of use where typically batteries for drones like this last 5-10 minutes.","Reviewed in the United States on June 1, 2026"
R3NH9ZQY2X3WFJ,B0DDS1368S,5.0,"Great for its size, impressive and affordable","Probably the least capable DJI drone, but its so impressive for its size, its hard to believe something so small can do 4K video, fly 35 Mph, fly in FPV mode and fly up to 10 kilometers away! Its way under 250 grams so you don't have to register it with the FAA. I already had the Avata 2 so I didn't need the controllers or goggles, so this was pretty cheap to add to my fleet. You could fly it without a controller by just using hand signals, it flies with your phone, the motion 3 controller, the RCN3 controller, the remote controller 3 and even the RC2 controller, and it also works with Googles 3. Its great for flying around the house while I wait for sprint in Minnesota, I can't wait to get it outside!","Reviewed in the United States on October 20, 2025"
R1L0SCSOMXCQHQ,B0DDS1368S,5.0,The DJI Neo,"The DJI Neo is an impressive little drone that combines portability with powerful features. Despite its small size and lightweight design, it delivers excellent performance and very stable flight. The 4K UHD camera produces sharp, clear video and vibrant photos, making it great for both casual use and creative shots.

I really like the intelligent flight modes—palm takeoff, subject tracking, and QuickShots make flying easy even for beginners. The autonomous features work smoothly, and the stabilization keeps footage steady. The combo with three batteries is a huge plus, allowing much longer flying time without worrying about constant recharging.

The drone feels safe and reliable with its propeller guards, and it’s compact enough to take anywhere. It’s perfect for beginners as well as hobbyists who want an easy-to-use drone with high-quality video.

Overall, the DJI Neo is fun, reliable, and packed with smart features. Highly recommended for anyone looking for a small but capable drone.","Reviewed in the United States on September 8, 2025"
R1SUSISLS293I6,B0DDS1368S,4.0,Fun Little Drone with Smart Modes and Impressive Tracking,"I use the DJI Neo primarily for making content on trails and showing where I’m at in the world. It’s a compact, fun little drone with great automated modes that make it easy to get professional-looking footage without much setup. One of the things I really like is that it will literally fit in your pocket. That means I can take it anywhere without advertising that I have a drone in a public setting.

The follow-me mode works perfectly, keeping me centered and moving smoothly through the shot. The three-battery combo is a big plus, giving me plenty of flying time. Each battery lasts around 30 minutes in calm conditions, though that drops in windier weather. This drone doesn’t do great in strong winds and doesn’t have any obstacle avoidance, so it’s best suited for open trails or beaches. On the plus side, it will retrace your path accurately—if you walk around a pole, it will fly around that pole.

I use Dronie mode all the time, and Circle and Boomerang are great for dynamic shots. Helix is fun for stationary scenes. Just know that if you are trying to be stealthy, you're not.

I also use my Avata 2 goggles and hand controller with it, which work great together. Indoors, it’s stable enough but not perfect. You’ll want calm conditions and smooth control movements. I haven’t tried it yet with my e-bike, but based on how well it tracks, I think it’ll keep up just fine.

Pros:
Fits in your pocket for easy carry
Excellent automated flight modes
Accurate tracking and path memory
Great for creating travel and outdoor content
Works well with Avata 2 goggles and motion controller

Cons:
No obstacle avoidance
Struggles in windy conditions
Not very stealthy due to the sound level

Summary:
This drone is a fun, creative tool for content makers who want cinematic shots without the bulk or hassle of larger drones. It’s pocket-sized, easy to fly, and performs beautifully in calm conditions. Perfect for trails, travel, and quick content creation.","Reviewed in the United States on October 21, 2025"
RI5XVSARJE8DA,B0DDS1368S,5.0,Just perfect 😍,"Perfect drone for beginners it’s totally worth it I’m in love with it, you don’t have to know how fly a drone it have automatic functions so you just click it and have fun.
I’ll just advise that follow the instructions and DO NOT USE IN OPEN WATER!! I almost had a heart attack when I almost land in the middle of the lake beside that just perfect! 😍","Reviewed in the United States on June 9, 2026"
RB6WGA94M4U5L,B0DDS1368S,5.0,Awesome drone!,"A very fun drone to use. Great for beginners and pros alike. I was amazed at the quality of photos and videos having such a small camera. The drone is very stable in flight. I was also impressed that it could record audio and cut out the prop noise! It may be a little off, so you have to correct that in post production. Works great by itself, with a cellphone, or with the controller.","Reviewed in the United States on February 27, 2026"
RUILMEUBI7JG6,B0DDS1368S,5.0,Must-Buy for Winter Flying—Easy to Control Indoors.,"I absolutely love my little Neo!

As someone who owns multiple drones, I was thrilled to find this Mini 4 Neo works great with all my different DJI controllers: the regular controller, the RC Plus with screen, and the FPV controller with goggles. All connections worked perfectly with no issues.

Ideal for Indoor Flight
While the flight time on these tiny batteries isn't long, it comes with three batteries and they charge fast, making extended flight sessions easy.

This drone is perfect for flying indoors during the winter or in high-ceiling environments. Be aware that it is very light (not for high winds) and lacks obstacle avoidance, so you need to be careful.

Pro Tip for New Pilots
Like most small drones, lighting is key:

If you lose GPS, it defaults to hover.

If it gets too dark, the drone can behave strangely. This is normal, but new pilots should be aware. (Adding a small light helps, but adds weight and affects flight time.)

Even with these considerations, the Neo is a great indoor flier, even if my dogs hate it!","Reviewed in the United States on December 16, 2025"
R3VRBRF67AJWO,B0CS6GJJJG,5.0,An Absolute Blast to Fly!,"The DJI Avata 2 is hands down one of the most fun pieces of tech I've ever bought. It took me a few minutes to get used to the controls, but once everything clicked, it became incredibly intuitive. If you've ever used a motion controller for video games, you'll probably feel right at home.

The FPV experience with the goggles is amazing and really makes you feel like you're in the cockpit. The drone is fast, responsive, and surprisingly maneuverable, making it a blast to fly whether you're cruising or weaving through obstacles.

The video quality is excellent, producing sharp, smooth 4K footage that looks fantastic. I was also impressed with the range and the overall stability of the connection.

If you're looking for an FPV drone that's easy enough for beginners to learn but exciting enough to keep experienced pilots entertained, the Avata 2 is a fantastic choice. I highly recommend it!","Reviewed in the United States on July 7, 2026"
R22FJXF3NGKRWS,B0CS6GJJJG,5.0,Flying with a birds eye view is a kick in the pants!,"I have a DJI Mini Pro 4 and bought this drone to fill a gap. The Avata 2 with the headset is a kick in the pants to fly! You have a Birdseye view of flying and can better navigate trails, close to earth flying. The video is outstanding and the motion controller 2 is as close to being intuitive as you get. It is built with propeller guards and is more durable than models with exposed propellers. It is better suited for beginner because of this and the more intuitive controller. The battery life is 23 minutes, but if you are flying aggressively, I'd fly less than that because low battery levels makes control response sluggish. You can buy cheaper, but the quality and reliability of DJI can't be beat.","Reviewed in the United States on May 13, 2026"
RYZMLQ6IRY9MY,B0CS6GJJJG,5.0,Best purchase ever!,"My 8-year-old son absolutely loves this drone. I initially purchased a cheaper drone for him, and I quickly realized that it was not going to allow him to develop his skills with that drone. I decided to invest in his passion, and it paid off as he is now impressively improving his drone flying skills. This drone is fantastic and all the devices, goggles, controler work really well. Highly recommend this drone but advise to get a combo with more batteries as they last about 17 min.","Reviewed in the United States on March 8, 2026"
R39DV7N5RRZXEA,B0CS6GJJJG,5.0,A Fun FPV Drone That Feels Beginner-Friendly,"I got the DJI Avata 2 because I wanted something more immersive than a regular camera drone, but not as intimidating as building a full FPV setup from scratch. The goggles make the flying experience feel completely different, and it is honestly a lot more fun than just watching a phone screen.

The built-in prop guards are a big plus because they make the drone feel less fragile, especially when flying around tighter areas. The 4K video looks clean, and the wide FPV view gives footage a really cool sense of motion.

The Motion Controller is easy to get used to, but it still takes some practice if you are new to FPV. I would start slow and give yourself space before trying anything too aggressive.

Overall, this is a really fun drone if you want that FPV feeling without jumping straight into a complicated custom build.","Reviewed in the United States on July 3, 2026"
R39YW19F983LM4,B0CS6GJJJG,5.0,Flight stability is dramatically improved,"The DJI Avata 2 has been a fantastic upgrade for me. It’s incredibly stable, responsive, and surprisingly easy to fly even in tighter spaces. The video quality is excellent, and the new goggles make the FPV experience feel more immersive than ever. Battery life is solid for an FPV drone, and the overall build feels durable. If you’re looking for a fun, capable FPV drone that still gives you confidence as a pilot, the Avata 2 is a great choice.","Reviewed in the United States on April 18, 2026"
R1YTNOQL5X9AKO,B0CS6GJJJG,5.0,Great first FPV Drone.,great price for what you get!,"Reviewed in the United States on April 18, 2026"
R2S2KU7J4XN239,B0CS6GJJJG,4.0,"Great drone, excellent video, fun to fly, short battery life","Great drone, fun to fly, pretty easy to set up, great video, and like like amazing quality. True manual mode requires a lot of steps and Id recommend a video tutorial.
The battery lasts for less than 15 minutes in ordinary outdoor conditions making learning to fly this drone with only 1 battery very challenging. Additional batteries are pretty expensive at $150. A single battery is enough to do much with this drone, so I did end up buying a second.
The kit doest come with any case, making transportation a little awkward, especially with the goggles which I would like protected.
The kit comes with some corrective lenses for the goggles, and attachments I used to fit custom 3rd party lenses for my astigmatism for around $70. The goggles will not fit over most glasses.","Reviewed in the United States on April 8, 2026"
R3TTVR4HP0KBCI,B0CS6GJJJG,5.0,Childhood Dream Achieved - Flying Like A Bird!,"I just got to fly the DJI Avata 2, and dude, it’s so much fun. If you’ve ever been curious about flying FPV drones but felt kinda intimidated by all the gear and setup, this one’s for you.

So, first off, it comes with these goggles (DJI Goggles 3) that are super comfy and give you that full-on immersive flight vibe — like, you feel like you’re actually in the sky. And instead of the typical drone controller, it uses this motion-sensing thing called the RC Motion 3. You basically point where you want to go. It sounds gimmicky, but trust me, it just works. After a few minutes, you’re swooping around like you’ve done this for years.

The camera on it is insane for how small the drone is — it shoots in 4K, and the footage looks chef’s kiss. Super wide angle too, so everything feels big and dramatic. It even does slow motion if you want to get those buttery cinematic shots. And it’s got a ton of internal storage, which is awesome if you’re like me and forget to bring SD cards half the time.

What really got me though is how beginner-friendly it is. There’s this Easy ACRO mode that basically lets you do flips and rolls just by pressing a button. It makes you look like a pro, even if you’ve never flown an FPV drone before. And if you're worried about crashing — don’t. It’s built like a little tank with propeller guards and all, so it can take a few hits while you're getting the hang of it.

The only thing that might be a small downside is that the simulator support isn’t amazing yet, so if you’re someone who wants to practice a lot virtually first, that’s something to keep in mind. But honestly, it’s forgiving enough that you could learn on the fly (literally).

If you’ve been on the fence about getting into drones or FPV in general, the Avata 2 makes it feel way less scary and way more fun. It’s like DJI made it for people who want the thrill without the stress.","Reviewed in the United States on April 22, 2025"
R2I0K3IMOKI6OZ,B0CFF1SJ3P,5.0,Really good quality,Everything about this drone is just as advertised. Quality drone and easy to use for any beginner or skilled user. Photo and video quality is really good.,"Reviewed in the United States on May 6, 2026"
R1FDMD880BB011,B0CFF1SJ3P,5.0,Very good,"Very good drone ! Good video quality , easy to handle ! So far very good","Reviewed in the United States on May 1, 2026"
R27MNGRRYFUH36,B0CFF1SJ3P,5.0,Fantastic Drone with a Few Learning Curves,"I absolutely love my DJI Mini 4 Pro! This drone is incredibly easy to use and delivers stunning 4K photos and videos, making it a great choice for both beginners and seasoned aerial photographers. Its lightweight design (under 0.549 lbs/249 g) adds to its portability, and the flight time of about 34 minutes is impressive for a drone of this size.

A word of advice: take the time to thoroughly learn all the features. While the drone is user-friendly, it has a lot of advanced functionality that can be a bit overwhelming at first. I learned this the hard way when I launched from a boat. As the drone's battery began to get low, it attempted to execute its Return to Home (RTH) function. Unfortunately, because we were moving, the RTH path nearly led it into a lake!

Despite that close call, the overall performance and ease of use make the DJI Mini 4 Pro a fantastic investment. With a little practice, you’ll be capturing breathtaking aerial footage with confidence. Highly recommended!","Reviewed in the United States on February 7, 2025"
R1X5DZZ27XH0QI,B0CFF1SJ3P,5.0,"Brand new DJI product, no tariffs","Because of the tariffs, the drone is out of stock almost everywhere. And the price is often inflated by several hundreds dollars even though the stores don't have it in stock. The Amazon order appears to be shipped out of China, so I was worried that I might be asked to pay tariffs on top of the original price when the order arrives. I took the chance since the product page says the order is being handled by Amazon instead of the 3rd party (a Chinese company). The order took 8 days to be shipped out, then 2 days to arrive at my house, at the DJI's regular retail price, no extra tariffs being added. I was worried about getting a refurbished product at this price, but it came in perfect shape, in a sealed box, with everything you'd expect from a product being sold in the U.S. market. The drone and remote (the RC2 with the touch screen display is BEAUTIFUL) powered up OK. I created the DJI account and the drone activated without issue. But, DJI's website said that the ""DJI Care"" is not available for purchase for this drone based on the S/N. Not sure what's going on. I actually don't plan on extending the warranty, so it wasn't an issue for me, but maybe others would want to know. Overall, very happy with the purchase!","Reviewed in the United States on June 30, 2025"
RKZXYECWWK6NM,B0CFF1SJ3P,5.0,It just works,What can I say? This is one of the best drones on the market.,"Reviewed in the United States on April 27, 2026"
R1PUYNXFA19TT0,B0CFF1SJ3P,1.0,How to trouble shoot log on issues with a company you can't reach out too or that won't respond!,"I was so excited about the DJI mini 4 drone and was ready to enhance my business with it. I watched dozens of YouTube videos about it and read all the info I could. After 2 days of study I was ready to fly and turned on the controller to ramp up. I answered all the questions, hooked up my wi fi, but when it came time to sign on it didn't know me! I checked the email I've been using and checked that it was the proper email from info they sent me. I went round and round verifying codes and passwords, but no matter what passwword I used it wouldn't let me connect to the drone itself! I even asked them send passs codes to my email a dozen times, but crickets, no response. Another option was to have them send the codes to my phone several times, but again no response. Then I noticed that the only option was to receive my code by phone was in China itself and not the US! I couldn't open the settings as one YouTube guru suggested beecause I had to swipe the screen, but no response. I guess I'm trying to let anyone know if you have an issue with this drone company and you can't trouble shoot it yourself you better have a passport to China because they don't chat on emails or let you have a phone number to even leave a message! Hope you future drone pilots have better luck than I do! Steven Young Jr","Reviewed in the United States on October 1, 2025"
R2ETH3D2VM3MHH,B0CFF1SJ3P,5.0,Buy this one it's the first worth your money drone.,"Range is pretty good if there is nothing in the line of sight I between the remote and the drone. It is fairly fast compared with other camera drones but compared to a FPV drone slow. The pictures are great compared with a mini SE or mini 2. Turns are pretty quick sport mode. The screen on the remote is great compared to using your phone as a screen. The screen is bright enough to see it in the sunlight. However twice now I have upgraded the the firm ware that the remote suggests I install and it has rendered my drone unusable. By unusable I mean it flew however there were diagonal lines on several items in the pictures and the screen Image. Luckily I had bought the insurance with it and they had fixed it. Buy the insurance with it. Insurance on these drones has saved me now five times total just don’t lose your drone in the water were you could not get it back cause that’s not covered. Great drone I would skip the two drones I bought the mini SE and mini 2 as the pictures are not the great on them, also the 4 pro is just built so much better it feels solid or rather just better built. Go with the 4 pro to start with in the beginning cause it is the first one that is worth the money. Good for beginners aswell.","Reviewed in the United States on August 29, 2025"
RQ5Z1ULIWDBCB,B0CFF1SJ3P,5.0,No regrets after almost 2 years,"Ive owned many DJI drones. (Starting with the original Phantom) While I wont get into the politics of a possible ban on Chinese drones in general (I can see reason on both sides), I CAN say DJI make a fantastic product. They honestly have never let me down. I also don't leave wifi on (to keep them from snooping or possibly forcing an unwanted update) and I am very careful with firmware updates. DJI can be rather intrusive. Ive had this drone for over a year now and its been perfect. I will say that if you're new to the hobby, or dont need all the bells and whistles, go for the Neo. I have 2 of them and you can do things with them that you cannot do with the Mini series (Or Air/Mavic series for that matter) like FPV, by adding goggle and the FPV controller. Im not a fan of the DJI Flip, period. (The most pointless drone DJI ever made???) IMHO","Reviewed in the United States on August 6, 2025"
R31SHLUUBAPIB9,B0G3F4WSP7,2.0,Look elsewhere,Low quality. The nylon inserts for all 4 of the provided lock washers fell out. Every. Single. One.,"Reviewed in the United States on April 2, 2026"
R2JQZCIVNRE04B,B0G3F4WSP7,5.0,Powerful and easy to install,"Just finished my 7-inch build with these 1700KV motors. The power on 6S is insane – they launch my drone like a rocket. I was worried about installation, but everything fit perfectly with no issues. For the price, these are some of the best drone motor options I've found for aggressive flying. Very happy with my purchase!","Reviewed in the United States on January 1, 2026"
R30XEGQN3KBUR,B0G3F4WSP7,5.0,"My new favorite for 7"" racing","I race 7-inch quads and needed a motor that could handle quick turns and fast straightaways. The X2807 1700KV delivers exactly that. The response is immediate, and they don't bog down at all. After a dozen packs, they're still running cool. If you're serious about performance, this FPV motor is a must-try.","Reviewed in the United States on January 1, 2026"
R3546811DV2KEL,B0G3DZHBKP,5.0,They are very smooth,They work perfect on my 7 inch fpv drone,"Reviewed in the United States on June 11, 2026"
RQZ06XNSNFWPO,B0G3DZHBKP,4.0,They work,These motors all spun up with no issues after installation on my 8in long tang quad. I installed on an 8in analog fpv quad spinning some HQ 8x5 bi-blades I get about 12 minutes of cruising with a 2200mah 6s battery limited to 80% throttle in betaflight.,"Reviewed in the United States on June 5, 2026"
R3JR5AQQP63K9E,B0G3FBRBP4,5.0,Great Motors,Excellent Motors especially for the money. They're nice and smooth providing excellent lift and dynamic range. This Brand's Motors I have found to be of excellent value.,"Reviewed in the United States on July 28, 2026"
R3J0B26EF1GOJ1,B0G3FBRBP4,5.0,Solid performance for long-range builds,"I’ve used these DYS motors on my 10-inch long-range drone for a few weeks now. The 900KV version handles 6S power smoothly and provides efficient thrust. What I like most is how quiet and stable they run even during prolonged flights. If you’re looking for reliable drone motors that won’t break the bank, these are a great choice.","Reviewed in the United States on January 1, 2026"
R3AED4CO435UZK,B0C5T9GZQY,5.0,Great drone for beginners and recreational pilots!,"This is a very nice quality drone overall. I love how compact it is with its foldable design. I also like that everything is contained efficiently in the included carrying case, and it is a huge plus that it comes with two batteries. The video quality is excellent, and there is a card slot for up to a 128 GB card.

In addition, this drone has many intelligent flight modes which rival much more expensive drones that shall remain nameless lol! The control range is very good, but not nearly as long distance as it could be. However, it is very adequate for a beginner or recreational pilot. Overall, this is an excellent drone package for the price point, so I would not hesitate to recommend it with the top rating!","Reviewed in the United States on July 25, 2023"
RVCG4O9PM02OW,B0C5T9GZQY,2.0,Battery life is less than 5 min.,"Fly’s nice, handles good, but the battery is lame. The book says 26 minutes out of the box on full 24 hr charge I get less than 5 min flying time. Not worth it with that little time in the air. Cause then it’s back for 12 hr charge.","Reviewed in the United States on January 2, 2024"
RBNEFP5UC4895,B0C5T9GZQY,4.0,Muy bueno,"Para ser principiante esta muy bueno, un poco pequeño","Reviewed in the United States on July 30, 2024"
R2976KZ5BDH08,B0C5T9GZQY,1.0,"Horrible Customer Service, 60 day drone.",The drone is good but has poor battery life and My battery's swelled after about 15 uses customer service is a joke they sent me two different batteries one only lasted 10 minutes and will not help me at all got Amazon involved and they finally helped me but do not buy from this company.,"Reviewed in the United States on September 15, 2024"
RFC1COZCMHQ5U,B0C5T9GZQY,3.0,"Fun, but it definitely has issues","First thing I did with this was find the most open area that existed on the farm. My property is 500 acres of former farm, but the problem is it hasn't been a farm since 1945ish. That means woods. Lots of woods. I already lost one weird little cheap drone because the controls were awful, it weighed an ounce and a light breeze blew it somewhere into the trees. So, with this one, I went close to my house, but not close enough to get into the power lines. Turns out that was a pretty good idea because the phone app is kind of a joke. I tried to use it to control the drone, and it lost connection at what couldn't have been more than 150 feet. The video cut out and I just completely lost signal altogether. The control still worked fine though. The video it does take is kind of hilariously bad. You know those security cams that advertise 4k but somehow look worse than a camera phone from 2006? Yep. That. If you're new to drones and you've watched amazing footage on YouTube or wherever of drones taking professional quality video...uh...this isn't that. I can't knock it too much for that though. The drones you see taking those great videos are much, MUCH more expensive that this.

My S21 Ultra won't fit in the phone holder in its otterbox. That's annoying, but not surprising. The controls for this are very weird. They are analog sticks, but they operate like digital buttons. In other words, on/off. A little bit of input is the same as all of the input. That's fun. Battery life is kind of bad. Don't touch sport mode. It drains the battery in five minutes. I mean, you'll go up and it will be doing an emergency, kamikaze landing before you know it.

Once you get the hang of the awkward controls and don't put it in sport mode, it is fun. The GPS thing is nifty. I set it up to fly around the open area of the farm and stop at various waypoints. My kids chased it around the whole time it was doing that. The whole time was maybe 20 minutes. It then ran out of battery again. Up to 60 minutes flight time seems a tad optimistic.

I almost gave this 4 stars, but that awful battery life really made me think it was worth closer to 3. You might think of this as somewhere around 3.4 stars. 68/100 on that scale if that makes more sense. It's not terrible for the price, but it really has issues.","Reviewed in the United States on June 25, 2023"
R2LFU698SPRSB4,B0C5T9GZQY,5.0,Easy for beginners!,"I can’t tell you how many drones I have quickly broken due to difficulty figuring out how to get it to fly smooth (all in the name of saving money for something cheap!). This is SUCH a huge upgrade and the photo quality is impressive. Battery life is more than sufficient! We’ve never had it run out but do recharge after each use anyway.

This is a perfect device for hobbyists and photographers alike. I love the follow feature! It functions really well, flies super smooth, and is a surprisingly durable feeling device.

Well worth the price tag and is a LOT of fun!","Reviewed in the United States on July 27, 2023"
R396QBX3CFPG9F,B0C5T9GZQY,4.0,Very functional adult type drone that’ll provide the fun and experience at a reduced cost.,"The F28 Pro Foldable Drone from Contixo, is a very usable drone on the lower end of the spectrum for real 4k adult style drone. It’ll provide a great experience for those that are new to drones or if you just want a capable drone, for a fair price. Here are some of the things I’ve learned while owning it and things to consider before buying.

I. Quality – Its decent quality for a drone at this level of cost. All the parts seem durable enough to survive most non-catastrophes and should hold up well if you can keep it from running into too many things. I’d put it in the middle level of the quality scale for drones.
II. Usability – I found this to be on the level of an adult drone and not the best choice for a kid. This company offer better choices, if this is for a kid. The controls were easy to use and somewhat intuitive, but a little difficult to get used to. It’s set up to be adequate for a complete beginner, but the lack of propeller guards could be costly depending on your natural skills.
III. Features – This drone offers some great features for the price that work pretty good considering the cost. The 4K camera is viewable through my phone, and has been functional and worked well. Return to home, waypoints, one-key spiral, and follow me modes are all nice features to have in this class, although somewhat standard now.
IV. Package and Accessories – It comes with a good starter package with a pretty nice case that has a spot for everything and two batteries that last about 20 minutes each. Unfortunately, additional parts seem to be unavailable in their store at the time of writing this.

Overall, this has been a fun drone to use and I’ll continue to enjoy it for certain experiences. I’d recommend it to anyone looking for a starter adult type drone or if you just want to have fun with one without the worry of damaging a higher priced version.

You can trust that this review is simply my honest opinion that is attempting to provide you with helpful insight that I wish I had before I picked this product. Hopefully it was helpful in your decision.","Reviewed in the United States on July 24, 2023"
RS8H031JBUX4E,B0C5T9GZQY,1.0,Hard pass,"Flies great, fun to use but couldn’t get app on iPhone to connect to drone making the camera function unusable.
Poor quality app!","Reviewed in the United States on September 22, 2025"
RCZ9JTWJEELUN,B0DF7CJL6D,5.0,Great toy for kids and adults,this is a great item I bought this for my kid he loves it he was so excited. But the battery doesn’t come fully charged so you might wanna charge before use. The camera isn’t 4k but it is good ish quality. It is also very durable. It is simple to set up on the app and the controller. It is definitely worth what I paid. I love how adjustable the camera is.,"Reviewed in the United States on June 29, 2026"
R1XQE4HMVKXUXW,B0DF7CJL6D,5.0,Skyward Thrills: A Stellar Drone!,"I've had a blast with this drone! Honestly, I was a little intimidated at first, but it was surprisingly easy to get the hang of. The setup was quick, and the controls feel intuitive—it practically flies itself! The camera quality is sharp, capturing some truly stunning aerial shots that make my backyard look like a movie set. Battery life is decent, giving me just enough time to scratch that flying itch. If you're looking for a fun, reliable drone that's great for beginners and still delivers a solid performance, this is the one to get. Five stars!","Reviewed in the United States on September 30, 2025"
R9DO9CE8ANV28,B0DF7CJL6D,5.0,Practice first,"Very nice drone. Read the instructions, learn the buttons. I just use the automatic take of and land for now. Make sure to put your protectors on for your blades, I like the fact it comes with these. The battery lasted about 30 mins or so maybe less, and that was on slow speed. I havent used the camera, though i downloaded the app, and seen that it works. I have to get better with it to use the camera. Right now im just flying in my back yard taking it slow. I still crash alot. I advise you to practice practice practice untill your good with it. Dont fly near roads, you can get hit chasing your drone or your drone can fly in front of someones car if you are not able to control it very well. With that said i cant wait to go out and practice some more. I got this as a present and it is well worth the extra money instead of a 40 or 50 dollar drone. I have flown the cheaper ones, and this is much easier to fly smoothly.","Reviewed in the United States on December 26, 2024"
R1JMFAWL5WQM1P,B0DF7CJL6D,4.0,"Great for the money, better cameras out there","Flies great, auto take off and landing is great, the flip function is super fun, the camera is low quality and not super control-able","Reviewed in the United States on June 1, 2026"
R3Q6TSYZ8ATOM6,B0DF7CJL6D,5.0,"Perfect Starter Drone – Fun, Easy, and Packed with Features!","If you're looking for a fun and beginner-friendly drone that doesn't compromise on quality, this 4K Camera Foldable RC Drone is a total winner! From the sleek, foldable design to the easy controls, it's perfect for both kids and adults—whether you're new to drones or just want a cool gadget to capture aerial shots.

Crystal-Clear 4K Camera – The image and video quality are surprisingly sharp for such a compact drone. Perfect for beginners who want to explore photography or make fun content.
Super Easy to Use – With one-key take-off/landing, voice control, and built-in safety features like propeller guards and anti-lost alarm, flying this drone is smooth and stress-free.
Brush less Motor = Quiet & Durable – It runs quieter than most drones and handles wind like a pro—no shaky flights here!
Fun for All Ages – Whether you're gifting it to a kid, a tech-loving teen, or a hobbyist dad, it's a hit. Great toy and gift idea that looks and feels premium.

Overall, this drone gives you the perfect balance of fun, functionality, and quality—without the overwhelming price tag or complexity. A fantastic pick for anyone curious about drones or looking for an awesome gift!","Reviewed in the United States on April 30, 2025"
R1G8XQZOHM1HUU,B0DF7CJL6D,1.0,P.O.S. Don't waste your money,"The only that part that actually worked was the button that made it Auto take off and Auto land but I couldn't get the camera to work. I took it outside and I used the auto take off to get it up in the air and then it started drifting off over my pasture which would have been fine but I couldn't control it at all. It was doing its own thing so I pushed all the land which it did and then my horses ran over and started investigating so I was worried they were going to stomp on it so I had to take off again and at that point it went up in the air and it just kept going away from you. No matter which button or which controller I tried to use. It didn't matter. It just kept getting farther and farther away until I eventually watched it disappear into the trees at the end of my pasture and I haven't found it since. I absolutely would not recommend this to anybody, it's worthless if you can't control it. How stupid of a device. It's a drone. You're supposed to be able to control where you want it to go.... Unfortunately I can't even vouch for the camera because I couldn't get the app and they camera part to work and it was just just a test flight that I sent up and I never got it back after that. So don't waste your money on this piece of crap.","Reviewed in the United States on June 18, 2025"
RL6HKZE0D7EBD,B0DF7CJL6D,3.0,Works Okay,"Good camera, fairly easy to use, good control layout and altitude hold is good. Would be better if it had a longer battery life. Kinda hard to control in the wind.","Reviewed in the United States on May 12, 2026"
R1OTK57Y5MSHYK,B0DF7CJL6D,5.0,Fun and easy to fly drone!,"This drone is an absolute blast for beginners and casual flyers! The LED navigation lights make it easy to fly even in low light, and the 6-axis gyro gives it a smooth, stable feel in the air. I love the speed toggle feature—it’s great to start slow while learning and then ramp it up for more excitement.

Headless mode makes flying super intuitive since you don’t have to worry about the drone’s orientation, and altitude hold keeps it steady at a set height. The one-key takeoff and landing takes the stress out of the trickiest parts of flying.

This drone packs a lot of features into a lightweight, easy-to-use package. Highly recommended for anyone wanting to dip their toes into drone flying without breaking the bank!","Reviewed in the United States on April 21, 2025"
R2LL5U3L7FC6WJ,B0FBGFMNNY,5.0,mint,a1,"Reviewed in the United States on July 25, 2026"
R20YAKQ7FH5JAM,B0GS5VTBF4,5.0,Endless fun and challenging yourself!,"Not really designed for beginners, but could be in the right mode with enough time watching Joshua Bardwell's newbie simulator stuff on YouTube.

Holy moly this thing is unbelievably amazing. Please know that you need some real piloting experience, but if you're into drones and never tried a tiny whoop or anything this small. This thing is perfect. I'm bew to this size, but I can fly outside my house as well as in the basement around small obstacles. It takes a hit really well and comes with a few spare parts. I've crashed a LOT and used the replacement canopy that comes with it once in 50 flights. Replacement parts from betaflights website ships from China but they are extremely cheap. You can get a frame for $4.99 I think and five pack of canopy or blades for not much more. You really won't need them though. This thing is very tough.

It's seemingly endlessly skill building and challenging. I have unlocked so much of my own potential and have so much more to gain from this.

If you already have FPV goggles and an ELRS radio, $115 bucks is a steal I think for what you get.

Buy a 10 pack of 280mah lava batteries. Keeping the weight down is key.","Reviewed in the United States on July 4, 2026"
R2SDD7KEAPYP15,B0GS5VTBF4,5.0,Flew great,No issues. Flashed to ELRS 4.0.0. Flew perfectly right out of the box with minor setup.,"Reviewed in the United States on June 10, 2026"
R3H8CJJ2LM1YA5,B08J4FNTND,5.0,Into to technology,Age appropriate.,"Reviewed in the United States on June 10, 2026"
R275LDGCKMDZ9Y,B08J4FNTND,4.0,Christmas gift,Product looks good can’t wait to try it out,"Reviewed in the United States on December 19, 2020"
R1JBJII5USJXLF,B08J4FNTND,1.0,"Junk, doesn't work. Waste of a Christmas present","Doesn't work. Aon got this for Christmas, the app you download to be able to see the camera keeps shutting down. I even tried downloading it in my phone, same issue. He even tried flying just the drone itself, doesn't fly. It comes on, has pretty lights, but it just sits there.","Reviewed in the United States on December 26, 2020"
R1A2E8GXSVEY62,B08J4FNTND,5.0,Good gift,"This drone is gift for my son to upgrade their level. there many cool things about it. his price and seller both are reliable. it is easy for my son to configure with phone and play with it, no assembly required. gpa system great, as it reach back to hone without any issue. if you using app, it follow you using follow me option. video deo recording quality is decent. overall it is good upgrade for young kid.","Reviewed in the United States on October 26, 2020"
R10W9GMQL6CO,B08J4FNTND,3.0,No satisfecha,"Era para mi hijo, bueno no tan mal por el precio pero una inversión no valorada, super frágil y fácil de dañar y aunque traiga pieza por si algo se daña no vuelve a funcionar para nada","Reviewed in the United States on February 3, 2021"
RPVVRCKFGJ9WG,B08J4FNTND,5.0,So Fun!,"This is a great drone. It has so many features, even ones that are usually only included on really expensive drones. I love the ability to have the drone follow me, and the fact that it can find it's way back to the take-off location if it loses signal is awesome. The one-key take off and auto return features are also really nice.","Reviewed in the United States on October 23, 2020"
R6DR442YC5HFY,B08J4FNTND,4.0,Phone app never worked.,So far drone flies great. I see a lot of complaints that the drone doesn’t control correctly or the drone drifts. You must calibrate it every time it says right in the manual. The issue I have is the app never worked. So no video or pictures. If that’s important then try a different drone. I will probably buy a different one because of the app for the phone not working.,"Reviewed in the United States on March 14, 2022"
R12XG1PDI3XHT8,B08J4FNTND,2.0,Save yourself the trouble,"So I got this drone in my quest to not sell a kidney to get something that actually works. When I got it, I immediately opened it up, downloaded the app and started it up. The app was not working, it didn’t connect to the drone once. I decided to fly the drone either way. It hovered great compared to others and did good flying around. But it lost connection and fell out of the sky braking the props and sending the landing gears to Timbuktu. Don’t ever buy this drone, save your money.","Reviewed in the United States on January 11, 2021"
R3PC8UCXSWK9SO,B0BW5H7Y8Q,5.0,Great starter kit.,"Perfect. Built my drone, no issues. Flies perfectly. I have zero complaints.","Reviewed in the United States on March 21, 2026"
R17S39CVA6Q3BR,B0BW5H7Y8Q,5.0,Great value,"I'm building my first drone and this kit fit the bill perfectly, all components worked correctly out of the box. Wouldn't hesitate to purchase again","Reviewed in the United States on August 6, 2025"
R2O3W3JQC5HUB3,B0BW5H7Y8Q,3.0,"Great motors and ESCs, defective propellor nut","I purchased these for a quadcopter I am building and for the most part I am quite pleased. I found that one of the nuts for the motor was faulty and while landing my drone the nut flew off never to be seen again. Since it's lost I can't be certain but it looked like it broke apart. To be safe I am replacing all of them.

The ESCs are 30a 2-4s models and work fine. They are PWM and stay relatively cool to the touch with the motors at full speed being used with a 4s battery. The motor to ESC connections are push bullet connectors and bare wire at the other end

I also found the listing to be lacking in detail so allow me to offer some useful info:
The included propellors are 10"" plastic propellors and work great if your building a drone with an S500 chassis
The motors are DJI branded and these are the specs I found for them:
KV(rpm/v): 920
Max Power: 370W
Max Thrust: 120g
Weight: 53 grams
Shaft Diameter: 4mm
Shaft Length: 49mm
Battery: 2S-4S LiPo
Recommended ESC: 30A
Recommended Propeller: DJI 9450","Reviewed in the United States on May 18, 2025"
RP1M6AUZ4W1WQ,B0BW5H7Y8Q,5.0,Everything works fine,Review changed. Previously I mistaken. Everything is working fine.,"Reviewed in the United States on October 7, 2025"
RZF0JN2C85FS3,B0BW5H7Y8Q,5.0,Everything was included,"Came with what was advertised, (2 CCW, 2 CW motors, 4 ESCs, and the prop pieces.

Have yet to test if they work yet, will update my review after I put my project together.","Reviewed in the United States on April 15, 2025"
R30VY5BJR6NWDY,B0BW5H7Y8Q,1.0,Screws are the wrong size,Screws are not long enough to install the motors onto the drone frame. Don’t buy this kit!,"Reviewed in the United States on October 16, 2025"
R21M5NXWZIXUHG,B0BW5H7Y8Q,5.0,Good stuff,Comes with everything I need,"Reviewed in the United States on November 14, 2024"
R2UIYU3FJG60AD,B0BW5H7Y8Q,3.0,ESC and motor,"The seller's description of the motors was two CW and two CCW motors, but I received three CCW motors and one CW motor. The package was delivered in a plastic bag because all items are electronic. They are very sensitive electronics and easily fragile. I tested all the motors and ESC, but two ESC did not pass the test.","Reviewed in the United States on February 21, 2025"
R3OZAH421E3VM4,B075DD16LK,5.0,"Great motors, works great with 10x4"" propellors!","I built my own pixhawk based drone. I used these motors with the recommended 10""x4.5"" propellors and 30a PWM ESCs. The motors are decent work thus far are working great. The kit came with 2 clockwise and 2 counterclockwise motors. The motors have bullet connectors on the end which fit quite tightly with my ESCs. Overall I would highly recommend these motors if your trying to build a quad.","Reviewed in the United States on June 30, 2025"
RY56V5P8ISEQC,B075DD16LK,5.0,Great quality,"The video showcases the product in use.The video guides you through product setup.The video compares multiple products.The video shows the product being unpacked.
Video Player is loading.
Click to play video
Play
Mute
Current Time 0:00
/
Duration 0:28
Loaded: 21.45%
0:00
Stream Type LIVE
Seek to live, currently behind liveLIVE
Remaining Time -0:28
 
1x
Playback Rate
Chapters
Chapters
Descriptions
descriptions off, selected
Captions
Captions off, selected
English (Automated)
Audio Track
default, selected
Fullscreen
This is a modal window.
I love my new bright red motor. It has the power to lift a large drone I'm building with a 1045 prop and a 40amp esc (might be a little overkill), but the windings look nice and tight with a very thick wire that looks like it can hold a lot more current than it's rated for. Also, the bearings on the look great; they have a very smooth feel, and the casing is a thin light aluminum, which is ideal for people who like to fly their drone on the edge (it makes me feel better than saying crash a lot).","Reviewed in the United States on March 6, 2023"
RC044XZSLLSVM,B075DD16LK,4.0,Good enough and cheap if you are willing/know to overcome cheap solder job on connectors,"Motors are ok. I am using 4x of those for my X525 Frame with 10x45 props.

*BUT* Had to re-solder two motors connectors (total 4 connectors fixed), they came with a really bad solder job, I could tell whoever did the cut of the insulation prior to solder, also did cut 4 of 5 conductor threads. So those two motors had no ""punch"".

Made me lost maybe 4 hrs, after checking/recalibrating ESC's, Removing heat shrink (which by the way was correctly installed, hiding the problem)
After the solder job, Voila!

Honestly, I don't know if will order again, still mixed feelings, the motors have endured a pair of very ad crashes without any damage. Maybe luck ? Maybe they are sturdy?","Reviewed in the United States on June 30, 2018"
R3GILCBMP8EIVW,B075DD16LK,5.0,Great Customer Service after Receiving Bad Motor,"I have purchased this set of motors twice now. The first set went towards a 9"" quadcopter and those motors worked flawlessly. I especially appreciated that the motor shaft was very thick and so it never bends during any sort of crash. This did require me to drill out the hole in my prop, but well worth the extra durability in my opinion.

My second batch of motors wasn't as good, as one of the motors was dead on arrival. I did not use the motor until 2 months after my purchase, but I reached out to Readytosky through the Amazon Customer Service Chat and they send me a new replacement motor. The new motor arrived within a week of my notifying them of my issue, which was very nice. For additional information, the ad motor I received would not spin up fully when connected to a known-to-be-good ESC. It would start spinning slightly, but never go to the full speed as one would except. The replacement motor worked perfectly however.

All in all I think these motors are a pretty good deal, especially knowing that Readytosky will replace a faulty motor should you receive one.","Reviewed in the United States on November 3, 2021"
R3L1UNP3MJ2X6S,B075DD16LK,5.0,one defective but it was replaced quickly,"One of my motors came broken but the seller replaced it quickly. One thing to look out for is the propshaft is way too large for most propellers so you would have to use the same company's 1045 props. Also make sure you have your own screws because those arent supplied.
Otherwise, the motors deliver good power and are excellent quality. They worked well in my Eclipson Model A 3d printed plane which i crashed into many pieces","Reviewed in the United States on June 11, 2021"
RNM4IZ83WRB,B075DD16LK,1.0,Both the CW motors I received have bad bearings,"As with most hobby projects, one buys parts then finds the time to put things together. I also had bought these thinking they would have some kind of mfg. warranty. So here I find myself looking for support, none can be found other than dismantle the project and send them back for a refund. See the first sentence, no longer an option as the time has passed for a return. So, and no way to contact the manufacturer either, I would consider this a bad deal. I included a video that only shows one set. A CCW that sounds good and spins up as it should, the other is the CW, does not spin up on command properly and it rattles.","Reviewed in the United States on August 30, 2023"
R21YKTEBS8R43W,B075DD16LK,5.0,Quality Motors,"I have just set these up on my S500 frame and they are working nicely. I am using 1045 props right now but am looking forward to experimenting with other prop sizes to find the right balance that I am looking for. Just be aware that these are DJI keyed shafts so keep that in mind when choosing props. Overall, I am impressed with the quality in workmanship and definitely recommend these.","Reviewed in the United States on October 27, 2018"
RCKDD2NCM0P8C,B075DD16LK,5.0,Works as a replacement for phantom 2,"No complaints. I needed only one as a replacement. Works fine in custom px4 drone on phantom 2 base, I dont feel any difference between this and the original dji 2212","Reviewed in the United States on June 11, 2025"
R1FMZJWL0B5L1K,B0DT43FHC2,5.0,"Great entry point, doesn’t break the bank, and it’s educational","Easy to follow instructions. Each step comes with a numbered bag.
The flight control board is an all in one so there aren’t additional pieces making the assembly simple for beginners. The only available sockets on the FC are camera interface, obstacle avoidance, motors and a whole bunch of LEDs which limit future expansion but it’s a good start point to learn the basics on.
The booklet is very informative and educational for those new to the hobby.
The 3d printed parts aren’t fancy but they fit and function well. The frame can be modified or replaced easily due to the simplicity of the design.
The controller is just buttons soldered on a board and 3d printed joysticks.
It’s easy to fly but the controller isn’t comfortable.
No soldering required. Everything assembles with the included screw driver.
It’s easy to repair after crashes making this an awesome entry point into the hobby!
It’s great for kids or adults.","Reviewed in the United States on November 25, 2025"
R2IO5XDBRFKWC8,B0DT43FHC2,5.0,Works well and is very easy to assemble,This item arrived in an organized kit and was neatly presented with instructions. There are a lot of small screws and parts to keep track of so be sure to use a clean workspace. The frame seems durable and well made. This functions very well after taking some time to review the remote and commands. This unit works well but does succumb to wind at times. The cameras work well over the app and the lights make it easy to locate. Overall this is a fun and flight capable drone.,"Reviewed in the United States on October 23, 2025"
RGWC6DN5F7FDU,B0DT43FHC2,4.0,Good quality for the money.,I have yet to assemble but im pleased with the materials included.,"Reviewed in the United States on June 28, 2026"
R19YAD6HD6YR6O,B0DT43FHC2,5.0,Excellent quality for the price point,"The video showcases the product in use.The video guides you through product setup.The video compares multiple products.The video shows the product being unpacked.
Video Player is loading.
Click to play video
Play
Mute
Current Time 0:00
/
Duration 0:17
Loaded: 17.66%
0:00
Stream Type LIVE
Seek to live, currently behind liveLIVE
Remaining Time -0:17
 
1x
Playback Rate
Chapters
Chapters
Descriptions
descriptions off, selected
Captions
Captions off, selected
English
Audio Track
default, selected
Fullscreen
This is a modal window.
Excellent quality overall, especially for the price. A bit challenging for an 11 year old, but box says 14+ so not an issue.

Initial setup with both controller and iPhone app were really straightforward.

Location of some of the wires / screws in Images in instructions can be a little difficult to see, but overall the instructions provided are adequate.","Reviewed in the United States on May 28, 2026"
RA7X76C2V6ZIO,B0DT43FHC2,1.0,Fire hazard 🔥 be careful,"I got this product and my kid assembled it. However, after we inserted the battery 🔋, it started to heat up rapidly and caught fire! Luckily, I was right there and managed to put the fire out by removing the battery. The heat was so intense that the plastic connectors melted, and the wires detached from the board due to the solder melting.

I’m an electrical engineer, and I still can’t understand how this happened. Clearly, this product poses a serious safety and fire hazard for kids and the environment. That said, it’s an amazing educational tool to teach children about engineering, and I genuinely love the concept.

I hope the company can help me fix this issue and investigate what went wrong. I’d be happy to send them the entire unit for analysis.

I think there is some kind rapid short circuit somewhere.","Reviewed in the United States on October 27, 2025"
R1VIWY7N49C7I0,B0DT43FHC2,5.0,Great project drone.,Great customer service! Had an issue with one of the USB chargers shorting out and upon contacting customer service they made it right. Very fun and intuitive to build. Not a very fast or maneuverable drone but great for what it is. I would recommend for anyone wanting to build your own drone to learn a little about building one. It can take pictures and videos with the two included cameras.,"Reviewed in the United States on April 14, 2026"
R2SNE6CTPC392W,B0DT43FHC2,3.0,Drone,Difficult,"Reviewed in the United States on October 10, 2025"
RX71TTC9IENNA,B0DT43FHC2,5.0,I recommend assembling it using the video on Amazon.,"The package is very good. Send very fast. Working very well. I assembled it last night and couldn't tear myself away. It was really interesting. It worked right away, no problems. My grandchildren were absolutely delighted this morning. They really loved it. It works with both the remote control and the phone. Thanks a lot. I recommend it to everyone, it’s very reliable and won’t break.","Reviewed in the United States on July 29, 2026"
R1JF0DRTRH6FWH,B0F3BWZZSY,5.0,Great upgrade from analog to digital,"The video showcases the product in use.The video guides you through product setup.The video compares multiple products.The video shows the product being unpacked.
Video Player is loading.
Click to play video
Play
Mute
Current Time 0:00
/
Duration 0:08
Loaded: 75.07%
0:00
Stream Type LIVE
Seek to live, currently behind liveLIVE
Remaining Time -0:08
 
1x
Playback Rate
Chapters
Chapters
Descriptions
descriptions off, selected
Captions
Captions off, selected
English
Audio Track
default, selected
Fullscreen
This is a modal window.
The Caddx Avatar Pro Kit is an excellent digital FPV setup. Having previously owned the Avatar Moonlight and the Avatar 1S Lite Kit, I can confidently say this system delivers impressive performance. I installed it on a 3.5” cinewhoop that was originally analog, and it did not disappoint. The 1080p video recording and live feed through the goggles are exceptionally clear, and the color composition is outstanding—especially considering the price point. Overall, it’s a solid upgrade for anyone looking to move from analog to digital.","Reviewed in the United States on October 31, 2025"
R1AXHRATKUXGV6,B0F3BWZZSY,5.0,Love this Avatar Pro HD unit,"I like the Avatar Pro HD it has been very good. I got this as well as the Moonlight, Polar, and GT. All four have been really great of course this particular one is supposed to be the lowest end model. But if flying during the day is all you will be doing then I would say if financial matters mean a lot to you then this would definitely be the go to due to it being cheaper. But I got the GT for 40$ more and by far having the little fan on it alone makes it worth the 40 dollars. But that's a personal thing you may not care about that as much as I have. So I gave this a 5 star because compared to DJI I was able to go just as far and have just as good photos but most importantly the video is really good. I was really impressed","Reviewed in the United States on November 9, 2025"
R2ZQ2L21K7JUJ1,B0F3BWZZSY,5.0,Excellent camera and vtx,Excellent pov. Hopefully they keep making this line of product!,"Reviewed in the United States on July 17, 2026"
R1AS4FC2R651QA,B0F3BWZZSY,5.0,Super sleek and understated,"I've been wondering how to write a review for something so understated yet so amazing.

The packaging was great, and the VTX comes with all the cables you need, including a USB adapter cable you can attach and detach to pull content, update firmware, etc. Cabling to your flight controller is super easy—just power (with an excellent range of 6V-25.2V to accommodate all batteries), ground, TX, and RX. It offers multiple mounting configurations for different sized frames and includes two antennas to mount, and you're all set. That simple.

The VTX is small, thin, and overall very sleek. Pairing to the goggles was as simple as pressing a button on both the goggles and VTX—that's it. Picture quality is great, the camera is sturdy and fits as you would expect.

Overall, this is very straightforward to install and set up, and it works as expected with excellent picture quality. Highly recommended, especially for those looking for a replacement or new (and available) HD FPV system.

You can see from my images that the device is small and with clean wiring (ignore my RX). You can also see the detachable USB port that you connect when you want to access the device directly. When powered, it mounts on your PC or Mac as a drive.","Reviewed in the United States on November 3, 2025"
R10VI4ZV5G5NDB,B0F3BWZZSY,5.0,Worth it,If you aren't already invested in the competition this is a great alternative thats actually available in the US and isn't banned in any way. Love this vtx system. Once you figure it out it works pretty reliably. Its basically the android to their apple.,"Reviewed in the United States on April 7, 2026"
R304YDIDGAT7Z8,B0F3BWZZSY,1.0,Buy if you want to end up replacing it...,There is zero protection against static shock.. I've literally gone through tens of these things and I'm really sick of it. Even the slightest shock can fry it out. And there's no way to protect against it? I've had the same avatar GT1 about 2 months now and it hasn't gone out. But every time I get a pro it's fried after the first flight. The video is amazing. The range is perfect. The setup is the easiest process. But for god sakes it needs some sort of protection against static shock. Very disappointed in caddx for this waste of money.,"Reviewed in the United States on June 7, 2026"
R3M93T7MWVWOEQ,B0F3BWZZSY,4.0,Great air units,"The air units work great, Amazon driver delivered my kits to a wrong address But Amazon customer support did good by replacing the lost package.","Reviewed in the United States on January 1, 2026"
R5OSNL1WT9OXT,B0F3BWZZSY,5.0,Excellent high definition picture,"The camera/transmitter combo works well with the Walksnail goggles. Excellent clarity and transmission range of about 1000 ft at 700mw.
1. Connect a battery using the black and red wires on the transmitter harness. The other wires are for connecting to a flight controller typically found on multirotor drones. I am using mine on on a fixed wing rc aircraft and powering it from the 11.1v flight battery.
2. Without the transmitter cooling fan you must reduce transmit power to 25mw to prevent overheating when not flying otherwise you will get a transmitter overheat warning and risk burning out the transmitter. When ready for takeoff, increase the power and reduce to standby after landing.
3. Customer support by email was prompt and helpful.
4. I have completed dozens of flights as 1st person VR pilot. The unit has functioned flawlessly. Picture quality far exceeds any analog camera system I have used.
5. You can record exactly what you see in the headset on a micro SD card for playback on a computer or smartphone.","Reviewed in the United States on August 25, 2025"
R2VTJ13VHTL7EM,B0H12Y6W6J,5.0,Easy to use and effective at killing mosquitos,"Had an event coming up at my residence and was super worried about the mosquitos since its dead into the middle of the summer and we've had alot of rainfall. Considered citronella candles and torches but just wasnt sure if that would cover the area I needed so decided to go big and get this fogger. It's a super simple concept, mix some solution and pour into small tank, attach to those small green propane tanks and go spray the yard. I felt like one of those roadies at a concert doing the pyrotechnics, pushing smoke everywhere. I was worried I would get that stuff all up in my lungs so I put on a covid mask just to be safe. Well the next day I went out in the yard and amazingly enough no mosquito attacking me. Had the event and everyone was astonished that they weren't getting eaten up. Granted this is something you'll have to apply during an outside event but it was super affective and easy to use.","Reviewed in the United States on July 21, 2026"
R1L7Y1E56D10W9,B0H12Y6W6J,5.0,A Game-Changer for Mosquito Control Around the Property,"The video showcases the product in use.The video guides you through product setup.The video compares multiple products.The video shows the product being unpacked.
Video Player is loading.
Click to play video
Play
Mute
Current Time 0:00
/
Duration 0:09
Loaded: 33.37%
0:00
Stream Type LIVE
Seek to live, currently behind liveLIVE
Remaining Time -0:09
 
1x
Playback Rate
Chapters
Chapters
Descriptions
descriptions off, selected
Captions
Captions off, selected
English
Audio Track
default, selected
Fullscreen
This is a modal window.
Bye-bye, mosquitoes! This fogger has made a huge difference around my property. Once we got everything set up, I was finally able to enjoy spending time outside without constantly swatting bugs. If you live in an area where mosquitoes seem to own the place, this is well worth considering. Before using it, you'll need the proper supplies, including your preferred fogging insecticide, a butane canister, and appropriate safety gear like gloves and a mask. The fogger itself is very easy to operate, although I will mention one small frustration. The instructions are extremely focused on preventing clogs—which is obviously important—and they're printed everywhere from the manual to the side of the machine. However, they never clearly mention something as simple as pressing the ignition switch. We nearly overthought the whole process because we assumed we were missing something much more complicated.
Once it was running, I was genuinely impressed. The fogger produced excellent coverage, and one tank of solution went much farther than I expected, allowing me to treat a large portion of the property. Within a couple of days, the mosquito population had dropped dramatically, and I could finally walk around the yard without being eaten alive. It's now become a regular part of my property maintenance routine during mosquito season. The unit feels well-built, performs exactly as I hoped, and delivers excellent results when used correctly. For the price, it's one of the best investments I've made for outdoor comfort. Not only does it make the yard much more enjoyable, but it also helps reduce exposure to the mosquitoes and the diseases they can carry. If you have a large yard, garden, or acreage, this fogger is absolutely worth every penny.","Reviewed in the United States on June 29, 2026"
R26U26WWQ07S0A,B0H12Y6W6J,4.0,"Compact size, effective for my small backyard!","This certainly packs a punch for its size! It is lightweight, the tank is large enough to hold fuel for my entire backyard-its a small-medium size area and it still had some left to do my side yard before refilling. The size makes it easily portable and I honestly was so impressed with how well this worked. The smell wasnt overwhelming and dissipated relatively quicker than I expected. I have used this several times and it maintains its effectiveness and is overall well made and durable. Ill be able to use this for years to come. Totally worth the purchase!","Reviewed in the United States on July 27, 2026"
R31MWATRPIFIY9,B0H12Y6W6J,5.0,Good little fogger but strictly for light duty,"picked this up to deal with bugs around my garden and patio. It is incredibly light, right around two and a half pounds, so my arm does not get tired holding it for a half hour. It is basically a small butane fogger. The cleaning system is a nice touch because you just pump water through it when you are done to keep it from getting clogged up in storage.

The main thing to know before buying is that you have to be careful with what you put in it. You can only use inert oils to mix your chemicals. Do not use diesel or heavy fuel oils like you might with bigger thermal foggers, or it will ruin the machine and create a fire hazard. It is definitely made for precision backyard spraying rather than smoking out an entire acre. If you follow the directions and use the right mix, it works exactly how it should.

Pros:

- Super light and easy to hold
- Cleaning system keeps it from clogging
- Great for small yards and gardens

Cons:

- You cannot use diesel or thick oils
- Might be too small for huge properties","Reviewed in the United States on June 9, 2026"
R3AKZ6HE496ZF1,B0H12Y6W6J,5.0,Great for Small Gardens and Yard Maintenance,"This fogger is compact, lightweight, and easy to carry, making it much more manageable than larger units. Despite its smaller size, it delivers plenty of power and provides consistent coverage for outdoor gardening and yard maintenance tasks.

The tank holds a useful amount of solution, and I was able to cover my entire yard on a single fill. The fogger was easy to maneuver, allowed for precise application when needed, and also worked well for treating larger areas efficiently.

The construction feels sturdy, and the unit remains stable when set down between uses. Overall, this is a well designed fogger that combines portability, good capacity, and effective performance in a compact package.","Reviewed in the United States on June 16, 2026"
RTCS2DX2Z7BJI,B0H12Y6W6J,5.0,Portable Fogger with Solid Performance,"This fogger is lightweight, easy to carry, and simple to operate around the yard or garden. It produces a consistent fog pattern, making it useful for treating outdoor areas efficiently.

The overall construction feels sturdy, the controls are straightforward, and the compact size makes storage convenient. It's a well-built unit that offers excellent value.","Reviewed in the United States on July 3, 2026"
R1QZXOYE4FQDCW,B0H12Y6W6J,4.0,"Light duty fogger for ""precision applications""","This is a butane fogger, a ""thermal fogger"" that heats up the chemical you are spreading, mixed with an oil, to fog with fine droplets. The other type of thermal fogger is a propane fogger. And there are also cold foggers that don't use heat.

A propane fogger works by burning propane that heats up the chemical mixed into an inert oil, spreading the chemical droplets around.
A butene fogger, by my understanding, uses the butane (a much tamer fuel than propane) as an igniter to burn a flammable oil such as diesel, and most of the burning is done by the diesel. This may stink, but it can produce the finest droplets. Since diesel or other flammable fuel was burned, less of the butane is used -- compared to a propane fogger where the only thing burned is the propane. This was my understanding, and I think it's supported by various online videos and explanations.

Now when I read the instructions for the BY-200 Compact Fogger I am reviewing here, it said that only inert oil should be used. I checked this with the seller, and the seller replied ""You should not use diesel or fuel oil with the BY-200. This unit is designed for precision backyard and garden applications, and using diesel can create dangerous fire hazards, thick toxic smoke, and damage the internal components of this specific lightweight model.""

It seems a standard butane fogger to me and I don't know why its internal components would be more vulnerable to damage from burning diesel than others, but the seller does not approve that use of the fogger. So this butane fogger is designed for precision applications rather than spreading smoke around in a large area, as with most thermal foggers including butane foggers. If you use a flammable oil in the tank, it's at your own risk.

It seems to be a well made fogger, but it's approved only for limited use by the seller and according to the instructions. Thus I cannot go higher than four stars.","Reviewed in the United States on June 5, 2026"
R21JGISMOKSU9Y,B0H12Y6W6J,5.0,Works very good,"This is a very effective machine. The unit is small and easy to carry, but it puts out a strong, consistent fog that covers a good area. The tank size is enough for a long session, and the lightweight design makes it comfortable to use around the yard. The VectorClean system is also helpful because it keeps the unit running smoothly and simplifies cleanup.

For garden and backyard use, the fogger performs well and reaches corners without much effort. The stable base is a nice touch when you need to set it down. Overall, it is a solid, reliable fogger for outdoor work.

I am giving it 5 stars.","Reviewed in the United States on June 16, 2026"
R19QL7K9IF36EV,B0FBRH814N,5.0,Dron,"Excelente

Muy buen producto. Completamente recomendable","Reviewed in the United States on July 4, 2026"
RC3NM3Z8ZLPIX,B0FBRH814N,4.0,El F28 funciona muy bien- Pero No se venden baterias fuera de USA,"El drone funciona muy bien. Nunca había usado uno y me pareció simple manejarlo. IMPORTANTE: debes calibrar paso a paso antes de volar como indica el manual y todo será facil. Pero si tu quieres una batería extra, Contixo solo te la venderá en USA. El drone F28 se vende a todo el mundo, las baterias solo a USA.","Reviewed in the United States on June 18, 2026"
R10OBJ7KQWOHN1,B0FBRH814N,5.0,A Great Drone for Me and the Girls,"I picked up this Contixo drone to have some fun outside with my two daughters, who are 11 and 13. I wasn't looking to become a professional photographer, just wanted something that worked well and wouldn't be a huge waste of money. I'm giving it a full five stars because it hits that sweet spot perfectly and has been a ton of fun for all of us.
The best thing about this drone is the GPS. The ""return to home"" feature is fantastic. If the girls fly it too far or we get nervous, one button brings it right back to where it took off. That feature alone takes a lot of the stress out of flying. It's also surprisingly stable in a light breeze, which I credit to the brushless motors. It feels like a solid piece of equipment, not a flimsy toy. The fact that it folds up and fits into its own sturdy carrying case is a huge plus, and not needing to register it with the FAA saved me a headache.
As for dislikes, the 2K camera is just okay. It's clear enough for us to get some cool shots of the house and the backyard, but you won't be filming any nature documentaries with it. The video quality is decent for the price, but not mind-blowing. Also, getting the app on my phone synced up took a minute; my daughters, of course, had it figured out instantly.
For the price, this drone is an excellent value. It’s a major step up from the cheap drones you see in toy stores, but it doesn't have the intimidating price tag of the high-end models. It’s the perfect machine for a dad who just wants to get outside and make some cool memories with his kids. It does exactly what I wanted it to do, and we've had a blast with it.","Reviewed in the United States on July 31, 2025"
R3MDOUHZNB5OGO,B0FBRH814N,3.0,"Good for beginners, photo quality lacking","Well, it’s a drone. This is the first drone I’ve ever owned. Flies well and the build quality seems fine. My only complaint is the camera. In 2025 for $150 I’d expect better photo and video quality. The quality is similar to a 2008 Motorola Razr cell phone. Good for kids or beginners (like me) but by my second flight I was already wishing for better photo quality. if you plan to use it for taking actual pictures then I think you’d be disappointed.","Reviewed in the United States on November 29, 2025"
R11PP5RXUC376G,B0FBRH814N,5.0,Decent starter drone,"This is definitely a decent starter drone. Has a 2K Camera which is a nice start. It's small, lightweight and portable, and gets a decent ~25 or so minutes of flight time with its battery life. Easy to setup and get going with, and as long as you don't have high winds you'll get some good use out of it especially! Be careful around power lines!","Reviewed in the United States on November 25, 2025"
R1XTZ2VOWDIF8Y,B0FBRH814N,4.0,Good and fun entry level drone,"Wasn't sure what to expect, but honestly, it's been great and allowed me to look at all ends of my property. It sets up quick and easy. App is a little clunky but once you get it down it's manageable. Drone flight is fairly smooth and easy to control. Flight time is less than I'd like but at this price point I'm not surprised. The image quality is not the best, that's for sure, but it allowed me to see what I wanted to. All in all, I'm pleasantly surprised by this. Again, not without its faults, but you're not spending 1000s here.","Reviewed in the United States on December 18, 2025"
R2UGQRG6BS9308,B0FBRH814N,2.0,It's not particularly good at anything,"I've flown super high end camera quadcopters to 100+ mph racing quadcopters so I have a lot of experience in this realm. Granted those two are a bit off the spectrum, I also use another, more middle of the road $400 camera quadcopter for basic video stuff. They all have their place, every price point and use case. This one, on the other hand, doesn't really fit into any place at all. It isn't really good at any of the things that it is designed to do.

To start, the camera is terrible. It's very red-washed and has very little in the way of color reproduction. Everything is very, very red and not in the warm color tone kind of way, but it's like the camera is broken. Everything's some sort of pinkish variation of what it actually is in real life. It is just an incredibly bad camera that sacrifices everything that actually matters in order to put a bigger number in the resolution field of the marketing material.

The software that runs the quadcopter needs serious tuning. Going from a stop to moving is fine, but going from moving to stopping is a wild experience. Instead of gracefully slowing down this thing yanks in the opposite direction rapidly and it makes it hard to fly. It also cannot tolerate light wind as most others do, it is as if it is incredibly over-tuned and overcorrects for everything. It's very jittery and jarring overall.

The smart phone side of the software is also similar in that it is super jank. You don't connect to it via the software, you have to back out of it, connect to the quadcopter's wifi hotspot, come back to the app and patiently wait for it to connect and pray it works the first time otherwise you will be restarting the process a few times over as I have to do every single time. If you're lucky enough to get it connected you have to say another prayer that the video feed comes in with it because 50% of the time it does connect it has no video and you have to start the process again... again. It's an endless loop.

Once it does connect most of the important things are easy to get to: flight modes, flight settings, camera settings, etc. That is all fairly straightforward, but despite the app automatically formatting the SD card no videos or pictures actually show up on the SD card. I recorded a handful of videos to demonstrate the issues I was having with it and I have not been able to get a single one to any device, be it my phone or my computer. I tried it with a 32GB and 64GB SD card, both in good working order, to no avail. They show up on the device, but not on the card and that is the only way to transfer them.

The quadcopter and transmitter are also super cheap. The plastic is terrible quality, creaky and feel horrible in the hand. The transmitter is extremely top heavy with the phone installed into it and it is incredibly uncomfortable to use. The only support you have for the bottom half of it is two little legs that fold out and they are constantly digging into your fingers with the weight of the phone pushing up from the weight of it pulling down at the top.

I don't know. It's cool - if any of it worked even remotely ""okay"" it would be a viable option. A $150 camera quadcopter that isn't just actual e-waste, but decent enough to mess around with it would be fine, but it's just really bad at everything. I grabbed this with the sole intention of having a cheap one on hand for looking for lost model airplanes and not being out a ton of money should the quadcopter get lost, but it is such a pain to use I almost feel better off just spending the time I would trying to get this to work walking the field.

This is a cheap toy at best and an outright scam at worst. I'll give it two stars for coming in a nice case.","Reviewed in the United States on July 20, 2025"
R2A0KTPPX5LBQO,B0FBRH814N,5.0,Excellent affordable drone,"Fantastic picture quality on the camera in this price range. Beat my expectations.

The 2k camera has a strong fisheye lense, and can take remote pictures or record 2k videos to an SD card - mobile phone videos are limited to 1080p. The gimbal on the drone works wonders, and keeps the picture so stable.

There is just one battery included, with a supposed flight time of 26 minutes, and a charge time of 3 hours. The battery is built specifically for this drone. Its a consideration, when you travel. I was able to take 4 flights out of a battery charge, and still have decent capacity left.

Downsides include: The remote is extremely noisy, beeping and playing melodies for every press of a button. As if that is not enough, the APP takes loud snapshot pictures, and announces in broken chinese-english any takeoffs and landings. Pressing the return home button is a true beeping fest. Very annoying, and not compatible with all types of settings.

The included case is excellent, but the landing pad is useless, as the drone easily blows it away","Reviewed in the United States on July 22, 2025"
R1XWL5JO41WKZM,B0H7XP64D3,5.0,Practical Introduction to Thermal Drone Inspections,"Drone Thermography for Beginners 2026: The Practical Field Guide to Thermal Drone Inspections, Solar Panels, Roofs, Image Interpretation, Field Workflows, and Professional Reports is a hands-on guide that introduces the fundamentals of using thermal drones for inspection work. I liked that it explains the entire workflow—from planning flights and capturing thermal images to interpreting results and preparing professional reports—in a clear, beginner-friendly format.

Overall, it’s a valuable resource for aspiring drone pilots, inspectors, and technicians who want to develop practical skills in drone thermography. With its emphasis on real-world applications, image interpretation, and systematic field procedures, the book provides a solid foundation for those interested in thermal inspections of solar panels, roofs, buildings, and other infrastructure.","Reviewed in the United States on August 1, 2026"
R2K2HI5D64LUBL,B0H7XP64D3,5.0,Drone thermography,This book help beginners understand more about drone. It is very easy to with clear guidance and all you need to know as a beginner about drones.,"Reviewed in the United States on July 29, 2026"
R3QSIAUHRMQ0DP,B0H7XP64D3,5.0,Drone Thermography,"Drone Thermography is a practical and informative guide that explains key concepts in a clear, easy-to-understand way. It's a valuable tool for both beginners and experienced drone professionals looking to expand their knowledge and confidence in drone thermography.","Reviewed in the United States on July 15, 2026"
R1RQ7EN25FKFG,B0H7XP64D3,5.0,Drone Thermography for beginners 2026,If you are a beginner and knows nothing about Drone Thermography then this book is definitely for you. It takes you through the entire process step by step.,"Reviewed in the United States on July 18, 2026"
R2RUYPSOQ7RQFD,B0H7XP64D3,5.0,Drone Thermography for Beginners,"This is a problem-solution for beginners no fluff, current software positioned as the hands-on guide for people who want to make money or do better inspections. serious money-making potential","Reviewed in the United States on July 15, 2026"
R12ZLXBW6FL3XB,B0H7XP64D3,5.0,Drones to the rescue!,"Drones are a popular new technology that has major benefits. These benefits include seeing things without being seen. For example, a thermal drone can pick up heat from living things. This must read will show you just how to use this technology most efficiently and effectively. It’s a great read and definitely something I recommend. Check it out today!","Reviewed in the United States on July 28, 2026"
R1TKIY7UL9VSV7,B0H7XP64D3,5.0,Drone,"This book outlines a lot of what you are missing. It’s more than just flying or sky view. A really good read, I was surprised with how it helped and directed you to what will provide with training.","Reviewed in the United States on July 16, 2026"
R3E7T6GXGHG6EP,B0H7XP64D3,5.0,Amazing book 👌,"The book is very interesting
even though it's not a manual for drone but as you read it you'll understand more about drone","Reviewed in the United States on July 13, 2026"
